expansion_id,repository,title,url,candidate_primary_failure,tfidf_linear_svm_prediction,tfidf_logistic_prediction,bigram_tfidf_logistic_prediction,naive_bayes_prediction,bm25_knn_prediction,vote_prediction,vote_count,vote_margin,vote_confidence,human_gold_status
EGNF1000-0001-826741eb,pytorch/pytorch,Choose rounding mode when casting to dtype,https://github.com/pytorch/pytorch/issues/175409,precision_tolerance,dtype_casting,dtype_casting,dtype_casting,dtype_casting,dtype_casting,dtype_casting,5,4,high,suggestion_only_not_gold
EGNF1000-0002-1b0c5bb2,jax-ml/jax,larger integer matrix multiplies are > 20x slower versus floats.,https://github.com/jax-ml/jax/issues/17688,precision_tolerance,dtype_casting,dtype_casting,dtype_casting,dtype_casting,dtype_casting,dtype_casting,5,4,high,suggestion_only_not_gold
EGNF1000-0003-eb21dbc8,jax-ml/jax,jax.lax.scan crashes on GPU when jax_default_matmul_precision is set to any non-default value,https://github.com/jax-ml/jax/issues/34917,precision_tolerance,dtype_casting,dtype_casting,dtype_casting,dtype_casting,dtype_casting,dtype_casting,5,4,high,suggestion_only_not_gold
EGNF1000-0004-8fe6db28,jax-ml/jax,Failed to determine best cudnn convolution algorithm/No GPU/TPU found,https://github.com/jax-ml/jax/issues/8746,precision_tolerance,dtype_casting,dtype_casting,dtype_casting,dtype_casting,dtype_casting,dtype_casting,5,4,high,suggestion_only_not_gold
EGNF1000-0005-5aa71e10,pytorch/pytorch,Torch nightly rocm6.4 pytorch-triton-rocm requirement mismatch,https://github.com/pytorch/pytorch/issues/167411,precision_tolerance,precision_tolerance,dtype_casting,dtype_casting,nan_inf,overflow_underflow,precision_tolerance,2,0,low,suggestion_only_not_gold
EGNF1000-0006-eaab8dd2,pytorch/pytorch,[Inconsistency] TorchInductor produces incorrect result for aten.hardswish_backward followed by aten.add,https://github.com/pytorch/pytorch/issues/173054,precision_tolerance,dtype_casting,dtype_casting,dtype_casting,dtype_casting,dtype_casting,dtype_casting,5,4,high,suggestion_only_not_gold
EGNF1000-0007-c9f0f664,triton-lang/triton,MatMul and blocksparse matmul incorrect precision in some shape.,https://github.com/triton-lang/triton/issues/1808,precision_tolerance,dtype_casting,dtype_casting,dtype_casting,dtype_casting,dtype_casting,dtype_casting,5,4,high,suggestion_only_not_gold
EGNF1000-0008-27d07bc0,triton-lang/triton,Unexpected FP32 inaccuracy in simple consecutive dot (q @ k.T @ v),https://github.com/triton-lang/triton/issues/8407,precision_tolerance,dtype_casting,dtype_casting,dtype_casting,dtype_casting,dtype_casting,dtype_casting,5,4,high,suggestion_only_not_gold
EGNF1000-0009-39f6b041,jax-ml/jax,Finite precision error calculations always 0 under JIT with bfloat16,https://github.com/jax-ml/jax/issues/23007,precision_tolerance,dtype_casting,dtype_casting,dtype_casting,dtype_casting,dtype_casting,dtype_casting,5,4,high,suggestion_only_not_gold
EGNF1000-0010-2e91f962,cupy/cupy,ndimage.correlate does not support `mode='grid-constant'`,https://github.com/cupy/cupy/issues/8404,precision_tolerance,overflow_underflow,dtype_casting,dtype_casting,overflow_underflow,dtype_casting,dtype_casting,3,1,medium,suggestion_only_not_gold
EGNF1000-0011-4ba5974e,numba/numba,Numba installation scripts exhibit a race condition during parallel builds,https://github.com/numba/numba/issues/7063,crash_compile,precision_tolerance,dtype_casting,dtype_casting,precision_tolerance,precision_tolerance,precision_tolerance,3,1,medium,suggestion_only_not_gold
EGNF1000-0012-0d4ce1cb,triton-lang/triton,Stream-k matmul implementation very slow mostly because of if/else inside for loop,https://github.com/triton-lang/triton/issues/1393,precision_tolerance,dtype_casting,dtype_casting,dtype_casting,dtype_casting,dtype_casting,dtype_casting,5,4,high,suggestion_only_not_gold
EGNF1000-0013-d2c6a7d8,triton-lang/triton,int8 x bfloat16 matmul tests fail on 4090s due to numerical error,https://github.com/triton-lang/triton/issues/4113,precision_tolerance,dtype_casting,dtype_casting,dtype_casting,dtype_casting,dtype_casting,dtype_casting,5,4,high,suggestion_only_not_gold
EGNF1000-0014-b3a408a2,jax-ml/jax,JAX is not finding cuDNN even though it is on LD_LIBRARY_PATH,https://github.com/jax-ml/jax/issues/12461,precision_tolerance,dtype_casting,dtype_casting,dtype_casting,dtype_casting,dtype_casting,dtype_casting,5,4,high,suggestion_only_not_gold
EGNF1000-0015-981238c6,jax-ml/jax,jnp.cumsum is incorrect when sharding over summing axis on GPUs,https://github.com/jax-ml/jax/issues/21403,precision_tolerance,dtype_casting,dtype_casting,dtype_casting,dtype_casting,dtype_casting,dtype_casting,5,4,high,suggestion_only_not_gold
EGNF1000-0016-55789c66,jax-ml/jax,jax.scipy.special.hyp1f1 unstable where scipy.special.hyp1f1 is not,https://github.com/jax-ml/jax/issues/21503,precision_tolerance,dtype_casting,dtype_casting,dtype_casting,not_numerical_failure,dtype_casting,dtype_casting,4,3,medium,suggestion_only_not_gold
EGNF1000-0017-d48c4d74,jax-ml/jax,Passing `DeviceLocalLayout` to `jax.jit` causes incorrect outputs on GPU,https://github.com/jax-ml/jax/issues/23100,precision_tolerance,dtype_casting,dtype_casting,dtype_casting,dtype_casting,dtype_casting,dtype_casting,5,4,high,suggestion_only_not_gold
EGNF1000-0018-c1d7a214,jax-ml/jax,[Pallas GPU] `jnp.abs()` gives the wrong result,https://github.com/jax-ml/jax/issues/23191,precision_tolerance,dtype_casting,dtype_casting,dtype_casting,dtype_casting,dtype_casting,dtype_casting,5,4,high,suggestion_only_not_gold
EGNF1000-0019-cef0461a,jax-ml/jax,BiCGStab Breakdown on GPU due to Order of Operations (not observed on CPU),https://github.com/jax-ml/jax/issues/32978,precision_tolerance,dtype_casting,dtype_casting,dtype_casting,dtype_casting,dtype_casting,dtype_casting,5,4,high,suggestion_only_not_gold
EGNF1000-0020-b0121c48,jax-ml/jax,Segmentation fault after upgrading to CUDA 13,https://github.com/jax-ml/jax/issues/34696,precision_tolerance,dtype_casting,dtype_casting,dtype_casting,dtype_casting,dtype_casting,dtype_casting,5,4,high,suggestion_only_not_gold
EGNF1000-0021-abc8c483,pytorch/pytorch,[inductor] [cpu] [[silence] `nn.ConvTranspose2d-F.dropout` and `nn.Conv2d-F.dropout` outputs inconsistent results with eager,https://github.com/pytorch/pytorch/issues/148061,precision_tolerance,dtype_casting,dtype_casting,dtype_casting,dtype_casting,not_numerical_failure,dtype_casting,4,3,medium,suggestion_only_not_gold
EGNF1000-0022-00d89d9d,pytorch/pytorch,[inductor] [cpu] [silent incorrectness] `nn.LazyConvTranspose2d-torch.randn-F.linear-torch.argmax` output incorrect results on CPU inductor,https://github.com/pytorch/pytorch/issues/151525,precision_tolerance,dtype_casting,dtype_casting,dtype_casting,dtype_casting,not_numerical_failure,dtype_casting,4,3,medium,suggestion_only_not_gold
EGNF1000-0023-c9a13367,pytorch/pytorch,[Flex Flash] Track down why different strided closures,https://github.com/pytorch/pytorch/issues/166789,precision_tolerance,dtype_casting,dtype_casting,dtype_casting,dtype_casting,dtype_casting,dtype_casting,5,4,high,suggestion_only_not_gold
EGNF1000-0024-88501746,rapidsai/cudf,[BUG] Unable to retrieve `Decimal` types correctly when read via `pandas.read_parquet`,https://github.com/rapidsai/cudf/issues/10172,precision_tolerance,dtype_casting,dtype_casting,dtype_casting,dtype_casting,dtype_casting,dtype_casting,5,4,high,suggestion_only_not_gold
EGNF1000-0025-e36488c5,rapidsai/cudf,[BUG]CUDA_ERROR_NO_DEVICE,https://github.com/rapidsai/cudf/issues/14343,crash_compile,dtype_casting,dtype_casting,dtype_casting,dtype_casting,not_numerical_failure,dtype_casting,4,3,medium,suggestion_only_not_gold
EGNF1000-0026-e5001a98,rapidsai/cudf,[BUG] Performance regression in cuDF after #14679,https://github.com/rapidsai/cudf/issues/14886,performance_only,dtype_casting,dtype_casting,dtype_casting,overflow_underflow,dtype_casting,dtype_casting,4,3,medium,suggestion_only_not_gold
EGNF1000-0027-217eae8d,rapidsai/cudf,[BUG] Rolling window aggregations are very slow with large windows,https://github.com/rapidsai/cudf/issues/15119,performance_only,dtype_casting,dtype_casting,dtype_casting,not_numerical_failure,dtype_casting,dtype_casting,4,3,medium,suggestion_only_not_gold
EGNF1000-0028-3ed20a82,rapidsai/cudf,[BUG] Consider disabling managed memory in cudf.pandas on WSL2,https://github.com/rapidsai/cudf/issues/16551,performance_only,dtype_casting,dtype_casting,dtype_casting,dtype_casting,dtype_casting,dtype_casting,5,4,high,suggestion_only_not_gold
EGNF1000-0029-4273c759,rapidsai/cudf,[QST] Potential I/O Performance Improvement with cuFile Buffer Registration?,https://github.com/rapidsai/cudf/issues/18309,performance_only,dtype_casting,dtype_casting,dtype_casting,performance_only,dtype_casting,dtype_casting,4,2,medium,suggestion_only_not_gold
EGNF1000-0030-26ec4481,rapidsai/cudf,[BUG]: apply_rows with Numba CUDA Kernel for Boolean Output Inconsistently Returns False for True Conditions,https://github.com/rapidsai/cudf/issues/19169,precision_tolerance,dtype_casting,dtype_casting,dtype_casting,dtype_casting,dtype_casting,dtype_casting,5,4,high,suggestion_only_not_gold
EGNF1000-0031-590758a3,rapidsai/cudf,[FEA] Add object-oriented APIs for semi/anti join and rework contains,https://github.com/rapidsai/cudf/issues/19205,performance_only,nan_inf,dtype_casting,dtype_casting,dtype_casting,dtype_casting,dtype_casting,4,3,medium,suggestion_only_not_gold
EGNF1000-0032-bf859131,rapidsai/cudf,[BUG] df.dtypes --> moves DataFrame to CPU,https://github.com/rapidsai/cudf/issues/19620,precision_tolerance,dtype_casting,dtype_casting,dtype_casting,dtype_casting,dtype_casting,dtype_casting,5,4,high,suggestion_only_not_gold
EGNF1000-0033-6ea50f60,rapidsai/cudf,CUDA reductions should have independent input and output types,https://github.com/rapidsai/cudf/issues/446,precision_tolerance,dtype_casting,dtype_casting,dtype_casting,dtype_casting,dtype_casting,dtype_casting,5,4,high,suggestion_only_not_gold
EGNF1000-0034-fbd5bace,rapidsai/cudf,[BUG] cudf.read_csv doesn't detect byte order mark (BOM) at start of file.,https://github.com/rapidsai/cudf/issues/5694,precision_tolerance,dtype_casting,dtype_casting,dtype_casting,dtype_casting,dtype_casting,dtype_casting,5,4,high,suggestion_only_not_gold
EGNF1000-0035-7561deab,rapidsai/cudf,"[BUG] to_parquet using ""cudf"" engine fails",https://github.com/rapidsai/cudf/issues/7074,precision_tolerance,dtype_casting,dtype_casting,dtype_casting,not_numerical_failure,dtype_casting,dtype_casting,4,3,medium,suggestion_only_not_gold
EGNF1000-0036-976dc271,rapidsai/cudf,[BUG] Groupby does not automatically promote type,https://github.com/rapidsai/cudf/issues/894,precision_tolerance,dtype_casting,dtype_casting,dtype_casting,nan_inf,dtype_casting,dtype_casting,4,3,medium,suggestion_only_not_gold
EGNF1000-0037-2f2ce685,rapidsai/cudf,[BUG] GPU-accelerated file reads fail  on WSL2,https://github.com/rapidsai/cudf/issues/9861,performance_only,dtype_casting,dtype_casting,dtype_casting,dtype_casting,dtype_casting,dtype_casting,5,4,high,suggestion_only_not_gold
EGNF1000-0038-ba2db306,rapidsai/cudf,[BUG] containsRe intermittently returns incorrect result for simple octal digit pattern,https://github.com/rapidsai/cudf/issues/9946,precision_tolerance,dtype_casting,dtype_casting,dtype_casting,precision_tolerance,nan_inf,dtype_casting,3,1,medium,suggestion_only_not_gold
EGNF1000-0039-535fe63b,triton-lang/triton,FP8 GEMM implemented with triton is slower on Ada (SM89),https://github.com/triton-lang/triton/issues/5583,precision_tolerance,overflow_underflow,overflow_underflow,overflow_underflow,overflow_underflow,dtype_casting,overflow_underflow,4,3,medium,suggestion_only_not_gold
EGNF1000-0040-0db06f30,triton-lang/triton,Matmul tutorial code failed on odd sizes with FP16 inputs,https://github.com/triton-lang/triton/issues/5990,precision_tolerance,dtype_casting,dtype_casting,dtype_casting,dtype_casting,dtype_casting,dtype_casting,5,4,high,suggestion_only_not_gold
EGNF1000-0041-9da7e0b6,pytorch/pytorch,`torch.compile` produces wrong results for `fractional_max_pool2d` when `_random_samples` is not provided,https://github.com/pytorch/pytorch/issues/183249,precision_tolerance,dtype_casting,dtype_casting,dtype_casting,dtype_casting,dtype_casting,dtype_casting,5,4,high,suggestion_only_not_gold
EGNF1000-0042-a7264095,triton-lang/triton,06-fused-attention.py has precision problem in torch==2.3.0 but works well in torch==2.1.0,https://github.com/triton-lang/triton/issues/4019,precision_tolerance,dtype_casting,dtype_casting,dtype_casting,dtype_casting,dtype_casting,dtype_casting,5,4,high,suggestion_only_not_gold
EGNF1000-0043-e1a6a41c,triton-lang/triton,Failure when running on cluster,https://github.com/triton-lang/triton/issues/1509,precision_tolerance,dtype_casting,dtype_casting,dtype_casting,dtype_casting,dtype_casting,dtype_casting,5,4,high,suggestion_only_not_gold
EGNF1000-0044-040651e9,pytorch/pytorch,[inductor/aot_eager] interpolate under torch.compile produces incorrect result when mode is `nearest`,https://github.com/pytorch/pytorch/issues/175154,precision_tolerance,nan_inf,dtype_casting,dtype_casting,dtype_casting,precision_tolerance,dtype_casting,3,1,medium,suggestion_only_not_gold
EGNF1000-0045-698df6d9,cupy/cupy,[Tracker] Fix signature mismatch with NumPy/SciPy,https://github.com/cupy/cupy/issues/6693,precision_tolerance,dtype_casting,dtype_casting,dtype_casting,dtype_casting,dtype_casting,dtype_casting,5,4,high,suggestion_only_not_gold
EGNF1000-0046-95ebf0e6,cupy/cupy,Revisit the splitting of the ufunc & ElementwiseKernel machineries,https://github.com/cupy/cupy/issues/9586,precision_tolerance,dtype_casting,dtype_casting,dtype_casting,overflow_underflow,crash_compile,dtype_casting,3,2,medium,suggestion_only_not_gold
EGNF1000-0047-dc43f9bb,numba/numba,CUDA JIT errors when multiple signatures provided,https://github.com/numba/numba/issues/3226,precision_tolerance,dtype_casting,dtype_casting,dtype_casting,dtype_casting,dtype_casting,dtype_casting,5,4,high,suggestion_only_not_gold
EGNF1000-0048-cae04f17,numba/numba,help diagnosing a GPU performance issue,https://github.com/numba/numba/issues/4647,precision_tolerance,dtype_casting,dtype_casting,dtype_casting,dtype_casting,dtype_casting,dtype_casting,5,4,high,suggestion_only_not_gold
EGNF1000-0049-22d467df,numba/numba,I have a question about half precision float support in numba cuda,https://github.com/numba/numba/issues/4670,precision_tolerance,dtype_casting,dtype_casting,dtype_casting,dtype_casting,dtype_casting,dtype_casting,5,4,high,suggestion_only_not_gold
EGNF1000-0050-7d6af292,numba/numba,OSError: exception: access violation reading ... in nvvm.py,https://github.com/numba/numba/issues/4783,crash_compile,dtype_casting,dtype_casting,dtype_casting,dtype_casting,dtype_casting,dtype_casting,5,4,high,suggestion_only_not_gold
EGNF1000-0051-5eeebfe9,numba/numba,CUDA malloc. Fatal Python error: Aborted,https://github.com/numba/numba/issues/4833,crash_compile,dtype_casting,dtype_casting,dtype_casting,dtype_casting,dtype_casting,dtype_casting,5,4,high,suggestion_only_not_gold
EGNF1000-0052-382601ef,numba/numba,Strides of transposes differ between CUDA target and Numpy,https://github.com/numba/numba/issues/4974,crash_compile,dtype_casting,dtype_casting,dtype_casting,dtype_casting,dtype_casting,dtype_casting,5,4,high,suggestion_only_not_gold
EGNF1000-0053-ff555c52,numba/numba,"Intel TBB is required, no threading layer could be loaded, however TBB is already installed",https://github.com/numba/numba/issues/5982,crash_compile,dtype_casting,dtype_casting,dtype_casting,dtype_casting,precision_tolerance,dtype_casting,4,3,medium,suggestion_only_not_gold
EGNF1000-0054-622e4ce6,numba/numba,use of @jit and @njit makes function execute with false output,https://github.com/numba/numba/issues/6247,precision_tolerance,dtype_casting,dtype_casting,dtype_casting,dtype_casting,dtype_casting,dtype_casting,5,4,high,suggestion_only_not_gold
EGNF1000-0055-b43608f4,numba/numba,Silently incorrect compilation involving nested functions and asserts,https://github.com/numba/numba/issues/7916,crash_compile,not_numerical_failure,dtype_casting,dtype_casting,dtype_casting,nan_inf,dtype_casting,3,2,medium,suggestion_only_not_gold
EGNF1000-0056-8dd09989,numba/numba,CUDA; Need to handle incorrect `CUDA_HOME` more gracefully,https://github.com/numba/numba/issues/9241,crash_compile,dtype_casting,dtype_casting,dtype_casting,overflow_underflow,overflow_underflow,dtype_casting,3,1,medium,suggestion_only_not_gold
EGNF1000-0057-5814ed26,numba/numba,Pass NULL pointer for cffi.FFI().from_buffer(empty array),https://github.com/numba/numba/issues/9654,crash_compile,dtype_casting,dtype_casting,dtype_casting,dtype_casting,dtype_casting,dtype_casting,5,4,high,suggestion_only_not_gold
EGNF1000-0058-f1557d82,pytorch/pytorch,RPC + DDP VRAM overflow to rank 0 GPU.,https://github.com/pytorch/pytorch/issues/124204,overflow_underflow,overflow_underflow,overflow_underflow,dtype_casting,overflow_underflow,dtype_casting,overflow_underflow,4,2,medium,suggestion_only_not_gold
EGNF1000-0059-187cc5bb,pytorch/pytorch,[Inductor] Triton convolution template produces incorrect results for non-1x1 kernels,https://github.com/pytorch/pytorch/issues/173068,precision_tolerance,not_numerical_failure,dtype_casting,dtype_casting,dtype_casting,dtype_casting,dtype_casting,4,3,medium,suggestion_only_not_gold
EGNF1000-0060-80037eb7,jax-ml/jax,Edge behavior in `jax.scipy.special.betainc`,https://github.com/jax-ml/jax/issues/21900,nan_inf,not_numerical_failure,not_numerical_failure,not_numerical_failure,not_numerical_failure,dtype_casting,not_numerical_failure,4,3,medium,suggestion_only_not_gold
EGNF1000-0061-2755f60a,pytorch/pytorch,Tolerance setting for test_modules.py -- TestModuleCUDA.test_cpu_cuda_parity,https://github.com/pytorch/pytorch/issues/122287,precision_tolerance,dtype_casting,dtype_casting,dtype_casting,nan_inf,overflow_underflow,dtype_casting,3,2,medium,suggestion_only_not_gold
EGNF1000-0062-a7bfcaae,pytorch/pytorch,ROCm MI300 (gfx942): native segfault in mixed-precision BatchNorm2d backward,https://github.com/pytorch/pytorch/issues/182988,precision_tolerance,dtype_casting,dtype_casting,dtype_casting,precision_tolerance,precision_tolerance,dtype_casting,3,0,medium,suggestion_only_not_gold
EGNF1000-0063-5bf9c164,pytorch/pytorch,[Inductor][CPU] test_linear_thread_factors produces incorrect results with k-slicing on AVX2,https://github.com/pytorch/pytorch/issues/180739,precision_tolerance,dtype_casting,dtype_casting,dtype_casting,dtype_casting,dtype_casting,dtype_casting,5,4,high,suggestion_only_not_gold
EGNF1000-0064-b38df00f,triton-lang/triton,[Bug] Wrong results from while-loop with mixed int32/bfloat16 arithmetic,https://github.com/triton-lang/triton/issues/9963,precision_tolerance,nan_inf,dtype_casting,dtype_casting,dtype_casting,dtype_casting,dtype_casting,4,3,medium,suggestion_only_not_gold
EGNF1000-0065-7250b315,jax-ml/jax,Improved docs for (default) matmul precision,https://github.com/jax-ml/jax/issues/10413,precision_tolerance,dtype_casting,dtype_casting,dtype_casting,dtype_casting,dtype_casting,dtype_casting,5,4,high,suggestion_only_not_gold
EGNF1000-0066-0a4de68c,jax-ml/jax,Intercepted XLA runtime error .,https://github.com/jax-ml/jax/issues/17399,crash_compile,dtype_casting,dtype_casting,dtype_casting,dtype_casting,dtype_casting,dtype_casting,5,4,high,suggestion_only_not_gold
EGNF1000-0067-0c1078e8,jax-ml/jax,Improve precision of 32-bit `gammaln`?,https://github.com/jax-ml/jax/issues/21284,precision_tolerance,dtype_casting,dtype_casting,dtype_casting,dtype_casting,overflow_underflow,dtype_casting,4,3,medium,suggestion_only_not_gold
EGNF1000-0068-9a00b143,jax-ml/jax,jaxlib.xla_extension.XlaRuntimeError: INTERNAL: ptxas exited with non-zero error code 11,https://github.com/jax-ml/jax/issues/21621,crash_compile,dtype_casting,dtype_casting,dtype_casting,overflow_underflow,dtype_casting,dtype_casting,4,3,medium,suggestion_only_not_gold
EGNF1000-0069-d4922426,jax-ml/jax,NVIDIA Jetson Orin Nano: no kernel image is available for execution on the device,https://github.com/jax-ml/jax/issues/22723,crash_compile,dtype_casting,dtype_casting,dtype_casting,dtype_casting,dtype_casting,dtype_casting,5,4,high,suggestion_only_not_gold
EGNF1000-0070-2c3822f5,jax-ml/jax,[Pallas TPU] `jnp.uint32` comparisons give the wrong result with large numbers,https://github.com/jax-ml/jax/issues/23972,precision_tolerance,dtype_casting,dtype_casting,dtype_casting,dtype_casting,dtype_casting,dtype_casting,5,4,high,suggestion_only_not_gold
EGNF1000-0071-629a5f1b,jax-ml/jax,jax.jit produces incorrect results vs eager execution on CPU,https://github.com/jax-ml/jax/issues/36619,precision_tolerance,dtype_casting,dtype_casting,dtype_casting,not_numerical_failure,dtype_casting,dtype_casting,4,3,medium,suggestion_only_not_gold
EGNF1000-0072-fcf6e526,pytorch/pytorch,Severe differences between outputs of Linear with DTensor and Tensor in half precision,https://github.com/pytorch/pytorch/issues/160911,precision_tolerance,dtype_casting,dtype_casting,dtype_casting,dtype_casting,nan_inf,dtype_casting,4,3,medium,suggestion_only_not_gold
EGNF1000-0073-b5f1f900,jax-ml/jax,Wrong result when Jitting a function,https://github.com/jax-ml/jax/issues/23866,precision_tolerance,dtype_casting,dtype_casting,dtype_casting,dtype_casting,overflow_underflow,dtype_casting,4,3,medium,suggestion_only_not_gold
EGNF1000-0074-52e0b286,jax-ml/jax,jax reported a 'Segmentation fault' error for backend_compile in compiler.py,https://github.com/jax-ml/jax/issues/29139,crash_compile,overflow_underflow,dtype_casting,dtype_casting,overflow_underflow,dtype_casting,dtype_casting,3,1,medium,suggestion_only_not_gold
EGNF1000-0075-b0f32f45,jax-ml/jax,mixed precision is disallowed in 0.7.1,https://github.com/jax-ml/jax/issues/32148,precision_tolerance,dtype_casting,dtype_casting,dtype_casting,dtype_casting,dtype_casting,dtype_casting,5,4,high,suggestion_only_not_gold
EGNF1000-0076-d51cfae4,jax-ml/jax,Performance of index_update on GPU with complex double data type,https://github.com/jax-ml/jax/issues/4115,precision_tolerance,dtype_casting,dtype_casting,dtype_casting,dtype_casting,dtype_casting,dtype_casting,5,4,high,suggestion_only_not_gold
EGNF1000-0077-f00ad38d,pytorch/pytorch,"torch.fmin with CUDA out=int16 casts inputs before computation, producing incorrect result",https://github.com/pytorch/pytorch/issues/183391,precision_tolerance,dtype_casting,dtype_casting,dtype_casting,nan_inf,dtype_casting,dtype_casting,4,3,medium,suggestion_only_not_gold
EGNF1000-0078-502547c7,pytorch/pytorch,simple matrix multiplication yields wrong result on Ampere (3080),https://github.com/pytorch/pytorch/issues/55355,precision_tolerance,overflow_underflow,overflow_underflow,overflow_underflow,overflow_underflow,nan_inf,overflow_underflow,4,3,medium,suggestion_only_not_gold
EGNF1000-0079-8f24c94d,pytorch/pytorch,torch.cross precision problem,https://github.com/pytorch/pytorch/issues/65050,precision_tolerance,dtype_casting,dtype_casting,dtype_casting,nan_inf,nan_inf,dtype_casting,3,1,medium,suggestion_only_not_gold
EGNF1000-0080-cc181a14,rapidsai/cuml,GridSearchCV GPU Implemetation,https://github.com/rapidsai/cuml/issues/5722,precision_tolerance,dtype_casting,dtype_casting,dtype_casting,nan_inf,nan_inf,dtype_casting,3,1,medium,suggestion_only_not_gold
EGNF1000-0081-cff7477c,rapidsai/cuml,[DOC] Better example of dask.neighbors in README,https://github.com/rapidsai/cuml/issues/5850,crash_compile,dtype_casting,dtype_casting,dtype_casting,dtype_casting,not_numerical_failure,dtype_casting,4,3,medium,suggestion_only_not_gold
EGNF1000-0082-68c4178d,rapidsai/cuml,[CI] test_serialize fails with strides mismatch for float16 arrays,https://github.com/rapidsai/cuml/issues/7443,precision_tolerance,dtype_casting,dtype_casting,dtype_casting,dtype_casting,dtype_casting,dtype_casting,5,4,high,suggestion_only_not_gold
EGNF1000-0083-fcb73630,apache/tvm,[Bug]: Semantically equivalent ONNX graphs produce inconsistent ReduceMean results on CPU in TVM 0.9.0,https://github.com/apache/tvm/issues/18895,precision_tolerance,dtype_casting,dtype_casting,dtype_casting,nan_inf,dtype_casting,dtype_casting,4,3,medium,suggestion_only_not_gold
EGNF1000-0084-ef6358a8,jax-ml/jax,truncated_normal can't handle extreme bounds,https://github.com/jax-ml/jax/issues/10951,precision_tolerance,dtype_casting,dtype_casting,dtype_casting,dtype_casting,not_numerical_failure,dtype_casting,4,3,medium,suggestion_only_not_gold
EGNF1000-0085-ce351663,jax-ml/jax,Latest JAX `0.4.24` does not detect GPUs,https://github.com/jax-ml/jax/issues/20133,crash_compile,dtype_casting,dtype_casting,dtype_casting,dtype_casting,dtype_casting,dtype_casting,5,4,high,suggestion_only_not_gold
EGNF1000-0086-255536d7,jax-ml/jax,`jax.lax.DotAlgorithm` generates an unnecessary conversion on H100,https://github.com/jax-ml/jax/issues/24794,precision_tolerance,dtype_casting,dtype_casting,dtype_casting,dtype_casting,dtype_casting,dtype_casting,5,4,high,suggestion_only_not_gold
EGNF1000-0087-5b75c955,jax-ml/jax,`pad` gives wrong results version>=0.4.36,https://github.com/jax-ml/jax/issues/26888,precision_tolerance,nan_inf,dtype_casting,dtype_casting,nan_inf,dtype_casting,dtype_casting,3,1,medium,suggestion_only_not_gold
EGNF1000-0088-e01d1fe8,jax-ml/jax,Lower Precision Grad Reduction,https://github.com/jax-ml/jax/issues/27496,precision_tolerance,dtype_casting,dtype_casting,dtype_casting,dtype_casting,dtype_casting,dtype_casting,5,4,high,suggestion_only_not_gold
EGNF1000-0089-53faf55e,jax-ml/jax,RuntimeError: Unable to initialize backend 'cuda': FAILED_PRECONDITION: No visible GPU devices.,https://github.com/jax-ml/jax/issues/28980,crash_compile,dtype_casting,dtype_casting,dtype_casting,dtype_casting,dtype_casting,dtype_casting,5,4,high,suggestion_only_not_gold
EGNF1000-0090-d779697d,jax-ml/jax,jaxlib 0.6.2 (CUDA 12) fails to start: “Unable to load cuSPARSE” → falls back to CPU,https://github.com/jax-ml/jax/issues/30050,crash_compile,dtype_casting,dtype_casting,dtype_casting,dtype_casting,dtype_casting,dtype_casting,5,4,high,suggestion_only_not_gold
EGNF1000-0091-86c53ca1,jax-ml/jax,Inconsistent Reduction precision in backwards computation,https://github.com/jax-ml/jax/issues/30310,precision_tolerance,dtype_casting,dtype_casting,dtype_casting,dtype_casting,dtype_casting,dtype_casting,5,4,high,suggestion_only_not_gold
EGNF1000-0092-1b5195e6,jax-ml/jax,conv_general_dilated assertion on reverse mode autodiff,https://github.com/jax-ml/jax/issues/31592,precision_tolerance,dtype_casting,dtype_casting,dtype_casting,dtype_casting,dtype_casting,dtype_casting,5,4,high,suggestion_only_not_gold
EGNF1000-0093-b3699032,jax-ml/jax,"XLA GPU autotune state bug: No valid config found for Triton GEMM after prior GEMM execution (RTX 4090, JAX/jaxlib 0.9.0)",https://github.com/jax-ml/jax/issues/35515,precision_tolerance,dtype_casting,dtype_casting,dtype_casting,dtype_casting,dtype_casting,dtype_casting,5,4,high,suggestion_only_not_gold
EGNF1000-0094-f151c642,pytorch/pytorch,"torch.export + torch.onnx.export(dynamo=True) gives incorrect results for scatter_reduce_(reduce=""mean"")",https://github.com/pytorch/pytorch/issues/175738,precision_tolerance,dtype_casting,dtype_casting,dtype_casting,nan_inf,dtype_casting,dtype_casting,4,3,medium,suggestion_only_not_gold
EGNF1000-0095-ca4951e3,rapidsai/cudf,[FEA] Parquet reader should use LogicalType rather than ConvertedType,https://github.com/rapidsai/cudf/issues/15224,precision_tolerance,dtype_casting,dtype_casting,dtype_casting,not_numerical_failure,dtype_casting,dtype_casting,4,3,medium,suggestion_only_not_gold
EGNF1000-0096-4e705f69,rapidsai/cudf,[FEA] Add Float 16 support to RAPIDS cudf,https://github.com/rapidsai/cudf/issues/5770,precision_tolerance,dtype_casting,dtype_casting,dtype_casting,dtype_casting,dtype_casting,dtype_casting,5,4,high,suggestion_only_not_gold
EGNF1000-0097-665207ff,rapidsai/cuml,Document datatype detection (Was: Dataframes with dtype = np.float64 give incorrect results),https://github.com/rapidsai/cuml/issues/59,precision_tolerance,dtype_casting,dtype_casting,dtype_casting,dtype_casting,dtype_casting,dtype_casting,5,4,high,suggestion_only_not_gold
EGNF1000-0098-0b441c95,rapidsai/cuml,Deprecate and remove `convert_dtype` kwarg,https://github.com/rapidsai/cuml/issues/7646,precision_tolerance,dtype_casting,dtype_casting,dtype_casting,dtype_casting,overflow_underflow,dtype_casting,4,3,medium,suggestion_only_not_gold
EGNF1000-0099-b1c28b95,rapidsai/cuml,[CI] Improve logging for cases that might cause mid-run failures,https://github.com/rapidsai/cuml/issues/7964,performance_only,dtype_casting,dtype_casting,dtype_casting,dtype_casting,dtype_casting,dtype_casting,5,4,high,suggestion_only_not_gold
EGNF1000-0100-af518d93,jax-ml/jax,jax.numpy.insert returning incorrect results wen jitted on Metal,https://github.com/jax-ml/jax/issues/20918,precision_tolerance,dtype_casting,dtype_casting,dtype_casting,dtype_casting,dtype_casting,dtype_casting,5,4,high,suggestion_only_not_gold
EGNF1000-0101-3c140f79,jax-ml/jax,expi(x) returns incorrect value when jit disabled,https://github.com/jax-ml/jax/issues/27019,precision_tolerance,dtype_casting,dtype_casting,dtype_casting,dtype_casting,not_numerical_failure,dtype_casting,4,3,medium,suggestion_only_not_gold
EGNF1000-0102-eaef1724,jax-ml/jax,[CUDA] jax.lax.linalg.eigh outputs nan for complex128 matrix,https://github.com/jax-ml/jax/issues/32641,nan_inf,nan_inf,dtype_casting,dtype_casting,nan_inf,nan_inf,nan_inf,4,2,medium,suggestion_only_not_gold
EGNF1000-0103-fa08c277,jax-ml/jax,jnp.sum of all-True boolean array returns wrong result under jax.jit on GPU,https://github.com/jax-ml/jax/issues/35762,precision_tolerance,dtype_casting,dtype_casting,dtype_casting,dtype_casting,nan_inf,dtype_casting,4,3,medium,suggestion_only_not_gold
EGNF1000-0104-1beb105a,jax-ml/jax,Pallas Kernel with reshape + indexing gives incorrect result on TPU (but correct in Interpret Mode),https://github.com/jax-ml/jax/issues/36287,precision_tolerance,dtype_casting,dtype_casting,dtype_casting,dtype_casting,dtype_casting,dtype_casting,5,4,high,suggestion_only_not_gold
EGNF1000-0105-6cff3661,jax-ml/jax,cuSolver internal error. jax problems on gpu mode. everything works with cpu mode,https://github.com/jax-ml/jax/issues/8916,crash_compile,dtype_casting,dtype_casting,dtype_casting,overflow_underflow,dtype_casting,dtype_casting,4,3,medium,suggestion_only_not_gold
EGNF1000-0106-f14b9a6d,pytorch/pytorch,[Bug] Big difference between the output of Conv float precision and double precision,https://github.com/pytorch/pytorch/issues/115610,precision_tolerance,dtype_casting,dtype_casting,dtype_casting,dtype_casting,dtype_casting,dtype_casting,5,4,high,suggestion_only_not_gold
EGNF1000-0107-aef61170,pytorch/pytorch,overflow in `torch.quantize_per_tensor`,https://github.com/pytorch/pytorch/issues/137468,overflow_underflow,nan_inf,dtype_casting,dtype_casting,overflow_underflow,overflow_underflow,overflow_underflow,3,1,medium,suggestion_only_not_gold
EGNF1000-0108-d1ce6d4d,pytorch/pytorch,DISABLED test_remove_noop_view_dtype_cuda (__main__.GPUTests),https://github.com/pytorch/pytorch/issues/151541,performance_only,dtype_casting,dtype_casting,dtype_casting,dtype_casting,dtype_casting,dtype_casting,5,4,high,suggestion_only_not_gold
EGNF1000-0109-745a5793,pytorch/pytorch,Ctx or at least Thread level switch for fp32 IEEE precision tolerance,https://github.com/pytorch/pytorch/issues/165741,precision_tolerance,dtype_casting,dtype_casting,dtype_casting,dtype_casting,overflow_underflow,dtype_casting,4,3,medium,suggestion_only_not_gold
EGNF1000-0110-cf498ed3,pytorch/pytorch,[inductor] torch.compile on CPU produces incorrect result when applying `logit` on sliced tensor with specific shape,https://github.com/pytorch/pytorch/issues/177839,precision_tolerance,dtype_casting,dtype_casting,dtype_casting,dtype_casting,dtype_casting,dtype_casting,5,4,high,suggestion_only_not_gold
EGNF1000-0111-ee04c963,rapidsai/cuml,[BUG] RF Regressor score function returns wrong results while using CumlArray,https://github.com/rapidsai/cuml/issues/1828,precision_tolerance,dtype_casting,dtype_casting,dtype_casting,precision_tolerance,nan_inf,dtype_casting,3,1,medium,suggestion_only_not_gold
EGNF1000-0112-8dd81b48,rapidsai/cuml,[BUG] Intermittent test failure for test_train_cpu_infer_gpu with Lasso,https://github.com/rapidsai/cuml/issues/5298,precision_tolerance,dtype_casting,dtype_casting,dtype_casting,not_numerical_failure,dtype_casting,dtype_casting,4,3,medium,suggestion_only_not_gold
EGNF1000-0113-9ce782f4,triton-lang/triton,Incorrect tl.dot / matmul result on RTX 3090 with Triton 3.6.0 for fp16 GEMM,https://github.com/triton-lang/triton/issues/9830,precision_tolerance,dtype_casting,dtype_casting,dtype_casting,dtype_casting,dtype_casting,dtype_casting,5,4,high,suggestion_only_not_gold
EGNF1000-0114-aeea4c0d,jax-ml/jax,Can't build jaxlib in GH200,https://github.com/jax-ml/jax/issues/21299,crash_compile,dtype_casting,dtype_casting,dtype_casting,not_numerical_failure,nan_inf,dtype_casting,3,2,medium,suggestion_only_not_gold
EGNF1000-0115-2951f2ce,jax-ml/jax,[pallas] Add support for the new algorithm option to dot,https://github.com/jax-ml/jax/issues/23926,precision_tolerance,dtype_casting,dtype_casting,dtype_casting,dtype_casting,dtype_casting,dtype_casting,5,4,high,suggestion_only_not_gold
EGNF1000-0116-050cd426,jax-ml/jax,Pallas `matmul` doesn't match `jnp.matmul` with `interpret=True`,https://github.com/jax-ml/jax/issues/26684,precision_tolerance,dtype_casting,dtype_casting,dtype_casting,dtype_casting,dtype_casting,dtype_casting,5,4,high,suggestion_only_not_gold
EGNF1000-0117-32d9d460,jax-ml/jax,Results do not match the reference. This is likely a bug/unexpected loss of precision.,https://github.com/jax-ml/jax/issues/27188,precision_tolerance,dtype_casting,dtype_casting,dtype_casting,dtype_casting,dtype_casting,dtype_casting,5,4,high,suggestion_only_not_gold
EGNF1000-0118-62c4145c,jax-ml/jax,`scatter_determinism_expander` is incompatible with 64-bit precision,https://github.com/jax-ml/jax/issues/27324,precision_tolerance,dtype_casting,dtype_casting,dtype_casting,dtype_casting,dtype_casting,dtype_casting,5,4,high,suggestion_only_not_gold
EGNF1000-0119-0aec2777,jax-ml/jax,xla_gpu_deterministic_ops=true breaks simple indexing in jax,https://github.com/jax-ml/jax/issues/27796,precision_tolerance,dtype_casting,dtype_casting,dtype_casting,dtype_casting,overflow_underflow,dtype_casting,4,3,medium,suggestion_only_not_gold
EGNF1000-0120-ebe1e750,jax-ml/jax,Unsupported conversion from f8E4M3FN to bf16 with rounding mode rtne,https://github.com/jax-ml/jax/issues/28416,precision_tolerance,dtype_casting,dtype_casting,dtype_casting,dtype_casting,dtype_casting,dtype_casting,5,4,high,suggestion_only_not_gold
EGNF1000-0121-fd8f6638,jax-ml/jax,dot_product_attention is non-deterministic across sequence lengths: different KV-cache sizes produce different XLA reduction trees,https://github.com/jax-ml/jax/issues/36570,precision_tolerance,dtype_casting,dtype_casting,dtype_casting,dtype_casting,dtype_casting,dtype_casting,5,4,high,suggestion_only_not_gold
EGNF1000-0122-ee7dddaf,pytorch/pytorch,Low GPU precision,https://github.com/pytorch/pytorch/issues/129649,precision_tolerance,precision_tolerance,dtype_casting,dtype_casting,nan_inf,nan_inf,precision_tolerance,2,0,low,suggestion_only_not_gold
EGNF1000-0123-336e3c0c,pytorch/pytorch,Enabling GPU mixed precision algorithms,https://github.com/pytorch/pytorch/issues/132940,precision_tolerance,overflow_underflow,dtype_casting,dtype_casting,overflow_underflow,overflow_underflow,overflow_underflow,3,1,medium,suggestion_only_not_gold
EGNF1000-0124-a79cd9fb,pytorch/pytorch,"[MPS][Inductor] AdaptiveMaxPool{1,2}d produces incorrect results (numerical correctness)",https://github.com/pytorch/pytorch/issues/169738,crash_compile,precision_tolerance,dtype_casting,dtype_casting,dtype_casting,dtype_casting,dtype_casting,4,3,medium,suggestion_only_not_gold
EGNF1000-0125-37d90078,pytorch/pytorch,Silently incorrect results for torch.arange + Inductor,https://github.com/pytorch/pytorch/issues/175966,overflow_underflow,dtype_casting,dtype_casting,dtype_casting,dtype_casting,dtype_casting,dtype_casting,5,4,high,suggestion_only_not_gold
EGNF1000-0126-aff4b1ad,pytorch/pytorch,torch.linspace with integer dtype produces inconsistent results on CPU and CUDA,https://github.com/pytorch/pytorch/issues/181807,precision_tolerance,dtype_casting,dtype_casting,dtype_casting,dtype_casting,dtype_casting,dtype_casting,5,4,high,suggestion_only_not_gold
EGNF1000-0127-fe39b706,pytorch/pytorch,Gloo scatter gives wrong result for stride != 1,https://github.com/pytorch/pytorch/issues/24836,precision_tolerance,dtype_casting,dtype_casting,dtype_casting,nan_inf,nan_inf,dtype_casting,3,1,medium,suggestion_only_not_gold
EGNF1000-0128-c4b85693,pytorch/pytorch,`bmm` will return wrong result on cpu with in-place,https://github.com/pytorch/pytorch/issues/87551,precision_tolerance,dtype_casting,dtype_casting,dtype_casting,nan_inf,precision_tolerance,dtype_casting,3,1,medium,suggestion_only_not_gold
EGNF1000-0129-4493c892,rapidsai/cudf,[BUG] CharacterNormalizer make special token lower case,https://github.com/rapidsai/cudf/issues/20236,crash_compile,not_numerical_failure,not_numerical_failure,dtype_casting,not_numerical_failure,nan_inf,not_numerical_failure,3,2,medium,suggestion_only_not_gold
EGNF1000-0130-3ad67db1,rapidsai/cuml,[FEA] Model precision with precision_score,https://github.com/rapidsai/cuml/issues/1522,precision_tolerance,dtype_casting,dtype_casting,dtype_casting,dtype_casting,dtype_casting,dtype_casting,5,4,high,suggestion_only_not_gold
EGNF1000-0131-b0cd3006,rapidsai/cuml,[BUG] TSNE fit function is suddenly crashed when the dataset is large.,https://github.com/rapidsai/cuml/issues/1753,crash_compile,overflow_underflow,dtype_casting,dtype_casting,nan_inf,dtype_casting,dtype_casting,3,2,medium,suggestion_only_not_gold
EGNF1000-0132-1fb8e891,rapidsai/cuml,[BUG] Received unsupported input type: <class 'dask_cudf.core.DataFrame'> when doing cuml_model.predict(X_test_dask) on Google Colab,https://github.com/rapidsai/cuml/issues/3050,crash_compile,dtype_casting,dtype_casting,dtype_casting,dtype_casting,dtype_casting,dtype_casting,5,4,high,suggestion_only_not_gold
EGNF1000-0133-cd4f25c0,rapidsai/cuml,[BUG] (Very) sporadic `BatchedMatrixTests` failure in CI,https://github.com/rapidsai/cuml/issues/3652,precision_tolerance,dtype_casting,dtype_casting,dtype_casting,nan_inf,nan_inf,dtype_casting,3,1,medium,suggestion_only_not_gold
EGNF1000-0134-8159bca3,rapidsai/cuml,[BUG] Occasional adjusted_rand_index CI failure in gtests,https://github.com/rapidsai/cuml/issues/3660,precision_tolerance,dtype_casting,dtype_casting,dtype_casting,not_numerical_failure,dtype_casting,dtype_casting,4,3,medium,suggestion_only_not_gold
EGNF1000-0135-5827b23a,rapidsai/cuml,[QST] Building from branch-21.12 from source runs into an issue with opg files,https://github.com/rapidsai/cuml/issues/4612,crash_compile,dtype_casting,dtype_casting,dtype_casting,dtype_casting,not_numerical_failure,dtype_casting,4,3,medium,suggestion_only_not_gold
EGNF1000-0136-2ef133f8,rapidsai/cuml,[BUG] Always bad_alloc: out_of_memory when fit large numpy array.,https://github.com/rapidsai/cuml/issues/5291,crash_compile,nan_inf,dtype_casting,dtype_casting,overflow_underflow,nan_inf,nan_inf,2,0,low,suggestion_only_not_gold
EGNF1000-0137-aaa29350,rapidsai/cuml,[BUG] `import torch` + `cuml.NearestNeighbors` leads to nondeterministic segfault during Python process exit,https://github.com/rapidsai/cuml/issues/5343,precision_tolerance,dtype_casting,dtype_casting,dtype_casting,dtype_casting,dtype_casting,dtype_casting,5,4,high,suggestion_only_not_gold
EGNF1000-0138-efb20d0f,rapidsai/cuml,[BUG] DBSCAN.fit: 'pylibraft.common.handle.Handle' object has no attribute 'sync',https://github.com/rapidsai/cuml/issues/5800,crash_compile,dtype_casting,dtype_casting,dtype_casting,dtype_casting,not_numerical_failure,dtype_casting,4,3,medium,suggestion_only_not_gold
EGNF1000-0139-5e05ba2a,rapidsai/cuml,[BUG]Unexpectedly High Forecast Values in Batch Prediction with cuML's Auto ARIMA,https://github.com/rapidsai/cuml/issues/5838,crash_compile,dtype_casting,dtype_casting,dtype_casting,dtype_casting,dtype_casting,dtype_casting,5,4,high,suggestion_only_not_gold
EGNF1000-0140-31b25ae4,rapidsai/cuml,[BUG] `UMAP` creates many `std::bad_alloc` errors when being tested in scikit-learn compatibility test suite,https://github.com/rapidsai/cuml/issues/7068,crash_compile,dtype_casting,dtype_casting,dtype_casting,dtype_casting,dtype_casting,dtype_casting,5,4,high,suggestion_only_not_gold
EGNF1000-0141-f6683046,rapidsai/cuml,Avoid Hard-Coded Values in SHAP Tests,https://github.com/rapidsai/cuml/issues/7474,precision_tolerance,dtype_casting,dtype_casting,dtype_casting,dtype_casting,dtype_casting,dtype_casting,5,4,high,suggestion_only_not_gold
EGNF1000-0142-99d920bb,rapidsai/cuml,[CI] Flaky tolerance check of `test_multi_component_layout_precomputed`,https://github.com/rapidsai/cuml/issues/7970,precision_tolerance,dtype_casting,dtype_casting,dtype_casting,dtype_casting,dtype_casting,dtype_casting,5,4,high,suggestion_only_not_gold
EGNF1000-0143-ee9f43a3,triton-lang/triton,Incorrect results for chained `tl.dot` with small block sizes,https://github.com/triton-lang/triton/issues/1162,precision_tolerance,dtype_casting,dtype_casting,dtype_casting,dtype_casting,dtype_casting,dtype_casting,5,4,high,suggestion_only_not_gold
EGNF1000-0144-e076834a,triton-lang/triton,Iterate For Loop In Reverse Order Generates Silent Wrong Result,https://github.com/triton-lang/triton/issues/1517,precision_tolerance,overflow_underflow,dtype_casting,dtype_casting,nan_inf,dtype_casting,dtype_casting,3,2,medium,suggestion_only_not_gold
EGNF1000-0145-d3904de0,triton-lang/triton,A precision problem in continuous computation(Mul and Add),https://github.com/triton-lang/triton/issues/1578,precision_tolerance,nan_inf,dtype_casting,dtype_casting,dtype_casting,dtype_casting,dtype_casting,4,3,medium,suggestion_only_not_gold
EGNF1000-0146-0136a9da,triton-lang/triton,Matmul kernel precision mismatch,https://github.com/triton-lang/triton/issues/6265,precision_tolerance,dtype_casting,dtype_casting,dtype_casting,nan_inf,dtype_casting,dtype_casting,4,3,medium,suggestion_only_not_gold
EGNF1000-0147-e140a93c,triton-lang/triton,Bad performance in InfoNCE loss between triton vs pytorch implementation,https://github.com/triton-lang/triton/issues/6605,precision_tolerance,dtype_casting,dtype_casting,dtype_casting,dtype_casting,nan_inf,dtype_casting,4,3,medium,suggestion_only_not_gold
EGNF1000-0148-123ed6e8,triton-lang/triton,[Question] Incorrect results when using inline_asm_elementwise for cvt.rs to E4M3 (all outputs become 0.0),https://github.com/triton-lang/triton/issues/8822,precision_tolerance,dtype_casting,dtype_casting,dtype_casting,dtype_casting,dtype_casting,dtype_casting,5,4,high,suggestion_only_not_gold
EGNF1000-0149-68b797b7,triton-lang/triton,[Bug] Loop-carried variable type error when reassigning constexpr-specialized values,https://github.com/triton-lang/triton/issues/9547,precision_tolerance,dtype_casting,dtype_casting,dtype_casting,dtype_casting,dtype_casting,dtype_casting,5,4,high,suggestion_only_not_gold
EGNF1000-0150-be49dbc5,apache/tvm,[Bug] Wrong Result by nn.Dense and relay.Constant with TensorRT,https://github.com/apache/tvm/issues/14947,precision_tolerance,dtype_casting,dtype_casting,dtype_casting,dtype_casting,dtype_casting,dtype_casting,5,4,high,suggestion_only_not_gold
EGNF1000-0151-750fdaaa,apache/tvm,[Bug]: Semantically equivalent ONNX graphs produce inconsistent Sin and Tan results on CPU in TVM 0.9.0,https://github.com/apache/tvm/issues/18899,precision_tolerance,dtype_casting,dtype_casting,dtype_casting,nan_inf,nan_inf,dtype_casting,3,1,medium,suggestion_only_not_gold
EGNF1000-0152-fa2c68a4,apache/tvm,[Bug]: Semantically equivalent ONNX graphs produce inconsistent Add results on CPU in TVM 0.9.0,https://github.com/apache/tvm/issues/18900,precision_tolerance,dtype_casting,dtype_casting,dtype_casting,nan_inf,dtype_casting,dtype_casting,4,3,medium,suggestion_only_not_gold
EGNF1000-0153-ba831728,apache/tvm,[Bug]: Semantically equivalent ONNX graphs produce inconsistent Sin/ReduceSum results on CPU in TVM 0.9.0,https://github.com/apache/tvm/issues/18901,precision_tolerance,dtype_casting,dtype_casting,dtype_casting,nan_inf,dtype_casting,dtype_casting,4,3,medium,suggestion_only_not_gold
EGNF1000-0154-b1a349ae,apache/tvm,[Bug] :Semantically equivalent ONNX graphs produce inconsistent concat outputs on CPU in TVM 0.9.0,https://github.com/apache/tvm/issues/18902,precision_tolerance,dtype_casting,dtype_casting,dtype_casting,nan_inf,dtype_casting,dtype_casting,4,3,medium,suggestion_only_not_gold
EGNF1000-0155-2844368f,jax-ml/jax,Unable to run jax on gpu,https://github.com/jax-ml/jax/issues/13758,crash_compile,dtype_casting,dtype_casting,dtype_casting,dtype_casting,dtype_casting,dtype_casting,5,4,high,suggestion_only_not_gold
EGNF1000-0156-d2110ac0,jax-ml/jax,triton_autotuner: Rounding modifier required for instruction 'cvt',https://github.com/jax-ml/jax/issues/15900,precision_tolerance,dtype_casting,dtype_casting,dtype_casting,overflow_underflow,overflow_underflow,dtype_casting,3,1,medium,suggestion_only_not_gold
EGNF1000-0157-5c235314,jax-ml/jax,document why jnp.arange (like np.arange) is unsafe with `step`,https://github.com/jax-ml/jax/issues/17723,precision_tolerance,dtype_casting,dtype_casting,dtype_casting,dtype_casting,dtype_casting,dtype_casting,5,4,high,suggestion_only_not_gold
EGNF1000-0158-2c5a0cd1,jax-ml/jax,Test failures: numerical error in`tests/qdwh_test.py::QdwhTest::testQdwhWithOnRankDeficientInput5`,https://github.com/jax-ml/jax/issues/18535,precision_tolerance,dtype_casting,dtype_casting,dtype_casting,overflow_underflow,overflow_underflow,dtype_casting,3,1,medium,suggestion_only_not_gold
EGNF1000-0159-9576c169,jax-ml/jax,Human readable `as_text` for `jax.stages.Compiled` / `HloModule`,https://github.com/jax-ml/jax/issues/22270,precision_tolerance,dtype_casting,dtype_casting,dtype_casting,overflow_underflow,dtype_casting,dtype_casting,4,3,medium,suggestion_only_not_gold
EGNF1000-0160-8b91e2be,jax-ml/jax,"Disentangle ""jax_enable_x64"" and default dtype",https://github.com/jax-ml/jax/issues/22688,precision_tolerance,dtype_casting,dtype_casting,dtype_casting,dtype_casting,dtype_casting,dtype_casting,5,4,high,suggestion_only_not_gold
EGNF1000-0161-6f0b8aab,jax-ml/jax,Wrong results on CPU since 0.4.32,https://github.com/jax-ml/jax/issues/23590,precision_tolerance,dtype_casting,dtype_casting,dtype_casting,dtype_casting,dtype_casting,dtype_casting,5,4,high,suggestion_only_not_gold
EGNF1000-0162-d35b43dd,jax-ml/jax,"jax.lax.linalg.lu returns LU factorisation for singular matrix, jax.scipy.linalg.lu_solve silently returns spurious result in 32bit",https://github.com/jax-ml/jax/issues/23626,precision_tolerance,dtype_casting,dtype_casting,dtype_casting,dtype_casting,not_numerical_failure,dtype_casting,4,3,medium,suggestion_only_not_gold
EGNF1000-0163-68492a2b,jax-ml/jax,argmax returns incorrect result for input containing -0.0 (JAX),https://github.com/jax-ml/jax/issues/24281,precision_tolerance,dtype_casting,dtype_casting,dtype_casting,dtype_casting,nan_inf,dtype_casting,4,3,medium,suggestion_only_not_gold
EGNF1000-0164-ba448281,jax-ml/jax,Issue with scan + custom_vjp where backward pass is in higher precision than forward pass,https://github.com/jax-ml/jax/issues/27144,precision_tolerance,dtype_casting,dtype_casting,dtype_casting,dtype_casting,dtype_casting,dtype_casting,5,4,high,suggestion_only_not_gold
EGNF1000-0165-cdf21b30,jax-ml/jax,"Segfault during scan function (jax 5.2, nvidia -drivers 570, cuda 12.8)",https://github.com/jax-ml/jax/issues/27235,crash_compile,dtype_casting,dtype_casting,dtype_casting,overflow_underflow,overflow_underflow,dtype_casting,3,1,medium,suggestion_only_not_gold
EGNF1000-0166-b67c222e,jax-ml/jax,Gamma variate gradients don't seem to pass check_grads,https://github.com/jax-ml/jax/issues/27349,precision_tolerance,dtype_casting,dtype_casting,dtype_casting,dtype_casting,dtype_casting,dtype_casting,5,4,high,suggestion_only_not_gold
EGNF1000-0167-d25003af,jax-ml/jax,test_cg_against_scipy_shape with preconditioner=random fails with a large mismatch with a different seed,https://github.com/jax-ml/jax/issues/2951,precision_tolerance,dtype_casting,dtype_casting,dtype_casting,nan_inf,dtype_casting,dtype_casting,4,3,medium,suggestion_only_not_gold
EGNF1000-0168-640f9366,jax-ml/jax,Persistent Compilation Cache Bug: optimistix.minimise returns initial guesses instead of result on cache hit with vmap,https://github.com/jax-ml/jax/issues/31733,precision_tolerance,dtype_casting,dtype_casting,dtype_casting,dtype_casting,dtype_casting,dtype_casting,5,4,high,suggestion_only_not_gold
EGNF1000-0169-00dafa93,jax-ml/jax,Bug: JIT with functools.partial and static_argnums produces incorrect results,https://github.com/jax-ml/jax/issues/33487,precision_tolerance,dtype_casting,dtype_casting,dtype_casting,dtype_casting,dtype_casting,dtype_casting,5,4,high,suggestion_only_not_gold
EGNF1000-0170-8d338bc0,jax-ml/jax,[Pallas TPU] Incorrect result for jnp.dot when rhs is uint4 and lhs is bfloat16,https://github.com/jax-ml/jax/issues/35492,precision_tolerance,dtype_casting,dtype_casting,dtype_casting,dtype_casting,dtype_casting,dtype_casting,5,4,high,suggestion_only_not_gold
EGNF1000-0171-0cb619c9,jax-ml/jax,Silent numerical inconsistency under compiler optimization,https://github.com/jax-ml/jax/issues/36620,precision_tolerance,dtype_casting,dtype_casting,dtype_casting,dtype_casting,dtype_casting,dtype_casting,5,4,high,suggestion_only_not_gold
EGNF1000-0172-e3aac3a3,jax-ml/jax,Type demotion in `jax.jacobian`,https://github.com/jax-ml/jax/issues/6638,precision_tolerance,dtype_casting,dtype_casting,dtype_casting,dtype_casting,dtype_casting,dtype_casting,5,4,high,suggestion_only_not_gold
EGNF1000-0173-0cac6d02,jax-ml/jax,Caching bug for jax.experimental.callback.rewrite for `jit` call inside `custom_gradient`,https://github.com/jax-ml/jax/issues/6685,precision_tolerance,dtype_casting,dtype_casting,dtype_casting,dtype_casting,dtype_casting,dtype_casting,5,4,high,suggestion_only_not_gold
EGNF1000-0174-d851c56c,jax-ml/jax,Make the default matmul precision float32 even on TPUs,https://github.com/jax-ml/jax/issues/7010,precision_tolerance,dtype_casting,dtype_casting,dtype_casting,dtype_casting,not_numerical_failure,dtype_casting,4,3,medium,suggestion_only_not_gold
EGNF1000-0175-febd844f,jax-ml/jax,check_grads improvements,https://github.com/jax-ml/jax/issues/7742,precision_tolerance,dtype_casting,dtype_casting,dtype_casting,dtype_casting,overflow_underflow,dtype_casting,4,3,medium,suggestion_only_not_gold
EGNF1000-0176-801ac2ea,jax-ml/jax,Jax GMRES on GPU largely slower than its scipy counterpart,https://github.com/jax-ml/jax/issues/9259,precision_tolerance,dtype_casting,dtype_casting,dtype_casting,dtype_casting,dtype_casting,dtype_casting,5,4,high,suggestion_only_not_gold
EGNF1000-0177-dd449ff6,pytorch/pytorch,torch.dot gives wrong result on Macos,https://github.com/pytorch/pytorch/issues/107668,precision_tolerance,nan_inf,dtype_casting,dtype_casting,nan_inf,nan_inf,nan_inf,3,1,medium,suggestion_only_not_gold
EGNF1000-0178-0cab9842,pytorch/pytorch,Refactor precision handling in test/test_optim.py,https://github.com/pytorch/pytorch/issues/116203,precision_tolerance,dtype_casting,dtype_casting,dtype_casting,dtype_casting,crash_compile,dtype_casting,4,3,medium,suggestion_only_not_gold
EGNF1000-0179-284475c4,pytorch/pytorch,DeepSeek: mixed precision optimizers (BF16AdamW),https://github.com/pytorch/pytorch/issues/146542,precision_tolerance,dtype_casting,dtype_casting,dtype_casting,nan_inf,overflow_underflow,dtype_casting,3,2,medium,suggestion_only_not_gold
EGNF1000-0180-81a52c3a,pytorch/pytorch,fsdp2 support grad_dtype,https://github.com/pytorch/pytorch/issues/170648,precision_tolerance,dtype_casting,dtype_casting,dtype_casting,precision_tolerance,dtype_casting,dtype_casting,4,2,medium,suggestion_only_not_gold
EGNF1000-0181-7c505f14,pytorch/pytorch,[release 2.11][vllm] Language Models Tests (Extra Standard) 1 test_models[float-jason9693/Qwen2.5-1.5B-apeach],https://github.com/pytorch/pytorch/issues/175928,precision_tolerance,dtype_casting,dtype_casting,dtype_casting,nan_inf,dtype_casting,dtype_casting,4,3,medium,suggestion_only_not_gold
EGNF1000-0182-2ea1e93e,pytorch/pytorch,DISABLED test_combo_kernel_yz_overflow (__main__.ComboKernelTestsPerSubkernelBlocks),https://github.com/pytorch/pytorch/issues/180026,performance_only,dtype_casting,dtype_casting,dtype_casting,dtype_casting,dtype_casting,dtype_casting,5,4,high,suggestion_only_not_gold
EGNF1000-0183-c4eb669f,pytorch/pytorch,[MPS] For accumulating ops allow the correctness tolerance to scale within the envelope of the reference implementations drift,https://github.com/pytorch/pytorch/issues/183621,precision_tolerance,dtype_casting,dtype_casting,dtype_casting,dtype_casting,dtype_casting,dtype_casting,5,4,high,suggestion_only_not_gold
EGNF1000-0184-85fc6583,pytorch/pytorch,qnnpack's quantized-add gives wrong result,https://github.com/pytorch/pytorch/issues/37343,precision_tolerance,dtype_casting,dtype_casting,dtype_casting,nan_inf,dtype_casting,dtype_casting,4,3,medium,suggestion_only_not_gold
EGNF1000-0185-b933d61a,pytorch/pytorch,Raise exception when torch.clamp min value underflows the input tensor's dtype,https://github.com/pytorch/pytorch/issues/56440,precision_tolerance,dtype_casting,dtype_casting,dtype_casting,dtype_casting,nan_inf,dtype_casting,4,3,medium,suggestion_only_not_gold
EGNF1000-0186-45cf33ad,pytorch/pytorch,Conv2d kernel performance regression on CPU since PyTorch 1.9,https://github.com/pytorch/pytorch/issues/67797,performance_only,dtype_casting,dtype_casting,dtype_casting,dtype_casting,dtype_casting,dtype_casting,5,4,high,suggestion_only_not_gold
EGNF1000-0187-e2a9e787,pytorch/pytorch,How to get tolerance override in OpInfo-based test?,https://github.com/pytorch/pytorch/issues/73699,precision_tolerance,dtype_casting,dtype_casting,dtype_casting,dtype_casting,dtype_casting,dtype_casting,5,4,high,suggestion_only_not_gold
EGNF1000-0188-397326b7,pytorch/pytorch,"Hessian produces wrong results, but works if I add a perturbation",https://github.com/pytorch/pytorch/issues/92075,precision_tolerance,dtype_casting,dtype_casting,dtype_casting,nan_inf,dtype_casting,dtype_casting,4,3,medium,suggestion_only_not_gold
EGNF1000-0189-1e07bdac,rapidsai/cudf,"[BUG] [Unit-test] C++ exception with description ""Jitify fatal error: Configure failed: CUDA error 400: invalid resource handle"" thrown in the test body.",https://github.com/rapidsai/cudf/issues/20186,crash_compile,dtype_casting,dtype_casting,dtype_casting,dtype_casting,overflow_underflow,dtype_casting,4,3,medium,suggestion_only_not_gold
EGNF1000-0190-1b51dbf8,rapidsai/cuml,[BUG] Label Encoding after row filtering,https://github.com/rapidsai/cuml/issues/2801,precision_tolerance,dtype_casting,dtype_casting,dtype_casting,dtype_casting,dtype_casting,dtype_casting,5,4,high,suggestion_only_not_gold
EGNF1000-0191-c1af2b6b,rapidsai/cuml,[BUG] Shape discrepancy in shape in `test_metrics.py::test_precision_recall_curve_random` when updating to sklearn 1.2,https://github.com/rapidsai/cuml/issues/5164,precision_tolerance,dtype_casting,dtype_casting,dtype_casting,dtype_casting,dtype_casting,dtype_casting,5,4,high,suggestion_only_not_gold
EGNF1000-0192-8532c957,rapidsai/cuml,[BUG] NearestNeighbors search with euclidean metric and two_pass_precision does not compute square root distances.,https://github.com/rapidsai/cuml/issues/5788,precision_tolerance,dtype_casting,dtype_casting,dtype_casting,dtype_casting,dtype_casting,dtype_casting,5,4,high,suggestion_only_not_gold
EGNF1000-0193-8e4d4e69,rapidsai/cuml,[Tracker] Test Infrastructure Improvements,https://github.com/rapidsai/cuml/issues/6469,precision_tolerance,dtype_casting,dtype_casting,dtype_casting,overflow_underflow,crash_compile,dtype_casting,3,2,medium,suggestion_only_not_gold
EGNF1000-0194-7e5cd1ec,triton-lang/triton,Type conversion and tl.abs produces wrong result,https://github.com/triton-lang/triton/issues/1337,precision_tolerance,dtype_casting,dtype_casting,dtype_casting,nan_inf,dtype_casting,dtype_casting,4,3,medium,suggestion_only_not_gold
EGNF1000-0195-fc65d4ee,triton-lang/triton,triton always reports >0 register spills for kernels using sin/cos,https://github.com/triton-lang/triton/issues/1756,precision_tolerance,dtype_casting,dtype_casting,dtype_casting,dtype_casting,dtype_casting,dtype_casting,5,4,high,suggestion_only_not_gold
EGNF1000-0196-7d702a78,apache/tvm,[Bug] MetaSchedule produce incorrect result when TensorCore is used,https://github.com/apache/tvm/issues/13204,precision_tolerance,dtype_casting,dtype_casting,dtype_casting,nan_inf,dtype_casting,dtype_casting,4,3,medium,suggestion_only_not_gold
EGNF1000-0197-fc1c905d,apache/tvm,[Bug][Relax] `conv2d_transpose` produces wrong results on CUDA when `output_padding > 0`,https://github.com/apache/tvm/issues/19524,precision_tolerance,dtype_casting,dtype_casting,dtype_casting,nan_inf,dtype_casting,dtype_casting,4,3,medium,suggestion_only_not_gold
EGNF1000-0198-b2215873,apache/tvm,[RFC][Tracking Issue][AMP] Tracking Issue for Mixed Precision Pass,https://github.com/apache/tvm/issues/8296,precision_tolerance,dtype_casting,dtype_casting,dtype_casting,precision_tolerance,dtype_casting,dtype_casting,4,2,medium,suggestion_only_not_gold
EGNF1000-0199-d95df8b2,cupy/cupy,thrust sort/argsort silently produces wrong results when workspace allocation fails,https://github.com/cupy/cupy/issues/9894,precision_tolerance,dtype_casting,dtype_casting,dtype_casting,dtype_casting,dtype_casting,dtype_casting,5,4,high,suggestion_only_not_gold
EGNF1000-0200-7a766ff0,jax-ml/jax,pjit uses too much memory,https://github.com/jax-ml/jax/issues/16679,precision_tolerance,dtype_casting,dtype_casting,dtype_casting,dtype_casting,dtype_casting,dtype_casting,5,4,high,suggestion_only_not_gold
EGNF1000-0201-ae119e15,jax-ml/jax,Allow explicit matmul precision,https://github.com/jax-ml/jax/issues/18934,precision_tolerance,dtype_casting,dtype_casting,dtype_casting,dtype_casting,overflow_underflow,dtype_casting,4,3,medium,suggestion_only_not_gold
EGNF1000-0202-299d2ee7,jax-ml/jax,"Large numerical error when using vmap and bfloat16/tensorfloat32 matmul precision, only on A100 GPU",https://github.com/jax-ml/jax/issues/19974,precision_tolerance,dtype_casting,dtype_casting,dtype_casting,dtype_casting,dtype_casting,dtype_casting,5,4,high,suggestion_only_not_gold
EGNF1000-0203-c9a78d27,jax-ml/jax,"Exception has occurred: FloatingPointError invalid value (nan) encountered in jit(convert_element_type). Because jax_config.debug_nans.value and/or config.jax_debug_infs is set, the de-optimized function (i.e., the function as if the `jit` decorator were removed) was called in an attempt to get a more precise error message. However, the de-optimized function did not produce invalid values during its execution.",https://github.com/jax-ml/jax/issues/22291,nan_inf,overflow_underflow,dtype_casting,dtype_casting,overflow_underflow,nan_inf,overflow_underflow,2,0,low,suggestion_only_not_gold
EGNF1000-0204-9d6076d5,jax-ml/jax,dot_product_attention has inconsistent dot types in backward pass,https://github.com/jax-ml/jax/issues/24047,precision_tolerance,dtype_casting,dtype_casting,dtype_casting,dtype_casting,dtype_casting,dtype_casting,5,4,high,suggestion_only_not_gold
EGNF1000-0205-3beb1976,jax-ml/jax,Support new dot Precision API in Pallas,https://github.com/jax-ml/jax/issues/24209,precision_tolerance,dtype_casting,dtype_casting,dtype_casting,dtype_casting,dtype_casting,dtype_casting,5,4,high,suggestion_only_not_gold
EGNF1000-0206-3e741829,jax-ml/jax,`jax.numpy.unwrap` brings different results with `numpy.unwrap`,https://github.com/jax-ml/jax/issues/28645,needs_review,nan_inf,dtype_casting,dtype_casting,nan_inf,nan_inf,nan_inf,3,1,medium,suggestion_only_not_gold
EGNF1000-0207-9ed1760c,jax-ml/jax,`jaxlib` 0.5.3 causes different autodiff behavior for equivalent functions,https://github.com/jax-ml/jax/issues/31600,precision_tolerance,dtype_casting,dtype_casting,dtype_casting,dtype_casting,dtype_casting,dtype_casting,5,4,high,suggestion_only_not_gold
EGNF1000-0208-5fa50305,jax-ml/jax,cudnn dot_product_attention backward drops manual sharding axes inside shard_map,https://github.com/jax-ml/jax/issues/36008,precision_tolerance,dtype_casting,dtype_casting,dtype_casting,dtype_casting,dtype_casting,dtype_casting,5,4,high,suggestion_only_not_gold
EGNF1000-0209-4f218aa6,pytorch/pytorch,triton.codegen_upcast_to_fp32 breaks bitcast/bitwise ops,https://github.com/pytorch/pytorch/issues/143821,overflow_underflow,nan_inf,dtype_casting,dtype_casting,nan_inf,dtype_casting,dtype_casting,3,1,medium,suggestion_only_not_gold
EGNF1000-0210-9003d7e3,pytorch/pytorch,`torch.fmin` has inconsistent overflow behavior on CPU and GPU,https://github.com/pytorch/pytorch/issues/158172,overflow_underflow,nan_inf,dtype_casting,dtype_casting,nan_inf,dtype_casting,dtype_casting,3,1,medium,suggestion_only_not_gold
EGNF1000-0211-58897d8f,pytorch/pytorch,GroupedMM triton template IMAs on B200,https://github.com/pytorch/pytorch/issues/163462,needs_review,overflow_underflow,dtype_casting,dtype_casting,overflow_underflow,not_numerical_failure,overflow_underflow,2,0,low,suggestion_only_not_gold
EGNF1000-0212-a84bd7e5,rapidsai/cudf,[FEA] signed 128-bit Integer Type,https://github.com/rapidsai/cudf/issues/3558,needs_review,overflow_underflow,dtype_casting,dtype_casting,overflow_underflow,dtype_casting,dtype_casting,3,1,medium,suggestion_only_not_gold
EGNF1000-0213-80c94e48,rapidsai/cuml,[BUG] [DEBT] THROW macro is unsafe,https://github.com/rapidsai/cuml/issues/1196,crash_compile,dtype_casting,dtype_casting,dtype_casting,dtype_casting,nan_inf,dtype_casting,4,3,medium,suggestion_only_not_gold
EGNF1000-0214-f3dc2d0f,rapidsai/cuml,[BUG] HDBSCAN precomputed metric AttributeError,https://github.com/rapidsai/cuml/issues/4460,crash_compile,dtype_casting,dtype_casting,dtype_casting,dtype_casting,dtype_casting,dtype_casting,5,4,high,suggestion_only_not_gold
EGNF1000-0215-555f3f51,rapidsai/cuml,[BUG] Crash in DBSCAN with somewhat-large dataset in 0.7,https://github.com/rapidsai/cuml/issues/613,crash_compile,dtype_casting,dtype_casting,dtype_casting,dtype_casting,nan_inf,dtype_casting,4,3,medium,suggestion_only_not_gold
EGNF1000-0216-afb94a27,jax-ml/jax,top_k incorrect results on GPU mesh,https://github.com/jax-ml/jax/issues/19271,needs_review,dtype_casting,dtype_casting,dtype_casting,dtype_casting,dtype_casting,dtype_casting,5,4,high,suggestion_only_not_gold
EGNF1000-0217-66a7e5e7,pytorch/pytorch,DISABLED test_remove_noop_view_dtype_cpu (__main__.CpuTests),https://github.com/pytorch/pytorch/issues/151540,performance_only,dtype_casting,dtype_casting,dtype_casting,dtype_casting,dtype_casting,dtype_casting,5,4,high,suggestion_only_not_gold
EGNF1000-0218-13388562,pytorch/pytorch,DISABLED test_generic_fp32_precision_propagates_to_cudnn_conv_rnn (__main__.TestFP32PrecisionFlags),https://github.com/pytorch/pytorch/issues/182021,performance_only,dtype_casting,dtype_casting,dtype_casting,dtype_casting,dtype_casting,dtype_casting,5,4,high,suggestion_only_not_gold
EGNF1000-0219-0e7381f8,rapidsai/cuml,[BUG] Dask KNeighbors* w/ multi-label returns incorrect results sometimes,https://github.com/rapidsai/cuml/issues/2814,performance_only,dtype_casting,dtype_casting,dtype_casting,dtype_casting,dtype_casting,dtype_casting,5,4,high,suggestion_only_not_gold
EGNF1000-0220-e3c838e9,rapidsai/cuml,[TASK] Increase parallelism or sparse normalization prims,https://github.com/rapidsai/cuml/issues/2819,performance_only,dtype_casting,dtype_casting,dtype_casting,dtype_casting,dtype_casting,dtype_casting,5,4,high,suggestion_only_not_gold
EGNF1000-0221-004ee987,rapidsai/cuml,[QST]Why is cuml GPU dozens of times slower than scikit-learn CPU in Lasso，Ridge and ElasticNet models?,https://github.com/rapidsai/cuml/issues/6080,performance_only,dtype_casting,dtype_casting,dtype_casting,dtype_casting,not_numerical_failure,dtype_casting,4,3,medium,suggestion_only_not_gold
EGNF1000-0222-f04b13e7,rapidsai/cuml,[BUG]DBSCAN inconsistent results / hangs multiple GPUS,https://github.com/rapidsai/cuml/issues/7341,crash_compile,dtype_casting,dtype_casting,dtype_casting,dtype_casting,dtype_casting,dtype_casting,5,4,high,suggestion_only_not_gold
EGNF1000-0223-5cad407c,triton-lang/triton,Custom tensor roll kernel produces wrong results for variations of block size and tl.constexpr,https://github.com/triton-lang/triton/issues/2941,crash_compile,dtype_casting,dtype_casting,dtype_casting,dtype_casting,dtype_casting,dtype_casting,5,4,high,suggestion_only_not_gold
EGNF1000-0224-385f18a1,triton-lang/triton,[Bug] NVFP4 matmul kernel crashes in TritonGPUAccelerateMatmul on Ubuntu,https://github.com/triton-lang/triton/issues/7995,crash_compile,dtype_casting,dtype_casting,dtype_casting,overflow_underflow,dtype_casting,dtype_casting,4,3,medium,suggestion_only_not_gold
EGNF1000-0225-164bae54,cupy/cupy,RuntimeError: radix_sort: failed on 2nd step: cudaErrorInvalidValue: invalid argument,https://github.com/cupy/cupy/issues/5846,crash_compile,dtype_casting,dtype_casting,dtype_casting,dtype_casting,dtype_casting,dtype_casting,5,4,high,suggestion_only_not_gold
EGNF1000-0226-5156cf5b,jax-ml/jax,cusolver internal error on orin,https://github.com/jax-ml/jax/issues/29802,crash_compile,dtype_casting,dtype_casting,dtype_casting,overflow_underflow,dtype_casting,dtype_casting,4,3,medium,suggestion_only_not_gold
EGNF1000-0227-0d31e64e,jax-ml/jax,jaxlib: malformed pickled PyTreeDef can crash flatten_up_to,https://github.com/jax-ml/jax/issues/37412,crash_compile,dtype_casting,dtype_casting,dtype_casting,not_numerical_failure,overflow_underflow,dtype_casting,3,2,medium,suggestion_only_not_gold
EGNF1000-0228-af183793,pytorch/pytorch,Tensor.index_reduce produces incorrect result,https://github.com/pytorch/pytorch/issues/139242,overflow_underflow,dtype_casting,dtype_casting,dtype_casting,nan_inf,nan_inf,dtype_casting,3,1,medium,suggestion_only_not_gold
EGNF1000-0229-40672469,pytorch/pytorch,DISABLED test_return_aux_deprecation_warnings_cuda_float16 (__main__.TestFlexAttentionCUDA),https://github.com/pytorch/pytorch/issues/162464,performance_only,dtype_casting,dtype_casting,dtype_casting,dtype_casting,dtype_casting,dtype_casting,5,4,high,suggestion_only_not_gold
EGNF1000-0230-311dd39a,pytorch/pytorch,torch.compile yields incorrect results when iterating over a list,https://github.com/pytorch/pytorch/issues/175855,overflow_underflow,nan_inf,dtype_casting,dtype_casting,nan_inf,nan_inf,nan_inf,3,1,medium,suggestion_only_not_gold
EGNF1000-0231-343475f8,rapidsai/cudf,[BUG] to_pandas of df with unsorted DatetimeIndex fails by ValueError,https://github.com/rapidsai/cudf/issues/21290,crash_compile,dtype_casting,dtype_casting,dtype_casting,nan_inf,nan_inf,dtype_casting,3,1,medium,suggestion_only_not_gold
EGNF1000-0232-7c2842e6,triton-lang/triton,RuntimeError: Triton Error [CUDA]: device kernel image is invalid,https://github.com/triton-lang/triton/issues/1323,crash_compile,overflow_underflow,overflow_underflow,dtype_casting,overflow_underflow,overflow_underflow,overflow_underflow,4,3,medium,suggestion_only_not_gold
EGNF1000-0233-acd298d1,triton-lang/triton,Accuracy failure in reduction kernel,https://github.com/triton-lang/triton/issues/2483,nan_inf,nan_inf,dtype_casting,dtype_casting,dtype_casting,overflow_underflow,dtype_casting,3,1,medium,suggestion_only_not_gold
EGNF1000-0234-1b786da9,apache/tvm,[Bug] The output of the TVM CPU backend is not identical with those of onnxruntime and TVM CUDA backend,https://github.com/apache/tvm/issues/18003,crash_compile,not_numerical_failure,dtype_casting,dtype_casting,nan_inf,nan_inf,dtype_casting,2,0,low,suggestion_only_not_gold
EGNF1000-0235-d348a4b1,cupy/cupy,cupy-cuda11x==13.2.0 fails to detect GPU,https://github.com/cupy/cupy/issues/8395,crash_compile,overflow_underflow,overflow_underflow,overflow_underflow,overflow_underflow,overflow_underflow,overflow_underflow,5,4,high,suggestion_only_not_gold
EGNF1000-0236-e56257e6,jax-ml/jax,ROCM build fails when the ROCM_PATH is a symlinked location,https://github.com/jax-ml/jax/issues/18976,crash_compile,dtype_casting,dtype_casting,dtype_casting,dtype_casting,precision_tolerance,dtype_casting,4,3,medium,suggestion_only_not_gold
EGNF1000-0237-c462c7fb,jax-ml/jax,'+ptx85' is not a recognized feature for this target (ignoring feature) ==> this issue occurs again,https://github.com/jax-ml/jax/issues/25846,crash_compile,dtype_casting,dtype_casting,dtype_casting,nan_inf,dtype_casting,dtype_casting,4,3,medium,suggestion_only_not_gold
EGNF1000-0238-49dd26ba,jax-ml/jax,jax.jit has general issues with gfx906 [ROCM],https://github.com/jax-ml/jax/issues/27600,crash_compile,dtype_casting,dtype_casting,dtype_casting,dtype_casting,dtype_casting,dtype_casting,5,4,high,suggestion_only_not_gold
EGNF1000-0239-989e118d,rapidsai/cuml,[BUG] illegal memory access in unittest.,https://github.com/rapidsai/cuml/issues/3390,crash_compile,precision_tolerance,dtype_casting,dtype_casting,overflow_underflow,overflow_underflow,dtype_casting,2,0,low,suggestion_only_not_gold
EGNF1000-0240-3f72ab7f,rapidsai/cuml,[BUG] double free error on CentOS when import after torchvision.,https://github.com/rapidsai/cuml/issues/4359,crash_compile,dtype_casting,dtype_casting,dtype_casting,not_numerical_failure,nan_inf,dtype_casting,3,2,medium,suggestion_only_not_gold
EGNF1000-0241-f91c3201,rapidsai/cuml,cuml dbscan terminating on large datasets 'invalid configuration argument',https://github.com/rapidsai/cuml/issues/54,crash_compile,dtype_casting,dtype_casting,dtype_casting,not_numerical_failure,nan_inf,dtype_casting,3,2,medium,suggestion_only_not_gold
EGNF1000-0242-0fabb4c9,rapidsai/cuml,"[BUG] Wrong cuda version is derived, causing ""No module named 'pynvjitlink'""",https://github.com/rapidsai/cuml/issues/6018,crash_compile,dtype_casting,dtype_casting,dtype_casting,dtype_casting,dtype_casting,dtype_casting,5,4,high,suggestion_only_not_gold
EGNF1000-0243-c438c027,rapidsai/cuml,[BUG] Static build of CUML fails with cuvs::cuvs missing target,https://github.com/rapidsai/cuml/issues/7020,crash_compile,dtype_casting,dtype_casting,dtype_casting,not_numerical_failure,nan_inf,dtype_casting,3,2,medium,suggestion_only_not_gold
EGNF1000-0244-f9fda636,rapidsai/cuml,[FEA] Implement `adjusted_mutual_info_score`,https://github.com/rapidsai/cuml/issues/7294,performance_only,not_numerical_failure,dtype_casting,dtype_casting,not_numerical_failure,not_numerical_failure,not_numerical_failure,3,1,medium,suggestion_only_not_gold
EGNF1000-0245-8db67c3b,triton-lang/triton,High kernel launch overhead,https://github.com/triton-lang/triton/issues/2637,performance_only,overflow_underflow,dtype_casting,dtype_casting,dtype_casting,dtype_casting,dtype_casting,4,3,medium,suggestion_only_not_gold
EGNF1000-0246-7ec383cf,triton-lang/triton,Calling .to(...) on scalar arg breaks when specialization kicks in,https://github.com/triton-lang/triton/issues/2939,overflow_underflow,dtype_casting,dtype_casting,dtype_casting,dtype_casting,dtype_casting,dtype_casting,5,4,high,suggestion_only_not_gold
EGNF1000-0247-6524881c,triton-lang/triton,Fused Attention FP8 correctness on L20(Ada GPU),https://github.com/triton-lang/triton/issues/4476,nan_inf,dtype_casting,dtype_casting,dtype_casting,nan_inf,dtype_casting,dtype_casting,4,2,medium,suggestion_only_not_gold
EGNF1000-0248-2c868e0f,apache/tvm,[Bug] Error occurred during tvm compilation,https://github.com/apache/tvm/issues/18155,crash_compile,overflow_underflow,overflow_underflow,dtype_casting,overflow_underflow,not_numerical_failure,overflow_underflow,3,2,medium,suggestion_only_not_gold
EGNF1000-0249-b42d3cba,jax-ml/jax,Performance Issue Report: JAX Slower Than Autograd on GPU and CPU Setups,https://github.com/jax-ml/jax/issues/20948,performance_only,dtype_casting,dtype_casting,dtype_casting,dtype_casting,dtype_casting,dtype_casting,5,4,high,suggestion_only_not_gold
EGNF1000-0250-384bc5bd,rapidsai/cudf,[BUG] `numeric_only=True` setting in `.count()` is ineffective,https://github.com/rapidsai/cudf/issues/21082,overflow_underflow,dtype_casting,dtype_casting,dtype_casting,dtype_casting,dtype_casting,dtype_casting,5,4,high,suggestion_only_not_gold
EGNF1000-0251-e6604485,rapidsai/cuml,[FEA] In-place k-select for sparse knn on string matching,https://github.com/rapidsai/cuml/issues/3577,performance_only,dtype_casting,dtype_casting,dtype_casting,dtype_casting,dtype_casting,dtype_casting,5,4,high,suggestion_only_not_gold
EGNF1000-0252-1c9c43dd,rapidsai/cuml,[BUG] KMeansMG performance regression between 25.06 and 25.10,https://github.com/rapidsai/cuml/issues/7749,performance_only,dtype_casting,dtype_casting,dtype_casting,dtype_casting,dtype_casting,dtype_casting,5,4,high,suggestion_only_not_gold
EGNF1000-0253-4e82cb3f,triton-lang/triton,feat(examples): implement vllm in triton,https://github.com/triton-lang/triton/issues/2200,performance_only,overflow_underflow,dtype_casting,dtype_casting,dtype_casting,nan_inf,dtype_casting,3,2,medium,suggestion_only_not_gold
EGNF1000-0254-b4436a76,triton-lang/triton,Segfault when using blocksparse matmul in attention,https://github.com/triton-lang/triton/issues/237,crash_compile,dtype_casting,dtype_casting,dtype_casting,dtype_casting,dtype_casting,dtype_casting,5,4,high,suggestion_only_not_gold
EGNF1000-0255-e7d135a1,triton-lang/triton,Insertion of triton kernels into llama forward make normal kernels slower,https://github.com/triton-lang/triton/issues/2791,performance_only,overflow_underflow,dtype_casting,dtype_casting,overflow_underflow,dtype_casting,dtype_casting,3,1,medium,suggestion_only_not_gold
EGNF1000-0256-daac01b9,triton-lang/triton,Circular import from nvidia backend against `import triton.compiler`,https://github.com/triton-lang/triton/issues/6132,crash_compile,overflow_underflow,dtype_casting,dtype_casting,overflow_underflow,overflow_underflow,overflow_underflow,3,1,medium,suggestion_only_not_gold
EGNF1000-0257-f1fa726d,apache/tvm,TVM v0.7 Release Note Candidate,https://github.com/apache/tvm/issues/6486,crash_compile,dtype_casting,dtype_casting,dtype_casting,precision_tolerance,crash_compile,dtype_casting,3,1,medium,suggestion_only_not_gold
EGNF1000-0258-28bff1f9,cupy/cupy,CUPY sosfilt_zi some SOS coefficients are not supported2,https://github.com/cupy/cupy/issues/8028,nan_inf,nan_inf,dtype_casting,dtype_casting,overflow_underflow,nan_inf,nan_inf,3,1,medium,suggestion_only_not_gold
EGNF1000-0259-82d3afb2,cupy/cupy,cupy do not suport two axis operation?,https://github.com/cupy/cupy/issues/8342,crash_compile,overflow_underflow,dtype_casting,dtype_casting,dtype_casting,dtype_casting,dtype_casting,4,3,medium,suggestion_only_not_gold
EGNF1000-0260-43ecbb7d,cupy/cupy,cupy-cuda114 v10.6.0 AttributeError: module 'cupy.cuda.cudnn' has no attribute 'getConvolution2dForwardOutputDim',https://github.com/cupy/cupy/issues/9103,needs_review,overflow_underflow,dtype_casting,dtype_casting,overflow_underflow,dtype_casting,dtype_casting,3,1,medium,suggestion_only_not_gold
EGNF1000-0261-c59287fc,jax-ml/jax,Crash for CNN with a specific batch size,https://github.com/jax-ml/jax/issues/34010,crash_compile,dtype_casting,dtype_casting,dtype_casting,dtype_casting,overflow_underflow,dtype_casting,4,3,medium,suggestion_only_not_gold
EGNF1000-0262-2a597689,numba/numba,Please add support for Metal as GPU accelerator,https://github.com/numba/numba/issues/5706,needs_review,precision_tolerance,dtype_casting,dtype_casting,not_numerical_failure,not_numerical_failure,dtype_casting,2,0,low,suggestion_only_not_gold
EGNF1000-0263-19e714a5,rapidsai/cuml,[BUG] Persisting HDBScan model with Pickle/joblib and `approximate_predict` results in core dump,https://github.com/rapidsai/cuml/issues/4986,crash_compile,dtype_casting,dtype_casting,dtype_casting,dtype_casting,dtype_casting,dtype_casting,5,4,high,suggestion_only_not_gold
EGNF1000-0264-6d46f938,rapidsai/cuml,"cuSOLVER error encountered when running rsc.pp.pca(adata, n_comps=50)",https://github.com/rapidsai/cuml/issues/6182,crash_compile,dtype_casting,dtype_casting,dtype_casting,not_numerical_failure,dtype_casting,dtype_casting,4,3,medium,suggestion_only_not_gold
EGNF1000-0265-43f939b6,triton-lang/triton,`tl.cdiv` gives incorrect results for negative numbers,https://github.com/triton-lang/triton/issues/954,crash_compile,dtype_casting,dtype_casting,dtype_casting,dtype_casting,dtype_casting,dtype_casting,5,4,high,suggestion_only_not_gold
EGNF1000-0266-7b0a0d67,cupy/cupy,Compilation Error,https://github.com/cupy/cupy/issues/5208,crash_compile,dtype_casting,dtype_casting,dtype_casting,overflow_underflow,dtype_casting,dtype_casting,4,3,medium,suggestion_only_not_gold
EGNF1000-0267-487d92a1,cupy/cupy,CUDA_ERROR_INVALID_SOURCE: device kernel image is invalid,https://github.com/cupy/cupy/issues/8045,crash_compile,dtype_casting,dtype_casting,dtype_casting,overflow_underflow,overflow_underflow,dtype_casting,3,1,medium,suggestion_only_not_gold
EGNF1000-0268-b9408abe,cupy/cupy,CuPy cannot find `nvcc` despite it being in `/usr/local/cuda/bin` which is the Cuda root,https://github.com/cupy/cupy/issues/9402,crash_compile,dtype_casting,dtype_casting,dtype_casting,dtype_casting,overflow_underflow,dtype_casting,4,3,medium,suggestion_only_not_gold
EGNF1000-0269-690306f7,jax-ml/jax,"`jax.numpy.linalg.norm(A, 2)` uses lax svd, which is slower than eigh",https://github.com/jax-ml/jax/issues/32873,performance_only,dtype_casting,dtype_casting,dtype_casting,dtype_casting,not_numerical_failure,dtype_casting,4,3,medium,suggestion_only_not_gold
EGNF1000-0270-db8a3ff2,jax-ml/jax,any suggestions on how to improve performance for gradient step with odeint?,https://github.com/jax-ml/jax/issues/3993,performance_only,dtype_casting,dtype_casting,dtype_casting,not_numerical_failure,not_numerical_failure,dtype_casting,3,1,medium,suggestion_only_not_gold
EGNF1000-0271-e4672126,rapidsai/cuml,[BUG] T-SNE freezing in benchmarks,https://github.com/rapidsai/cuml/issues/2358,performance_only,dtype_casting,dtype_casting,dtype_casting,dtype_casting,dtype_casting,dtype_casting,5,4,high,suggestion_only_not_gold
EGNF1000-0272-3649d788,rapidsai/cuml,Transition to new array input validation system,https://github.com/rapidsai/cuml/issues/7428,performance_only,dtype_casting,dtype_casting,dtype_casting,dtype_casting,dtype_casting,dtype_casting,5,4,high,suggestion_only_not_gold
EGNF1000-0273-5a5cd273,rapidsai/cuml,Update README to have performance best practices tips and clear call out to benchmarks notebook.,https://github.com/rapidsai/cuml/issues/778,performance_only,dtype_casting,dtype_casting,dtype_casting,dtype_casting,dtype_casting,dtype_casting,5,4,high,suggestion_only_not_gold
EGNF1000-0274-83039562,triton-lang/triton,Error when using some type annotations,https://github.com/triton-lang/triton/issues/1974,crash_compile,dtype_casting,dtype_casting,dtype_casting,dtype_casting,dtype_casting,dtype_casting,5,4,high,suggestion_only_not_gold
EGNF1000-0275-651188b3,triton-lang/triton,`tl.advance` occurs a crash,https://github.com/triton-lang/triton/issues/2303,crash_compile,dtype_casting,dtype_casting,dtype_casting,dtype_casting,overflow_underflow,dtype_casting,4,3,medium,suggestion_only_not_gold
EGNF1000-0276-fe365d92,triton-lang/triton,[Bug] tt.return is emitted inside of scf.for / scf.while,https://github.com/triton-lang/triton/issues/2576,crash_compile,overflow_underflow,dtype_casting,dtype_casting,dtype_casting,dtype_casting,dtype_casting,4,3,medium,suggestion_only_not_gold
EGNF1000-0277-ccbd58b0,triton-lang/triton,/usr/bin/ld: cannot find -lNVGPUIR: No such file or directory,https://github.com/triton-lang/triton/issues/4729,crash_compile,overflow_underflow,dtype_casting,dtype_casting,precision_tolerance,dtype_casting,dtype_casting,3,2,medium,suggestion_only_not_gold
EGNF1000-0278-8bd5026b,apache/tvm,"[Bug] Can not build the apk of ""android_camera"" in apps",https://github.com/apache/tvm/issues/12327,crash_compile,precision_tolerance,dtype_casting,dtype_casting,overflow_underflow,not_numerical_failure,dtype_casting,2,1,low,suggestion_only_not_gold
EGNF1000-0279-755ecca5,apache/tvm,[Bug][MetaSchedule] DecomposeReduction Selected Incorrect Loop,https://github.com/apache/tvm/issues/14791,crash_compile,dtype_casting,dtype_casting,dtype_casting,dtype_casting,dtype_casting,dtype_casting,5,4,high,suggestion_only_not_gold
EGNF1000-0280-840fefa8,apache/tvm,[CodeGen] LLVM codegen doesn't respect mfloat-abi=hard,https://github.com/apache/tvm/issues/4072,crash_compile,dtype_casting,dtype_casting,dtype_casting,overflow_underflow,not_numerical_failure,dtype_casting,3,2,medium,suggestion_only_not_gold
EGNF1000-0281-b85943ee,cupy/cupy,ImportError: cannot import name 'core' from 'cupy.core',https://github.com/cupy/cupy/issues/2157,crash_compile,dtype_casting,dtype_casting,dtype_casting,dtype_casting,dtype_casting,dtype_casting,5,4,high,suggestion_only_not_gold
EGNF1000-0282-ec5cb10f,jax-ml/jax,jax.random.choice can return entries with zero probability,https://github.com/jax-ml/jax/issues/22682,nan_inf,dtype_casting,dtype_casting,dtype_casting,not_numerical_failure,dtype_casting,dtype_casting,4,3,medium,suggestion_only_not_gold
EGNF1000-0283-5557fff7,jax-ml/jax,Results do not match the reference. This is likely a bug/unexpected loss of precision,https://github.com/jax-ml/jax/issues/24909,nan_inf,dtype_casting,dtype_casting,dtype_casting,dtype_casting,dtype_casting,dtype_casting,5,4,high,suggestion_only_not_gold
EGNF1000-0284-edad17f7,numba/numba,Numba can't vectorize simple loop,https://github.com/numba/numba/issues/5139,crash_compile,dtype_casting,dtype_casting,dtype_casting,dtype_casting,dtype_casting,dtype_casting,5,4,high,suggestion_only_not_gold
EGNF1000-0285-86844761,numba/numba,math.log2 should raise exception with invalid inputs,https://github.com/numba/numba/issues/9484,crash_compile,precision_tolerance,dtype_casting,dtype_casting,overflow_underflow,dtype_casting,dtype_casting,3,2,medium,suggestion_only_not_gold
EGNF1000-0286-9ff0b7af,triton-lang/triton,triton.language.cast from float16 to float8e5 produces different output when TRITON_INTERPRET=1,https://github.com/triton-lang/triton/issues/8322,nan_inf,dtype_casting,dtype_casting,dtype_casting,dtype_casting,dtype_casting,dtype_casting,5,4,high,suggestion_only_not_gold
EGNF1000-0287-bbc32ca7,apache/tvm,"[Bug] Padded, quantized convolution operators give incorrect results on edges",https://github.com/apache/tvm/issues/13364,performance_only,dtype_casting,dtype_casting,dtype_casting,dtype_casting,not_numerical_failure,dtype_casting,4,3,medium,suggestion_only_not_gold
EGNF1000-0288-169e6f14,cupy/cupy,Failed to import CuPy,https://github.com/cupy/cupy/issues/7565,crash_compile,dtype_casting,dtype_casting,dtype_casting,overflow_underflow,overflow_underflow,dtype_casting,3,1,medium,suggestion_only_not_gold
EGNF1000-0289-99eab5d4,cupy/cupy,"Error when including `mma.h`: instance of overloaded function ""__half::__half"" matches the specified type",https://github.com/cupy/cupy/issues/8146,crash_compile,dtype_casting,dtype_casting,dtype_casting,dtype_casting,overflow_underflow,dtype_casting,4,3,medium,suggestion_only_not_gold
EGNF1000-0290-12f94739,cupy/cupy,Failed to import CuPy,https://github.com/cupy/cupy/issues/8226,crash_compile,dtype_casting,dtype_casting,dtype_casting,dtype_casting,dtype_casting,dtype_casting,5,4,high,suggestion_only_not_gold
EGNF1000-0291-7d9edfa8,cupy/cupy,Failed to install with `poetry add cupy`,https://github.com/cupy/cupy/issues/9163,crash_compile,dtype_casting,dtype_casting,dtype_casting,dtype_casting,dtype_casting,dtype_casting,5,4,high,suggestion_only_not_gold
EGNF1000-0292-1455323b,triton-lang/triton,Fails in the middle of training with KeyError,https://github.com/triton-lang/triton/issues/1512,nan_inf,dtype_casting,dtype_casting,dtype_casting,dtype_casting,dtype_casting,dtype_casting,5,4,high,suggestion_only_not_gold
EGNF1000-0293-de461d22,triton-lang/triton,Inconsistent results between torch and triton for fp16 dtype,https://github.com/triton-lang/triton/issues/2352,nan_inf,overflow_underflow,dtype_casting,dtype_casting,nan_inf,nan_inf,nan_inf,3,1,medium,suggestion_only_not_gold
EGNF1000-0294-07629504,triton-lang/triton,Convert triton tutorial into LLVM IR and Documentations,https://github.com/triton-lang/triton/issues/2743,crash_compile,overflow_underflow,dtype_casting,dtype_casting,dtype_casting,dtype_casting,dtype_casting,4,3,medium,suggestion_only_not_gold
EGNF1000-0295-dd1d05fb,triton-lang/triton,Error running 06-fused-attention.py,https://github.com/triton-lang/triton/issues/638,crash_compile,dtype_casting,dtype_casting,dtype_casting,dtype_casting,overflow_underflow,dtype_casting,4,3,medium,suggestion_only_not_gold
EGNF1000-0296-0d03f27d,triton-lang/triton,[RFC] Exposing Scratch Buffer in ReduceOp to Eliminate Redundant Layout Conversion,https://github.com/triton-lang/triton/issues/8775,overflow_underflow,dtype_casting,dtype_casting,dtype_casting,dtype_casting,dtype_casting,dtype_casting,5,4,high,suggestion_only_not_gold
EGNF1000-0297-25649c58,triton-lang/triton,Add support for triangular solve operation.,https://github.com/triton-lang/triton/issues/3921,performance_only,overflow_underflow,dtype_casting,dtype_casting,dtype_casting,performance_only,dtype_casting,3,1,medium,suggestion_only_not_gold
EGNF1000-0298-7440eabe,triton-lang/triton,[RFC] Improving Coalescing and Layout Propagation,https://github.com/triton-lang/triton/issues/8706,overflow_underflow,dtype_casting,dtype_casting,dtype_casting,dtype_casting,dtype_casting,dtype_casting,5,4,high,suggestion_only_not_gold
EGNF1000-0299-027dd47a,apache/tvm,[Bug] build arm on windows broken,https://github.com/apache/tvm/issues/16265,crash_compile,precision_tolerance,precision_tolerance,precision_tolerance,overflow_underflow,nan_inf,precision_tolerance,3,2,medium,suggestion_only_not_gold
EGNF1000-0300-ae0dbb2d,apache/tvm,[Bug] compile error,https://github.com/apache/tvm/issues/18708,crash_compile,dtype_casting,dtype_casting,dtype_casting,precision_tolerance,precision_tolerance,dtype_casting,3,1,medium,suggestion_only_not_gold
EGNF1000-0301-85c7ebc9,apache/tvm,[RFC] Winograd NNPACK for the ARM_CPU backend,https://github.com/apache/tvm/issues/2692,crash_compile,dtype_casting,dtype_casting,dtype_casting,not_numerical_failure,dtype_casting,dtype_casting,4,3,medium,suggestion_only_not_gold
EGNF1000-0302-95537cbd,cupy/cupy,CURAND_STATUS_INITIALIZATION_FAILED,https://github.com/cupy/cupy/issues/6277,crash_compile,dtype_casting,dtype_casting,dtype_casting,dtype_casting,dtype_casting,dtype_casting,5,4,high,suggestion_only_not_gold
EGNF1000-0303-0628ea28,jax-ml/jax,Cannot Share GPUs between processes when using JAX with SLURM,https://github.com/jax-ml/jax/issues/10021,needs_review,dtype_casting,dtype_casting,dtype_casting,dtype_casting,dtype_casting,dtype_casting,5,4,high,suggestion_only_not_gold
EGNF1000-0304-34da1fd3,jax-ml/jax,`log_softmax` and `softmax` are not numerically stable with `where` argument inside `vmap`,https://github.com/jax-ml/jax/issues/19490,nan_inf,dtype_casting,dtype_casting,dtype_casting,dtype_casting,dtype_casting,dtype_casting,5,4,high,suggestion_only_not_gold
EGNF1000-0305-b855b138,jax-ml/jax,log1p results are incorrect on complex inputs with large absolute value,https://github.com/jax-ml/jax/issues/19573,nan_inf,dtype_casting,dtype_casting,dtype_casting,dtype_casting,overflow_underflow,dtype_casting,4,3,medium,suggestion_only_not_gold
EGNF1000-0306-88f8d112,jax-ml/jax,Incorrect cost_analysis() Flop Count on GPU for Dense layer/Dot product,https://github.com/jax-ml/jax/issues/22249,needs_review,dtype_casting,dtype_casting,dtype_casting,dtype_casting,dtype_casting,dtype_casting,5,4,high,suggestion_only_not_gold
EGNF1000-0307-a1cc4981,jax-ml/jax,all inputs are nans in a next step iterationwhile using `jax.scipy.optimize.minimize`,https://github.com/jax-ml/jax/issues/22413,nan_inf,dtype_casting,dtype_casting,dtype_casting,dtype_casting,dtype_casting,dtype_casting,5,4,high,suggestion_only_not_gold
EGNF1000-0308-ca01f08f,jax-ml/jax,Wrong normalization in FFT methods,https://github.com/jax-ml/jax/issues/22466,needs_review,dtype_casting,dtype_casting,dtype_casting,dtype_casting,dtype_casting,dtype_casting,5,4,high,suggestion_only_not_gold
EGNF1000-0309-79fefbe8,jax-ml/jax,[Pallas GPU] The behavior of `jnp.sign(jnp.nan)` in Pallas GPU does not match that of JAX,https://github.com/jax-ml/jax/issues/23504,nan_inf,dtype_casting,dtype_casting,dtype_casting,dtype_casting,dtype_casting,dtype_casting,5,4,high,suggestion_only_not_gold
EGNF1000-0310-c4988591,jax-ml/jax,"When calculating the loss, the input data does not contain NaN, but the output contains NaN",https://github.com/jax-ml/jax/issues/23717,nan_inf,dtype_casting,dtype_casting,dtype_casting,nan_inf,nan_inf,dtype_casting,3,0,medium,suggestion_only_not_gold
EGNF1000-0311-b121247c,jax-ml/jax,[Regression] Gradient explodes after upgrading to JAX 0.4.33 from 0.4.30,https://github.com/jax-ml/jax/issues/24114,nan_inf,dtype_casting,dtype_casting,dtype_casting,dtype_casting,dtype_casting,dtype_casting,5,4,high,suggestion_only_not_gold
EGNF1000-0312-621cf9e3,jax-ml/jax,"Division by self not always ""1.0"" on JAX GPU, but consistently gives ""1.0"" on JAX CPU.",https://github.com/jax-ml/jax/issues/24807,needs_review,dtype_casting,dtype_casting,dtype_casting,dtype_casting,overflow_underflow,dtype_casting,4,3,medium,suggestion_only_not_gold
EGNF1000-0313-48109365,jax-ml/jax,potential jax 0.4.35 release issue?,https://github.com/jax-ml/jax/issues/24826,needs_review,dtype_casting,dtype_casting,dtype_casting,dtype_casting,dtype_casting,dtype_casting,5,4,high,suggestion_only_not_gold
EGNF1000-0314-db86d5ee,jax-ml/jax,`debug_nans` error always says the de-optimized function did not produce NaNs,https://github.com/jax-ml/jax/issues/24955,nan_inf,dtype_casting,dtype_casting,dtype_casting,dtype_casting,overflow_underflow,dtype_casting,4,3,medium,suggestion_only_not_gold
EGNF1000-0315-0fb0588d,jax-ml/jax,Feature request: linalg.eig using nvidia cusolver,https://github.com/jax-ml/jax/issues/27265,needs_review,dtype_casting,dtype_casting,dtype_casting,overflow_underflow,dtype_casting,dtype_casting,4,3,medium,suggestion_only_not_gold
EGNF1000-0316-15c4965d,jax-ml/jax,Array API `default_device()` and `devices()` are incorrect,https://github.com/jax-ml/jax/issues/27606,needs_review,dtype_casting,dtype_casting,dtype_casting,dtype_casting,overflow_underflow,dtype_casting,4,3,medium,suggestion_only_not_gold
EGNF1000-0317-3506c4b1,jax-ml/jax,conv_general_dilated fails on older GPUs (compute cap < 7.5),https://github.com/jax-ml/jax/issues/33224,needs_review,dtype_casting,dtype_casting,dtype_casting,dtype_casting,dtype_casting,dtype_casting,5,4,high,suggestion_only_not_gold
EGNF1000-0318-1f9cce97,jax-ml/jax,jax.errors.JaxRuntimeError: INTERNAL: Autotuning failed for HLO,https://github.com/jax-ml/jax/issues/33715,needs_review,dtype_casting,dtype_casting,dtype_casting,overflow_underflow,dtype_casting,dtype_casting,4,3,medium,suggestion_only_not_gold
EGNF1000-0319-952f98a2,jax-ml/jax,Unsupported ROCm Tests `tests/export_back_compat_test.py`,https://github.com/jax-ml/jax/issues/34511,needs_review,dtype_casting,dtype_casting,dtype_casting,overflow_underflow,dtype_casting,dtype_casting,4,3,medium,suggestion_only_not_gold
EGNF1000-0320-05b7809e,jax-ml/jax,Unexpected result involving `scan` and `vmap`,https://github.com/jax-ml/jax/issues/36958,needs_review,dtype_casting,dtype_casting,dtype_casting,dtype_casting,dtype_casting,dtype_casting,5,4,high,suggestion_only_not_gold
EGNF1000-0321-acda9578,numba/numba,Result caching in Numba,https://github.com/numba/numba/issues/4062,crash_compile,dtype_casting,dtype_casting,dtype_casting,dtype_casting,dtype_casting,dtype_casting,5,4,high,suggestion_only_not_gold
EGNF1000-0322-68f1c2f4,numba/numba,Too slow jit compilation of a function,https://github.com/numba/numba/issues/5696,crash_compile,dtype_casting,dtype_casting,dtype_casting,dtype_casting,crash_compile,dtype_casting,4,2,medium,suggestion_only_not_gold
EGNF1000-0323-bfdd4c1e,pytorch/pytorch,NCCL ISend is not asynchronous,https://github.com/pytorch/pytorch/issues/108378,needs_review,dtype_casting,dtype_casting,dtype_casting,dtype_casting,nan_inf,dtype_casting,4,3,medium,suggestion_only_not_gold
EGNF1000-0324-3cf41050,pytorch/pytorch,torch.nn.functional.embedding segmentation fault on large negative ids,https://github.com/pytorch/pytorch/issues/115416,dtype_casting,precision_tolerance,precision_tolerance,precision_tolerance,dtype_casting,overflow_underflow,precision_tolerance,3,1,medium,suggestion_only_not_gold
EGNF1000-0325-a7b40dc1,pytorch/pytorch,Undocumented fast pass behavior in nn.TransformerEncoderLayer causes failures in test_transformerencoderlayer_cuda_float32 (__main__.TestNNDeviceTypeCUDA),https://github.com/pytorch/pytorch/issues/135150,nan_inf,dtype_casting,dtype_casting,dtype_casting,dtype_casting,nan_inf,dtype_casting,4,2,medium,suggestion_only_not_gold
EGNF1000-0326-be4f4a2d,pytorch/pytorch,overflow in `torch._C._linalg.linalg_cond`,https://github.com/pytorch/pytorch/issues/137466,overflow_underflow,precision_tolerance,precision_tolerance,precision_tolerance,nan_inf,overflow_underflow,precision_tolerance,3,1,medium,suggestion_only_not_gold
EGNF1000-0327-d7df502c,pytorch/pytorch,Illegal Memory Access With `torch.compile`,https://github.com/pytorch/pytorch/issues/139628,overflow_underflow,dtype_casting,dtype_casting,dtype_casting,dtype_casting,dtype_casting,dtype_casting,5,4,high,suggestion_only_not_gold
EGNF1000-0328-c086b924,pytorch/pytorch,Consider relaxing torch.cond's requirement that the outputs of each branch have matching requires_grad metadata,https://github.com/pytorch/pytorch/issues/141259,overflow_underflow,dtype_casting,dtype_casting,dtype_casting,dtype_casting,nan_inf,dtype_casting,4,3,medium,suggestion_only_not_gold
EGNF1000-0329-a819a3c4,pytorch/pytorch,rope perf improvement,https://github.com/pytorch/pytorch/issues/141265,needs_review,dtype_casting,dtype_casting,dtype_casting,precision_tolerance,dtype_casting,dtype_casting,4,3,medium,suggestion_only_not_gold
EGNF1000-0330-b37b173e,pytorch/pytorch,Incorrect error message on incorrect byte boundries on _scaled_mm on fp8,https://github.com/pytorch/pytorch/issues/141749,overflow_underflow,dtype_casting,dtype_casting,dtype_casting,dtype_casting,dtype_casting,dtype_casting,5,4,high,suggestion_only_not_gold
EGNF1000-0331-0e4bf0ac,pytorch/pytorch,linear + relu don't fuse,https://github.com/pytorch/pytorch/issues/152101,overflow_underflow,dtype_casting,dtype_casting,dtype_casting,dtype_casting,dtype_casting,dtype_casting,5,4,high,suggestion_only_not_gold
EGNF1000-0332-2fb17776,pytorch/pytorch,Link check fails on link from comment in torch/_inductor/codegen/cpp.py to Stack Overflow,https://github.com/pytorch/pytorch/issues/153071,overflow_underflow,precision_tolerance,dtype_casting,precision_tolerance,precision_tolerance,precision_tolerance,precision_tolerance,4,3,medium,suggestion_only_not_gold
EGNF1000-0333-fdbc19cd,pytorch/pytorch,Incorrect bf16 results in Conv,https://github.com/pytorch/pytorch/issues/163347,overflow_underflow,dtype_casting,dtype_casting,dtype_casting,dtype_casting,dtype_casting,dtype_casting,5,4,high,suggestion_only_not_gold
EGNF1000-0334-16ad384a,pytorch/pytorch,"torch.compile compiles multiple Triton autotune kernels, but uses the wrong ones",https://github.com/pytorch/pytorch/issues/164124,overflow_underflow,dtype_casting,dtype_casting,dtype_casting,dtype_casting,dtype_casting,dtype_casting,5,4,high,suggestion_only_not_gold
EGNF1000-0335-e76171c5,pytorch/pytorch,Silent failure of torch.stack,https://github.com/pytorch/pytorch/issues/169163,overflow_underflow,dtype_casting,dtype_casting,dtype_casting,overflow_underflow,dtype_casting,dtype_casting,4,2,medium,suggestion_only_not_gold
EGNF1000-0336-b7b5db56,pytorch/pytorch,"[ROCm] MIOpen 3D convolution kernel fails with ""invalid configuration argument"" for Qwen2.5-VL vision encoder - silent fallback causes severe performance regression",https://github.com/pytorch/pytorch/issues/169857,overflow_underflow,dtype_casting,dtype_casting,dtype_casting,overflow_underflow,dtype_casting,dtype_casting,4,2,medium,suggestion_only_not_gold
EGNF1000-0337-c6402122,pytorch/pytorch,Triton kernels with 2 or more tl.load() calls segfault at runtime on sm_120 (NVIDIA RTX PRO 6000 Blackwell). The kernels compile without errors but produce invalid code that crashes on execution.,https://github.com/pytorch/pytorch/issues/176426,overflow_underflow,dtype_casting,dtype_casting,dtype_casting,dtype_casting,dtype_casting,dtype_casting,5,4,high,suggestion_only_not_gold
EGNF1000-0338-a8f3484d,pytorch/pytorch,"torch.dot crashes with SIGFPE (exit code 136) on RTX 5060 Ti (Blackwell, sm_120)",https://github.com/pytorch/pytorch/issues/178038,overflow_underflow,dtype_casting,dtype_casting,dtype_casting,dtype_casting,overflow_underflow,dtype_casting,4,2,medium,suggestion_only_not_gold
EGNF1000-0339-1ff03fde,pytorch/pytorch,torch.compile (CUDA fp32) vs eager gives large max relative error for Conv2d,https://github.com/pytorch/pytorch/issues/178134,overflow_underflow,dtype_casting,dtype_casting,dtype_casting,dtype_casting,dtype_casting,dtype_casting,5,4,high,suggestion_only_not_gold
EGNF1000-0340-171b578f,pytorch/pytorch,Dynamo `TritonHOPifier.call_run` doesn't propagate kernel_source -> `AssertionError`: Can't construct an AttrSource without a valid base source,https://github.com/pytorch/pytorch/issues/178447,overflow_underflow,dtype_casting,dtype_casting,dtype_casting,dtype_casting,dtype_casting,dtype_casting,5,4,high,suggestion_only_not_gold
EGNF1000-0341-6ca94192,pytorch/pytorch,torch.compile incorrectly accepts torch.celu_ with alpha=0 while eager mode errors,https://github.com/pytorch/pytorch/issues/178480,overflow_underflow,dtype_casting,dtype_casting,dtype_casting,dtype_casting,dtype_casting,dtype_casting,5,4,high,suggestion_only_not_gold
EGNF1000-0342-9bffee42,pytorch/pytorch,Missing CSE in TorchInductor,https://github.com/pytorch/pytorch/issues/180957,nan_inf,dtype_casting,dtype_casting,dtype_casting,dtype_casting,dtype_casting,dtype_casting,5,4,high,suggestion_only_not_gold
EGNF1000-0343-793f4005,pytorch/pytorch,Torch.compile crashes with multi-stream and triton kernels,https://github.com/pytorch/pytorch/issues/182084,overflow_underflow,not_numerical_failure,not_numerical_failure,not_numerical_failure,dtype_casting,dtype_casting,not_numerical_failure,3,1,medium,suggestion_only_not_gold
EGNF1000-0344-80405f35,rapidsai/cudf,[BUG] AllocateLikeTest fails when run with CUDA memory resource,https://github.com/rapidsai/cudf/issues/11247,needs_review,dtype_casting,dtype_casting,dtype_casting,dtype_casting,dtype_casting,dtype_casting,5,4,high,suggestion_only_not_gold
EGNF1000-0345-7e65d73e,rapidsai/cudf,"[DOC] Fix and/or remove cuda.h ""File Not Found"" warning in our 10 Minutes docs.",https://github.com/rapidsai/cudf/issues/12630,needs_review,precision_tolerance,dtype_casting,dtype_casting,dtype_casting,precision_tolerance,dtype_casting,3,1,medium,suggestion_only_not_gold
EGNF1000-0346-65022442,rapidsai/cudf,[DOC] `10 Minutes to cuDF And Dask-cuDF` notebook shows jitify warning,https://github.com/rapidsai/cudf/issues/14676,needs_review,precision_tolerance,dtype_casting,dtype_casting,dtype_casting,dtype_casting,dtype_casting,4,3,medium,suggestion_only_not_gold
EGNF1000-0347-2ae764ca,rapidsai/cudf,[BUG] Off-by-1 error in `__floordiv__` binary op,https://github.com/rapidsai/cudf/issues/17073,overflow_underflow,dtype_casting,dtype_casting,dtype_casting,dtype_casting,dtype_casting,dtype_casting,5,4,high,suggestion_only_not_gold
EGNF1000-0348-31208fbf,rapidsai/cudf,[BUG] Jitify error on exit from gtests built with Debug,https://github.com/rapidsai/cudf/issues/17583,needs_review,dtype_casting,dtype_casting,dtype_casting,dtype_casting,nan_inf,dtype_casting,4,3,medium,suggestion_only_not_gold
EGNF1000-0349-86b91506,rapidsai/cudf,[FEA] Timezone conversions for timestamps,https://github.com/rapidsai/cudf/issues/2477,needs_review,dtype_casting,dtype_casting,dtype_casting,dtype_casting,dtype_casting,dtype_casting,5,4,high,suggestion_only_not_gold
EGNF1000-0350-3f6f28a5,rapidsai/cudf,[BUG] dask_cudf.DataFrame.values shows chunktype of numpy ndarray,https://github.com/rapidsai/cudf/issues/4309,nan_inf,dtype_casting,dtype_casting,dtype_casting,dtype_casting,dtype_casting,dtype_casting,5,4,high,suggestion_only_not_gold
EGNF1000-0351-a4616796,rapidsai/cudf,[BUG] Subword tokenizer on rows divisible by 64  gives incorrect results,https://github.com/rapidsai/cudf/issues/6501,needs_review,dtype_casting,dtype_casting,dtype_casting,not_numerical_failure,dtype_casting,dtype_casting,4,3,medium,suggestion_only_not_gold
EGNF1000-0352-cd2c8be1,apache/tvm,[Tracking Issue][TFLite] Support quantized operator import in Relax frontend,https://github.com/apache/tvm/issues/19534,performance_only,nan_inf,dtype_casting,dtype_casting,nan_inf,overflow_underflow,nan_inf,2,0,low,suggestion_only_not_gold
EGNF1000-0353-7cb4c65c,numba/numba,Slow prange/bad parallelization,https://github.com/numba/numba/issues/7246,performance_only,dtype_casting,dtype_casting,dtype_casting,dtype_casting,dtype_casting,dtype_casting,5,4,high,suggestion_only_not_gold
EGNF1000-0354-b6ebc2c3,triton-lang/triton,"[""RFC""] Adding end-to-end regression tests",https://github.com/triton-lang/triton/issues/1603,performance_only,overflow_underflow,dtype_casting,dtype_casting,overflow_underflow,overflow_underflow,overflow_underflow,3,1,medium,suggestion_only_not_gold
EGNF1000-0355-836d146e,triton-lang/triton,[AMD] Enable BufferOps Support with tl.make_block_ptr,https://github.com/triton-lang/triton/issues/6293,overflow_underflow,dtype_casting,dtype_casting,dtype_casting,dtype_casting,dtype_casting,dtype_casting,5,4,high,suggestion_only_not_gold
EGNF1000-0356-3b0db177,triton-lang/triton,CUDA failure with (1-dimensional) arrays >2Gi elements long,https://github.com/triton-lang/triton/issues/9306,needs_review,nan_inf,dtype_casting,dtype_casting,dtype_casting,dtype_casting,dtype_casting,4,3,medium,suggestion_only_not_gold
EGNF1000-0357-c7ea1dab,pytorch/pytorch,[Inductor][CPU][float16] LayerNorm outputs NaN when input contains Inf,https://github.com/pytorch/pytorch/issues/173885,nan_inf,nan_inf,nan_inf,nan_inf,nan_inf,nan_inf,nan_inf,6,6,high,suggestion_only_not_gold
EGNF1000-0358-53d33643,cupy/cupy,About unified memory in Cupy,https://github.com/cupy/cupy/issues/3127,needs_review,overflow_underflow,overflow_underflow,overflow_underflow,overflow_underflow,dtype_casting,overflow_underflow,4,3,medium,suggestion_only_not_gold
EGNF1000-0359-612f303f,cupy/cupy,ROCm: Support rocFFT,https://github.com/cupy/cupy/issues/3892,needs_review,dtype_casting,dtype_casting,dtype_casting,overflow_underflow,overflow_underflow,dtype_casting,3,1,medium,suggestion_only_not_gold
EGNF1000-0360-ddebb31a,cupy/cupy,matmul fails to handle overflows for uint64 properly,https://github.com/cupy/cupy/issues/3941,needs_review,overflow_underflow,overflow_underflow,overflow_underflow,overflow_underflow,overflow_underflow,overflow_underflow,5,4,high,suggestion_only_not_gold
EGNF1000-0361-3b70906b,cupy/cupy,Catch incompatible CUDA version,https://github.com/cupy/cupy/issues/4660,nan_inf,overflow_underflow,overflow_underflow,overflow_underflow,overflow_underflow,overflow_underflow,overflow_underflow,5,4,high,suggestion_only_not_gold
EGNF1000-0362-417b0db2,cupy/cupy,Overflow on computing pointers,https://github.com/cupy/cupy/issues/5737,overflow_underflow,dtype_casting,dtype_casting,dtype_casting,overflow_underflow,overflow_underflow,dtype_casting,3,0,medium,suggestion_only_not_gold
EGNF1000-0363-a7096ac2,cupy/cupy,Matmul result overflowing despite casting to higher precision data type,https://github.com/cupy/cupy/issues/6566,overflow_underflow,dtype_casting,dtype_casting,dtype_casting,dtype_casting,overflow_underflow,dtype_casting,4,2,medium,suggestion_only_not_gold
EGNF1000-0364-9630fdfe,cupy/cupy,c_nnz overflowing,https://github.com/cupy/cupy/issues/6864,overflow_underflow,dtype_casting,dtype_casting,dtype_casting,overflow_underflow,dtype_casting,dtype_casting,4,2,medium,suggestion_only_not_gold
EGNF1000-0365-83b29bbf,cupy/cupy,center_of_mass much slower than expected?,https://github.com/cupy/cupy/issues/7046,dtype_casting,overflow_underflow,overflow_underflow,dtype_casting,overflow_underflow,overflow_underflow,overflow_underflow,4,2,medium,suggestion_only_not_gold
EGNF1000-0366-b083cdc9,cupy/cupy,Issue with piecewise log functions in Sympy->Cupy lambdify chain,https://github.com/cupy/cupy/issues/7872,nan_inf,dtype_casting,dtype_casting,dtype_casting,dtype_casting,nan_inf,dtype_casting,4,2,medium,suggestion_only_not_gold
EGNF1000-0367-583fb462,cupy/cupy,FFT plan cache is not stream-safe,https://github.com/cupy/cupy/issues/8079,needs_review,dtype_casting,dtype_casting,dtype_casting,overflow_underflow,overflow_underflow,dtype_casting,3,1,medium,suggestion_only_not_gold
EGNF1000-0368-154dcf61,cupy/cupy,Implement cupy.ndarray == None and cupy.ndarray != None,https://github.com/cupy/cupy/issues/8560,nan_inf,nan_inf,dtype_casting,dtype_casting,dtype_casting,overflow_underflow,dtype_casting,3,1,medium,suggestion_only_not_gold
EGNF1000-0369-e7cbc631,cupy/cupy,binary_erosion vs. broadcasted inputs,https://github.com/cupy/cupy/issues/8912,needs_review,dtype_casting,dtype_casting,dtype_casting,overflow_underflow,dtype_casting,dtype_casting,4,3,medium,suggestion_only_not_gold
EGNF1000-0370-a220e052,cupy/cupy,CUDA driver version is insufficient for CUDA runtime version,https://github.com/cupy/cupy/issues/9252,needs_review,dtype_casting,dtype_casting,dtype_casting,overflow_underflow,dtype_casting,dtype_casting,4,3,medium,suggestion_only_not_gold
EGNF1000-0371-b9e5d9ce,numba/numba,Reduce CUDA launch overhead,https://github.com/numba/numba/issues/3003,needs_review,dtype_casting,dtype_casting,dtype_casting,dtype_casting,not_numerical_failure,dtype_casting,4,3,medium,suggestion_only_not_gold
EGNF1000-0372-14a7ddc5,numba/numba,paralled numpy array error:,https://github.com/numba/numba/issues/4438,needs_review,dtype_casting,dtype_casting,dtype_casting,dtype_casting,dtype_casting,dtype_casting,5,4,high,suggestion_only_not_gold
EGNF1000-0373-b07693d9,numba/numba,Python 3.9 Support,https://github.com/numba/numba/issues/6345,needs_review,dtype_casting,dtype_casting,dtype_casting,dtype_casting,dtype_casting,dtype_casting,5,4,high,suggestion_only_not_gold
EGNF1000-0374-837e9a88,numba/numba,0.52.0RC1 issues,https://github.com/numba/numba/issues/6371,needs_review,dtype_casting,dtype_casting,dtype_casting,dtype_casting,dtype_casting,dtype_casting,5,4,high,suggestion_only_not_gold
EGNF1000-0375-e87257f8,numba/numba,RISC-V Support,https://github.com/numba/numba/issues/6559,needs_review,dtype_casting,dtype_casting,dtype_casting,overflow_underflow,nan_inf,dtype_casting,3,2,medium,suggestion_only_not_gold
EGNF1000-0376-5d6a557c,numba/numba,float128 support,https://github.com/numba/numba/issues/8830,needs_review,dtype_casting,dtype_casting,dtype_casting,dtype_casting,dtype_casting,dtype_casting,5,4,high,suggestion_only_not_gold
EGNF1000-0377-e9c1c448,numba/numba,"Unexpected ""CUDA error: the launch timed out and was terminated"" or `CUDA_ERROR_LAUNCH_TIMEOUT`",https://github.com/numba/numba/issues/9381,needs_review,dtype_casting,dtype_casting,dtype_casting,dtype_casting,dtype_casting,dtype_casting,5,4,high,suggestion_only_not_gold
EGNF1000-0378-b813018c,pytorch/pytorch,LayerNorm/RMSNorm's gamma beta backward kernel produced wrong results on AMD RDNA GPUs,https://github.com/pytorch/pytorch/issues/183861,nan_inf,nan_inf,dtype_casting,dtype_casting,nan_inf,dtype_casting,nan_inf,3,0,medium,suggestion_only_not_gold
EGNF1000-0379-29f5d7c5,rapidsai/cuml,[CI] test_kernel_density fails with numerical overflow due to mismatch in `score_samples` dtype,https://github.com/rapidsai/cuml/issues/7236,nan_inf,dtype_casting,dtype_casting,dtype_casting,dtype_casting,dtype_casting,dtype_casting,5,4,high,suggestion_only_not_gold
EGNF1000-0380-4be61aa7,triton-lang/triton,"Do tensors and corresponding operators such as reshape, ravel, dot in triton support >=3 dimensions?",https://github.com/triton-lang/triton/issues/1129,needs_review,dtype_casting,dtype_casting,dtype_casting,dtype_casting,dtype_casting,dtype_casting,5,4,high,suggestion_only_not_gold
EGNF1000-0381-a2f7c534,jax-ml/jax,Square on large complex(64) inputs return incorrect results,https://github.com/jax-ml/jax/issues/19751,nan_inf,dtype_casting,dtype_casting,dtype_casting,dtype_casting,nan_inf,dtype_casting,4,2,medium,suggestion_only_not_gold
EGNF1000-0382-b3d0d435,jax-ml/jax,`linalg.lstsq` incorrectly returns nans,https://github.com/jax-ml/jax/issues/26468,nan_inf,nan_inf,dtype_casting,dtype_casting,nan_inf,nan_inf,nan_inf,4,2,medium,suggestion_only_not_gold
EGNF1000-0383-102e94c7,jax-ml/jax,"State of jax.scipy.special functions: tested by evaluation or autograd, incorrectness and missing functionality",https://github.com/jax-ml/jax/issues/27088,nan_inf,dtype_casting,dtype_casting,dtype_casting,dtype_casting,dtype_casting,dtype_casting,5,4,high,suggestion_only_not_gold
EGNF1000-0384-4f477ca2,jax-ml/jax,[Bug] JIT constant folding produces wrong results for 2D gather.,https://github.com/jax-ml/jax/issues/33479,dtype_casting,dtype_casting,dtype_casting,dtype_casting,dtype_casting,dtype_casting,dtype_casting,6,6,high,suggestion_only_not_gold
EGNF1000-0385-49bb4798,jax-ml/jax,sharded x64 arange gives wrong results,https://github.com/jax-ml/jax/issues/35896,overflow_underflow,dtype_casting,dtype_casting,dtype_casting,dtype_casting,dtype_casting,dtype_casting,5,4,high,suggestion_only_not_gold
EGNF1000-0386-df8a729c,pytorch/pytorch,Significant precision error from torch.compile,https://github.com/pytorch/pytorch/issues/145213,overflow_underflow,dtype_casting,dtype_casting,dtype_casting,dtype_casting,overflow_underflow,dtype_casting,4,2,medium,suggestion_only_not_gold
EGNF1000-0387-c75cdfea,jax-ml/jax,BUG: f64 sorting broken on TPU,https://github.com/jax-ml/jax/issues/11831,nan_inf,nan_inf,nan_inf,nan_inf,nan_inf,overflow_underflow,nan_inf,5,4,high,suggestion_only_not_gold
EGNF1000-0388-44da768e,jax-ml/jax,simple pallas kernel hangs when input size exceeds some threshold,https://github.com/jax-ml/jax/issues/21282,dtype_casting,dtype_casting,dtype_casting,dtype_casting,dtype_casting,dtype_casting,dtype_casting,6,6,high,suggestion_only_not_gold
EGNF1000-0389-48a22081,pytorch/pytorch,multiplication and softmax throws incorrect results under torch.compile,https://github.com/pytorch/pytorch/issues/161150,nan_inf,nan_inf,nan_inf,nan_inf,nan_inf,precision_tolerance,nan_inf,5,4,high,suggestion_only_not_gold
EGNF1000-0390-c97687f2,pytorch/pytorch,"`torch.linspace` with `inf` endpoint and `float16` dtype returns all `nan`,inconsistent with NumPy",https://github.com/pytorch/pytorch/issues/165537,nan_inf,nan_inf,nan_inf,nan_inf,nan_inf,nan_inf,nan_inf,6,6,high,suggestion_only_not_gold
EGNF1000-0391-5433e10c,pytorch/pytorch,Inconsistent in `torch.fft.irfft` and `torch.fft.ifftn` for complex64 inputs containing `Inf`,https://github.com/pytorch/pytorch/issues/165739,nan_inf,nan_inf,nan_inf,nan_inf,nan_inf,nan_inf,nan_inf,6,6,high,suggestion_only_not_gold
EGNF1000-0392-a97d970e,pytorch/pytorch,Inconsistency in `conv_transpose2d` for float16 with inf weights between CPU and CUDA,https://github.com/pytorch/pytorch/issues/165744,nan_inf,nan_inf,nan_inf,nan_inf,nan_inf,nan_inf,nan_inf,6,6,high,suggestion_only_not_gold
EGNF1000-0393-3f9f831a,pytorch/pytorch,Reduce Overhead and Max Autotune NaN,https://github.com/pytorch/pytorch/issues/169082,nan_inf,nan_inf,dtype_casting,dtype_casting,nan_inf,nan_inf,nan_inf,4,2,medium,suggestion_only_not_gold
EGNF1000-0394-0478f57e,pytorch/pytorch,GPU two-pass variance: intermediate squared values overflow float32. CPU Welford online algorithm avoids overflow.,https://github.com/pytorch/pytorch/issues/180156,nan_inf,nan_inf,dtype_casting,dtype_casting,nan_inf,dtype_casting,nan_inf,3,0,medium,suggestion_only_not_gold
EGNF1000-0395-1f60daf6,pytorch/pytorch,torch.compile overflows torch.sinh near float32 boundary while eager returns finite values,https://github.com/pytorch/pytorch/issues/183763,nan_inf,nan_inf,nan_inf,nan_inf,nan_inf,dtype_casting,nan_inf,5,4,high,suggestion_only_not_gold
EGNF1000-0396-b45be3e1,pytorch/pytorch,torch.compile overflows torch.cosh near float32 boundary while eager returns finite values,https://github.com/pytorch/pytorch/issues/183765,nan_inf,nan_inf,nan_inf,nan_inf,nan_inf,nan_inf,nan_inf,6,6,high,suggestion_only_not_gold
EGNF1000-0397-cd5e50b1,pytorch/pytorch,torch.compile produces int32-overflowed results for int64 arange multiplication on CUDA,https://github.com/pytorch/pytorch/issues/183901,overflow_underflow,dtype_casting,dtype_casting,dtype_casting,dtype_casting,dtype_casting,dtype_casting,5,4,high,suggestion_only_not_gold
EGNF1000-0398-bf53bfed,pytorch/pytorch,"When dist.broadcast float32 to int64, it will silently generate wrong results",https://github.com/pytorch/pytorch/issues/91535,dtype_casting,dtype_casting,dtype_casting,dtype_casting,nan_inf,nan_inf,dtype_casting,4,2,medium,suggestion_only_not_gold
EGNF1000-0399-8fab9d9b,pytorch/pytorch,Overflow when running torch.nn.AdaptiveMaxPool2d,https://github.com/pytorch/pytorch/issues/91552,overflow_underflow,nan_inf,dtype_casting,dtype_casting,nan_inf,overflow_underflow,nan_inf,2,0,low,suggestion_only_not_gold
EGNF1000-0400-e2904819,jax-ml/jax,Edge case: Normal CDF incorrect when called with extremely small integer value if location is specified as integer array,https://github.com/jax-ml/jax/issues/24059,nan_inf,dtype_casting,dtype_casting,dtype_casting,dtype_casting,dtype_casting,dtype_casting,5,4,high,suggestion_only_not_gold
EGNF1000-0401-7de0130f,pytorch/pytorch,`torch.compile` fails on `nn.CTCLoss` with missing fake impl for `aten._use_cudnn_ctc_loss.Tensor`,https://github.com/pytorch/pytorch/issues/183396,dtype_casting,dtype_casting,dtype_casting,dtype_casting,dtype_casting,dtype_casting,dtype_casting,6,6,high,suggestion_only_not_gold
EGNF1000-0402-9082c415,jax-ml/jax,Multiplying Nan by False give 0. instead of NaN,https://github.com/jax-ml/jax/issues/12233,nan_inf,nan_inf,nan_inf,nan_inf,nan_inf,overflow_underflow,nan_inf,5,4,high,suggestion_only_not_gold
EGNF1000-0403-081467f1,jax-ml/jax,`jnp.linalg.lstsq` produces NaN tangents,https://github.com/jax-ml/jax/issues/14868,nan_inf,dtype_casting,dtype_casting,dtype_casting,nan_inf,dtype_casting,dtype_casting,4,2,medium,suggestion_only_not_gold
EGNF1000-0404-b92875c2,jax-ml/jax,Bad return values from `jax.random.poisson` when `lam` is `jnp.inf`,https://github.com/jax-ml/jax/issues/16164,nan_inf,nan_inf,nan_inf,nan_inf,nan_inf,dtype_casting,nan_inf,5,4,high,suggestion_only_not_gold
EGNF1000-0405-3afe4db3,jax-ml/jax,JAX dtype conversion seems incorrect,https://github.com/jax-ml/jax/issues/17198,dtype_casting,dtype_casting,dtype_casting,dtype_casting,dtype_casting,dtype_casting,dtype_casting,6,6,high,suggestion_only_not_gold
EGNF1000-0406-968d2f7c,jax-ml/jax,Running Pallas issue,https://github.com/jax-ml/jax/issues/17311,needs_review,dtype_casting,dtype_casting,dtype_casting,dtype_casting,dtype_casting,dtype_casting,5,4,high,suggestion_only_not_gold
EGNF1000-0407-532905ec,jax-ml/jax,jnp.min or jnp.max returns nan if input array dtype is fp8,https://github.com/jax-ml/jax/issues/19011,nan_inf,dtype_casting,dtype_casting,dtype_casting,dtype_casting,dtype_casting,dtype_casting,5,4,high,suggestion_only_not_gold
EGNF1000-0408-386faac7,jax-ml/jax,Unexpected NaN when signing `±inf + 0j`,https://github.com/jax-ml/jax/issues/25679,nan_inf,nan_inf,nan_inf,nan_inf,nan_inf,nan_inf,nan_inf,6,6,high,suggestion_only_not_gold
EGNF1000-0409-bbefc061,jax-ml/jax,Unexpected NaN gradient of `jnp.abs` at `±inf + 0j`,https://github.com/jax-ml/jax/issues/25681,nan_inf,nan_inf,nan_inf,nan_inf,nan_inf,overflow_underflow,nan_inf,5,4,high,suggestion_only_not_gold
EGNF1000-0410-e17eea28,jax-ml/jax,Comparison of large unsigned and signed integers returns incorrect results,https://github.com/jax-ml/jax/issues/27021,dtype_casting,dtype_casting,dtype_casting,dtype_casting,dtype_casting,dtype_casting,dtype_casting,6,6,high,suggestion_only_not_gold
EGNF1000-0411-213e10af,jax-ml/jax,Incorrect sum-operation results on bfloat16,https://github.com/jax-ml/jax/issues/29323,dtype_casting,dtype_casting,dtype_casting,dtype_casting,dtype_casting,dtype_casting,dtype_casting,6,6,high,suggestion_only_not_gold
EGNF1000-0412-61e63c8c,jax-ml/jax,`jax.nn.dot_product_attention` silently produces incorrect results on TPU v6e,https://github.com/jax-ml/jax/issues/35916,nan_inf,dtype_casting,dtype_casting,dtype_casting,dtype_casting,dtype_casting,dtype_casting,5,4,high,suggestion_only_not_gold
EGNF1000-0413-55a37a6c,jax-ml/jax,`jax.jit` produces NaN/Inf from softmax when pre-activation values are very large; eager returns finite output,https://github.com/jax-ml/jax/issues/37234,nan_inf,nan_inf,nan_inf,nan_inf,nan_inf,overflow_underflow,nan_inf,5,4,high,suggestion_only_not_gold
EGNF1000-0414-d40a4b00,pytorch/pytorch,arctan2 fp16 error when optimising,https://github.com/pytorch/pytorch/issues/115785,nan_inf,dtype_casting,dtype_casting,dtype_casting,nan_inf,nan_inf,dtype_casting,3,0,medium,suggestion_only_not_gold
EGNF1000-0415-a5243317,pytorch/pytorch,copy_() produces wrong results for boolean tensors on mps,https://github.com/pytorch/pytorch/issues/121439,dtype_casting,dtype_casting,dtype_casting,dtype_casting,nan_inf,nan_inf,dtype_casting,4,2,medium,suggestion_only_not_gold
EGNF1000-0416-6c95901b,pytorch/pytorch,Inconsistent behavior of cdist with half-precision inputs,https://github.com/pytorch/pytorch/issues/136748,overflow_underflow,dtype_casting,dtype_casting,dtype_casting,nan_inf,dtype_casting,dtype_casting,4,3,medium,suggestion_only_not_gold
EGNF1000-0417-da0aa931,pytorch/pytorch,Unexpected float32 overflow for amp training with torch.compile,https://github.com/pytorch/pytorch/issues/153044,nan_inf,dtype_casting,dtype_casting,dtype_casting,nan_inf,nan_inf,dtype_casting,3,0,medium,suggestion_only_not_gold
EGNF1000-0418-9d93ce90,pytorch/pytorch,"`torch.bmm`+`torch.compile` no longer works in 2.9, but worked in 2.8",https://github.com/pytorch/pytorch/issues/165892,overflow_underflow,dtype_casting,dtype_casting,dtype_casting,dtype_casting,dtype_casting,dtype_casting,5,4,high,suggestion_only_not_gold
EGNF1000-0419-3b6b3a38,pytorch/pytorch,[nondeterminism][inconsistency] ctc_loss sometimes return incorrect results,https://github.com/pytorch/pytorch/issues/174602,dtype_casting,dtype_casting,dtype_casting,dtype_casting,dtype_casting,dtype_casting,dtype_casting,6,6,high,suggestion_only_not_gold
EGNF1000-0420-3bfdbbfe,pytorch/pytorch,CUDA torch.signbit returns false for negative float16 NaN,https://github.com/pytorch/pytorch/issues/181806,nan_inf,nan_inf,nan_inf,nan_inf,nan_inf,nan_inf,nan_inf,6,6,high,suggestion_only_not_gold
EGNF1000-0421-d614e13b,pytorch/pytorch,Add torch.utils.nan_guard for forward-pass NaN/Inf debugging,https://github.com/pytorch/pytorch/issues/182156,nan_inf,nan_inf,nan_inf,nan_inf,nan_inf,nan_inf,nan_inf,6,6,high,suggestion_only_not_gold
EGNF1000-0422-86088458,pytorch/pytorch,Inductor generates redundant upcast_to_fp32,https://github.com/pytorch/pytorch/issues/182430,dtype_casting,dtype_casting,dtype_casting,dtype_casting,dtype_casting,dtype_casting,dtype_casting,6,6,high,suggestion_only_not_gold
EGNF1000-0423-d5b23992,pytorch/pytorch,torch.remainder and torch.fmod produce wrong results,https://github.com/pytorch/pytorch/issues/86074,dtype_casting,nan_inf,dtype_casting,dtype_casting,nan_inf,nan_inf,nan_inf,3,0,medium,suggestion_only_not_gold
EGNF1000-0424-35b87e7e,pytorch/pytorch,cpu log1p for bfloat16 gives wrong result.,https://github.com/pytorch/pytorch/issues/94333,nan_inf,dtype_casting,dtype_casting,dtype_casting,nan_inf,overflow_underflow,dtype_casting,3,1,medium,suggestion_only_not_gold
EGNF1000-0425-901b0426,rapidsai/cuml,Got issue with OneHotEncoder output's datatype,https://github.com/rapidsai/cuml/issues/5338,nan_inf,dtype_casting,dtype_casting,dtype_casting,dtype_casting,dtype_casting,dtype_casting,5,4,high,suggestion_only_not_gold
EGNF1000-0426-11b9f22d,triton-lang/triton,triton generates unnecessary shared memory stores/loads,https://github.com/triton-lang/triton/issues/3491,nan_inf,nan_inf,dtype_casting,dtype_casting,nan_inf,nan_inf,nan_inf,4,2,medium,suggestion_only_not_gold
EGNF1000-0427-a2c0a88a,triton-lang/triton,Wrong results where one of the args is assigned to constant inside the kernel,https://github.com/triton-lang/triton/issues/741,dtype_casting,nan_inf,dtype_casting,dtype_casting,dtype_casting,dtype_casting,dtype_casting,5,4,high,suggestion_only_not_gold
EGNF1000-0428-ae536b4f,triton-lang/triton,Simple kernel generate unexpected NaN on AMD GPU,https://github.com/triton-lang/triton/issues/8306,nan_inf,dtype_casting,dtype_casting,dtype_casting,dtype_casting,dtype_casting,dtype_casting,5,4,high,suggestion_only_not_gold
EGNF1000-0429-420d139f,jax-ml/jax,"On GPU, jnp.min incorrectly returns 0 when reducing multiple axes over FP16 array",https://github.com/jax-ml/jax/issues/18573,nan_inf,dtype_casting,dtype_casting,dtype_casting,dtype_casting,dtype_casting,dtype_casting,5,4,high,suggestion_only_not_gold
EGNF1000-0430-15ee5c57,jax-ml/jax,Pallas FlashAttention fails with bfloat16 activations on TPU v3,https://github.com/jax-ml/jax/issues/18595,dtype_casting,dtype_casting,dtype_casting,dtype_casting,dtype_casting,dtype_casting,dtype_casting,6,6,high,suggestion_only_not_gold
EGNF1000-0431-6a7ff4c4,jax-ml/jax,Pallas Attention Kernel Wrong results when length of query != length of KV,https://github.com/jax-ml/jax/issues/24491,dtype_casting,dtype_casting,dtype_casting,dtype_casting,dtype_casting,dtype_casting,dtype_casting,6,6,high,suggestion_only_not_gold
EGNF1000-0432-a41dde6d,jax-ml/jax,Wrong `jnp.nonzero` result with `O1`,https://github.com/jax-ml/jax/issues/37382,dtype_casting,dtype_casting,dtype_casting,dtype_casting,dtype_casting,dtype_casting,dtype_casting,6,6,high,suggestion_only_not_gold
EGNF1000-0433-437b5e1d,pytorch/pytorch,conv2d wrong results on 3090/3090ti,https://github.com/pytorch/pytorch/issues/107514,dtype_casting,nan_inf,dtype_casting,dtype_casting,nan_inf,dtype_casting,dtype_casting,4,2,medium,suggestion_only_not_gold
EGNF1000-0434-c308a8a7,pytorch/pytorch,conv3d bfloat16 wrong result,https://github.com/pytorch/pytorch/issues/163539,nan_inf,dtype_casting,dtype_casting,dtype_casting,dtype_casting,dtype_casting,dtype_casting,5,4,high,suggestion_only_not_gold
EGNF1000-0435-a7bb9850,pytorch/pytorch,"[Inductor] F.lp_pool{1,2,3}d fail with OverflowError when norm_type=float('inf')",https://github.com/pytorch/pytorch/issues/170937,nan_inf,nan_inf,nan_inf,nan_inf,nan_inf,dtype_casting,nan_inf,5,4,high,suggestion_only_not_gold
EGNF1000-0436-3a433c88,pytorch/pytorch,RuntimeError: Function 'ScaledDotProductEfficientAttentionBackward0' returned nan values in its 0th output when using attn_mask in SDPA backward,https://github.com/pytorch/pytorch/issues/178251,nan_inf,nan_inf,nan_inf,nan_inf,nan_inf,nan_inf,nan_inf,6,6,high,suggestion_only_not_gold
EGNF1000-0437-07a58c9c,pytorch/pytorch,Inconsistent logdet behavior between CPU and GPU on near-singular matrices (Ada GPU),https://github.com/pytorch/pytorch/issues/180637,nan_inf,nan_inf,nan_inf,nan_inf,nan_inf,nan_inf,nan_inf,6,6,high,suggestion_only_not_gold
EGNF1000-0438-4bc434e2,pytorch/pytorch,CUDA torch.copysign ignores the sign bit of negative float16 NaN,https://github.com/pytorch/pytorch/issues/181804,nan_inf,nan_inf,dtype_casting,dtype_casting,nan_inf,nan_inf,nan_inf,4,2,medium,suggestion_only_not_gold
EGNF1000-0439-bd99ee83,pytorch/pytorch,[Bug] DataLoader worker segmentation fault in multi-task training with long sequences and numerical instability,https://github.com/pytorch/pytorch/issues/181853,nan_inf,nan_inf,nan_inf,nan_inf,overflow_underflow,nan_inf,nan_inf,5,4,high,suggestion_only_not_gold
EGNF1000-0440-c3ff9ed3,pytorch/pytorch,torch.compile changes fp16 overflow behavior for cast-to-float16 multiplication,https://github.com/pytorch/pytorch/issues/183607,nan_inf,dtype_casting,dtype_casting,dtype_casting,nan_inf,dtype_casting,dtype_casting,4,2,medium,suggestion_only_not_gold
EGNF1000-0441-57cabd8b,pytorch/pytorch,torch.compile returns inf for torch.asinh on large finite float32 inputs while eager returns finite values,https://github.com/pytorch/pytorch/issues/183767,nan_inf,nan_inf,nan_inf,nan_inf,nan_inf,nan_inf,nan_inf,6,6,high,suggestion_only_not_gold
EGNF1000-0442-7268bb74,pytorch/pytorch,torch.compile returns inf for torch.acosh on large finite float32 inputs while eager returns finite values,https://github.com/pytorch/pytorch/issues/183768,nan_inf,nan_inf,nan_inf,nan_inf,nan_inf,nan_inf,nan_inf,6,6,high,suggestion_only_not_gold
EGNF1000-0443-0ed570aa,pytorch/pytorch,zeta(1/2) returns nan,https://github.com/pytorch/pytorch/issues/68110,nan_inf,nan_inf,nan_inf,nan_inf,nan_inf,nan_inf,nan_inf,6,6,high,suggestion_only_not_gold
EGNF1000-0444-321a4026,rapidsai/cudf,[BUG] .to_parquet() and .to_csv() fails and get OOM with large DataFrames.,https://github.com/rapidsai/cudf/issues/10426,dtype_casting,dtype_casting,dtype_casting,dtype_casting,dtype_casting,nan_inf,dtype_casting,5,4,high,suggestion_only_not_gold
EGNF1000-0445-d9c1b5a4,rapidsai/cuml,[BUG] Sporadic RFBatchedRegTests fail in CI,https://github.com/rapidsai/cuml/issues/3906,nan_inf,dtype_casting,dtype_casting,dtype_casting,not_numerical_failure,nan_inf,dtype_casting,3,1,medium,suggestion_only_not_gold
EGNF1000-0446-fc8df679,rapidsai/cuml,[BUG] Linear Regression: Hangs on non-finite inputs,https://github.com/rapidsai/cuml/issues/4962,nan_inf,not_numerical_failure,dtype_casting,dtype_casting,dtype_casting,nan_inf,dtype_casting,3,1,medium,suggestion_only_not_gold
EGNF1000-0447-2c107db9,triton-lang/triton,[jit] [semantic inconsistency] `tl.argmax` outputs diffferently between jit and inpreter when meeting `nan`,https://github.com/triton-lang/triton/issues/10291,nan_inf,nan_inf,nan_inf,nan_inf,nan_inf,dtype_casting,nan_inf,5,4,high,suggestion_only_not_gold
EGNF1000-0448-3224be19,triton-lang/triton,Incorrect results from `warp_specialize=True`,https://github.com/triton-lang/triton/issues/8311,nan_inf,dtype_casting,dtype_casting,dtype_casting,dtype_casting,dtype_casting,dtype_casting,5,4,high,suggestion_only_not_gold
EGNF1000-0449-5f332cca,jax-ml/jax,Include the return path when reporting an overflow on a `jit` function output,https://github.com/jax-ml/jax/issues/15631,overflow_underflow,dtype_casting,dtype_casting,dtype_casting,dtype_casting,overflow_underflow,dtype_casting,4,2,medium,suggestion_only_not_gold
EGNF1000-0450-d2b826d1,jax-ml/jax,"argfirst support for bool array or int array with (0, 1) values",https://github.com/jax-ml/jax/issues/16638,nan_inf,dtype_casting,dtype_casting,dtype_casting,dtype_casting,dtype_casting,dtype_casting,5,4,high,suggestion_only_not_gold
EGNF1000-0451-bf149908,jax-ml/jax,Retain number of invalid/clipped derivatives in a JIT-compiled function?,https://github.com/jax-ml/jax/issues/2796,nan_inf,overflow_underflow,dtype_casting,dtype_casting,nan_inf,nan_inf,nan_inf,3,1,medium,suggestion_only_not_gold
EGNF1000-0452-4be18351,jax-ml/jax,jnp.unwrap produces incorrect results for int8 input,https://github.com/jax-ml/jax/issues/31612,dtype_casting,dtype_casting,dtype_casting,dtype_casting,dtype_casting,overflow_underflow,dtype_casting,5,4,high,suggestion_only_not_gold
EGNF1000-0453-3486c79c,jax-ml/jax,cuDNN dot_product_attention NaNs with FP32 bias,https://github.com/jax-ml/jax/issues/32242,nan_inf,dtype_casting,dtype_casting,dtype_casting,dtype_casting,dtype_casting,dtype_casting,5,4,high,suggestion_only_not_gold
EGNF1000-0454-2f6109c1,jax-ml/jax,`jax.random.weibull_min` uses shape and dtype information incorrectly,https://github.com/jax-ml/jax/issues/35493,dtype_casting,dtype_casting,dtype_casting,dtype_casting,dtype_casting,dtype_casting,dtype_casting,6,6,high,suggestion_only_not_gold
EGNF1000-0455-a55146cf,jax-ml/jax,Add an `unroll` parameter to `while_loop`,https://github.com/jax-ml/jax/issues/35702,nan_inf,dtype_casting,dtype_casting,dtype_casting,not_numerical_failure,overflow_underflow,dtype_casting,3,2,medium,suggestion_only_not_gold
EGNF1000-0456-55ebca9a,jax-ml/jax,np.exp outputs negative numbers on cpu,https://github.com/jax-ml/jax/issues/900,nan_inf,nan_inf,dtype_casting,dtype_casting,nan_inf,dtype_casting,nan_inf,3,0,medium,suggestion_only_not_gold
EGNF1000-0457-ac2f2736,pytorch/pytorch,`torch.distributions.Pareto.sample` sometimes gives `inf`,https://github.com/pytorch/pytorch/issues/107821,nan_inf,dtype_casting,dtype_casting,dtype_casting,nan_inf,dtype_casting,dtype_casting,4,2,medium,suggestion_only_not_gold
EGNF1000-0458-556dffa0,pytorch/pytorch,Wrongly returns nan for vectorized complex numbers division on PPC/ZArch,https://github.com/pytorch/pytorch/issues/109870,nan_inf,nan_inf,nan_inf,dtype_casting,nan_inf,dtype_casting,nan_inf,4,2,medium,suggestion_only_not_gold
EGNF1000-0459-21b68557,pytorch/pytorch,Depthwise conv2d op produces nan values with non-nan input,https://github.com/pytorch/pytorch/issues/121715,nan_inf,nan_inf,dtype_casting,dtype_casting,nan_inf,dtype_casting,nan_inf,3,0,medium,suggestion_only_not_gold
EGNF1000-0460-299be6fb,pytorch/pytorch,Integer overflow while creating nested tensors,https://github.com/pytorch/pytorch/issues/135930,overflow_underflow,dtype_casting,dtype_casting,dtype_casting,nan_inf,overflow_underflow,dtype_casting,3,1,medium,suggestion_only_not_gold
EGNF1000-0461-f6c983fb,pytorch/pytorch,[Inductor] `ConvTranspose` does not check different `dtypes` with Inductor,https://github.com/pytorch/pytorch/issues/142479,dtype_casting,not_numerical_failure,dtype_casting,dtype_casting,dtype_casting,dtype_casting,dtype_casting,5,4,high,suggestion_only_not_gold
EGNF1000-0462-38d9b33b,pytorch/pytorch,Support alpha=inf consistently for torch.celu,https://github.com/pytorch/pytorch/issues/148065,nan_inf,nan_inf,nan_inf,nan_inf,nan_inf,nan_inf,nan_inf,6,6,high,suggestion_only_not_gold
EGNF1000-0463-19ac1dbc,pytorch/pytorch,Make scaler.step() return if step was skipped or not,https://github.com/pytorch/pytorch/issues/152279,overflow_underflow,not_numerical_failure,not_numerical_failure,not_numerical_failure,dtype_casting,nan_inf,not_numerical_failure,3,2,medium,suggestion_only_not_gold
EGNF1000-0464-7c1b65f1,pytorch/pytorch,[MPS] Complex `abs` overflows/underflows with large/small inputs,https://github.com/pytorch/pytorch/issues/174246,nan_inf,nan_inf,dtype_casting,dtype_casting,nan_inf,dtype_casting,nan_inf,3,0,medium,suggestion_only_not_gold
EGNF1000-0465-2938e91f,pytorch/pytorch,Overflow in fbgemm,https://github.com/pytorch/pytorch/issues/17458,overflow_underflow,overflow_underflow,overflow_underflow,overflow_underflow,overflow_underflow,nan_inf,overflow_underflow,5,4,high,suggestion_only_not_gold
EGNF1000-0466-32ada2e6,pytorch/pytorch,Unable to disable warning about tf32 precision,https://github.com/pytorch/pytorch/issues/175484,overflow_underflow,dtype_casting,dtype_casting,dtype_casting,overflow_underflow,overflow_underflow,dtype_casting,3,0,medium,suggestion_only_not_gold
EGNF1000-0467-6e071509,pytorch/pytorch,Inconsistent cross-framework behavior (nan vs +/-inf) for float64 out-of-domain inputs,https://github.com/pytorch/pytorch/issues/176385,nan_inf,nan_inf,nan_inf,nan_inf,nan_inf,nan_inf,nan_inf,6,6,high,suggestion_only_not_gold
EGNF1000-0468-98145889,pytorch/pytorch,Output difference anomaly under equivalent migration in logdet operator,https://github.com/pytorch/pytorch/issues/176415,nan_inf,nan_inf,nan_inf,nan_inf,nan_inf,nan_inf,nan_inf,6,6,high,suggestion_only_not_gold
EGNF1000-0469-522a985f,pytorch/pytorch,Mixed precision causes NaN loss,https://github.com/pytorch/pytorch/issues/40497,nan_inf,not_numerical_failure,dtype_casting,dtype_casting,nan_inf,nan_inf,nan_inf,3,1,medium,suggestion_only_not_gold
EGNF1000-0470-1c19119f,pytorch/pytorch,Ban GradScaler scale from being less than 1,https://github.com/pytorch/pytorch/issues/99640,overflow_underflow,overflow_underflow,dtype_casting,dtype_casting,dtype_casting,crash_compile,dtype_casting,3,1,medium,suggestion_only_not_gold
EGNF1000-0471-550709d9,rapidsai/cudf,[BUG] `bool_only=True` setting in `.any()` is ineffective when containing `np.nan`,https://github.com/rapidsai/cudf/issues/21090,nan_inf,nan_inf,nan_inf,nan_inf,not_numerical_failure,nan_inf,nan_inf,5,4,high,suggestion_only_not_gold
EGNF1000-0472-de90095b,rapidsai/cudf,[BUG] Integer overflow in df.sum(),https://github.com/rapidsai/cudf/issues/8449,overflow_underflow,dtype_casting,dtype_casting,dtype_casting,dtype_casting,dtype_casting,dtype_casting,5,4,high,suggestion_only_not_gold
EGNF1000-0473-ee3f0005,rapidsai/cuml,[BUG] Information loss check in convert_dtype does not flag all overflows,https://github.com/rapidsai/cuml/issues/2425,nan_inf,nan_inf,dtype_casting,dtype_casting,dtype_casting,dtype_casting,dtype_casting,4,2,medium,suggestion_only_not_gold
EGNF1000-0474-e79a09e5,rapidsai/cuml,[BUG] SGD produces nans in predict method,https://github.com/rapidsai/cuml/issues/667,nan_inf,nan_inf,nan_inf,nan_inf,nan_inf,nan_inf,nan_inf,6,6,high,suggestion_only_not_gold
EGNF1000-0475-84c6adf9,triton-lang/triton,[Bug] Numerical Overflow in nvfp4 Block-Scaled MMA: Accumulator Saturation at High Scale Factors,https://github.com/triton-lang/triton/issues/9310,nan_inf,dtype_casting,dtype_casting,dtype_casting,overflow_underflow,overflow_underflow,dtype_casting,3,1,medium,suggestion_only_not_gold
EGNF1000-0476-7634b988,jax-ml/jax,[CPU] `np.linalg.eigh` outputs NaNs for matrix side size >=32767,https://github.com/jax-ml/jax/issues/10420,nan_inf,dtype_casting,dtype_casting,dtype_casting,nan_inf,nan_inf,dtype_casting,3,0,medium,suggestion_only_not_gold
EGNF1000-0477-efc47f67,jax-ml/jax,jax.random.multivariate_normal returns nan when the dimension is big (~100).,https://github.com/jax-ml/jax/issues/14345,nan_inf,dtype_casting,dtype_casting,dtype_casting,dtype_casting,dtype_casting,dtype_casting,5,4,high,suggestion_only_not_gold
EGNF1000-0478-615f071c,jax-ml/jax,"""NaNs Leakeage"" - can not remove innconsistent NaN-grad elements",https://github.com/jax-ml/jax/issues/19089,nan_inf,nan_inf,nan_inf,nan_inf,nan_inf,not_numerical_failure,nan_inf,5,4,high,suggestion_only_not_gold
EGNF1000-0479-4e142639,jax-ml/jax,"jax.ops.segment_sum is 100x slower when segment_ids are sorted, but only for float16",https://github.com/jax-ml/jax/issues/26227,dtype_casting,dtype_casting,dtype_casting,dtype_casting,dtype_casting,not_numerical_failure,dtype_casting,5,4,high,suggestion_only_not_gold
EGNF1000-0480-46cb51a2,jax-ml/jax,OOM error on GPU despite more than enough available,https://github.com/jax-ml/jax/issues/28316,nan_inf,nan_inf,dtype_casting,dtype_casting,nan_inf,dtype_casting,nan_inf,3,0,medium,suggestion_only_not_gold
EGNF1000-0481-4549be35,jax-ml/jax,"bfloat16, float16 not supported by lax.linalg.qr, scipy.linalg.expm",https://github.com/jax-ml/jax/issues/30176,dtype_casting,dtype_casting,dtype_casting,dtype_casting,dtype_casting,overflow_underflow,dtype_casting,5,4,high,suggestion_only_not_gold
EGNF1000-0482-63c18de1,jax-ml/jax,CUDNN dot_product_attention produces inf for large bias values on B200 GPU,https://github.com/jax-ml/jax/issues/32463,nan_inf,dtype_casting,dtype_casting,dtype_casting,dtype_casting,dtype_casting,dtype_casting,5,4,high,suggestion_only_not_gold
EGNF1000-0483-602dc16f,jax-ml/jax,SVD does not propagate NaNs for batch sizes >2,https://github.com/jax-ml/jax/issues/33707,nan_inf,nan_inf,nan_inf,nan_inf,nan_inf,dtype_casting,nan_inf,5,4,high,suggestion_only_not_gold
EGNF1000-0484-59da1d9e,jax-ml/jax,[XLA:TPU] Unsafe `aliasing_operands` on `scatter-add` fusion causes intermittent NaNs,https://github.com/jax-ml/jax/issues/35409,nan_inf,dtype_casting,dtype_casting,dtype_casting,nan_inf,nan_inf,dtype_casting,3,0,medium,suggestion_only_not_gold
EGNF1000-0485-15133c86,jax-ml/jax,jax.export.deserialize().call() fails with internal XLA error for shard_map across 2x2 mesh,https://github.com/jax-ml/jax/issues/36691,dtype_casting,dtype_casting,dtype_casting,dtype_casting,dtype_casting,dtype_casting,dtype_casting,6,6,high,suggestion_only_not_gold
EGNF1000-0486-f74e7ee7,jax-ml/jax,TPU `IsFusibleUnalignedDUS` crash on LLaMA rotate-half RoPE at head_dim=128,https://github.com/jax-ml/jax/issues/37029,dtype_casting,dtype_casting,dtype_casting,dtype_casting,dtype_casting,dtype_casting,dtype_casting,6,6,high,suggestion_only_not_gold
EGNF1000-0487-2f16ae37,jax-ml/jax,jnp.log/log2/log10 return -inf for subnormal float32 inputs (XLA DAZ flush),https://github.com/jax-ml/jax/issues/37670,nan_inf,nan_inf,nan_inf,nan_inf,nan_inf,overflow_underflow,nan_inf,5,4,high,suggestion_only_not_gold
EGNF1000-0488-4ac45cf7,pytorch/pytorch,`softmax` to handle dimensions comprised of `-inf`,https://github.com/pytorch/pytorch/issues/106545,nan_inf,nan_inf,nan_inf,nan_inf,nan_inf,nan_inf,nan_inf,6,6,high,suggestion_only_not_gold
EGNF1000-0489-c90317d0,pytorch/pytorch,torch.nn.functional.max_pool2d outputs inf,https://github.com/pytorch/pytorch/issues/114216,nan_inf,nan_inf,nan_inf,nan_inf,nan_inf,nan_inf,nan_inf,6,6,high,suggestion_only_not_gold
EGNF1000-0490-72e2c758,pytorch/pytorch,Pipeline parallel doesn't seem to work with mixed precision,https://github.com/pytorch/pytorch/issues/116183,overflow_underflow,dtype_casting,dtype_casting,dtype_casting,dtype_casting,dtype_casting,dtype_casting,5,4,high,suggestion_only_not_gold
EGNF1000-0491-813905e0,pytorch/pytorch,`torch.compile` ignores nan check in `int(torch.tensor(torch.nan))`,https://github.com/pytorch/pytorch/issues/158087,nan_inf,nan_inf,nan_inf,dtype_casting,nan_inf,nan_inf,nan_inf,5,4,high,suggestion_only_not_gold
EGNF1000-0492-99556ed3,pytorch/pytorch,torch.histc is not consistent,https://github.com/pytorch/pytorch/issues/174668,nan_inf,dtype_casting,dtype_casting,dtype_casting,nan_inf,nan_inf,dtype_casting,3,0,medium,suggestion_only_not_gold
EGNF1000-0493-80459b2f,pytorch/pytorch,Windows CPU: SDPA FlashAttention gives wrong results with multiple intra-op threads (mixed OpenMP runtimes),https://github.com/pytorch/pytorch/issues/176091,nan_inf,nan_inf,dtype_casting,dtype_casting,nan_inf,nan_inf,nan_inf,4,2,medium,suggestion_only_not_gold
EGNF1000-0494-e22b8e78,pytorch/pytorch,Generator expression with conditional filter produces incorrect results,https://github.com/pytorch/pytorch/issues/176693,overflow_underflow,nan_inf,dtype_casting,dtype_casting,nan_inf,nan_inf,nan_inf,3,1,medium,suggestion_only_not_gold
EGNF1000-0495-95b05b24,pytorch/pytorch,[Bug] NaN gradients in varlen_attn backward pass when input length exceeds cu_seqlens[-1],https://github.com/pytorch/pytorch/issues/176793,nan_inf,nan_inf,dtype_casting,dtype_casting,dtype_casting,dtype_casting,dtype_casting,4,2,medium,suggestion_only_not_gold
EGNF1000-0496-96f33c7d,pytorch/pytorch,torch.gcd returns incorrect results due to automatic dtype casting between signed and unsigned integers,https://github.com/pytorch/pytorch/issues/178593,dtype_casting,nan_inf,dtype_casting,dtype_casting,overflow_underflow,nan_inf,dtype_casting,3,1,medium,suggestion_only_not_gold
EGNF1000-0497-7dbd0a61,pytorch/pytorch,MPS: scaled_dot_product_attention produces incorrect results for large batch × sequence length combinations,https://github.com/pytorch/pytorch/issues/179352,overflow_underflow,not_numerical_failure,dtype_casting,dtype_casting,nan_inf,dtype_casting,dtype_casting,3,2,medium,suggestion_only_not_gold
EGNF1000-0498-32bcfd37,pytorch/pytorch,"torch.xlogy(0, 0) returns NaN, while in many numerical computing libraries (e.g., SciPy) and common machine learning practice, it is defined as 0.",https://github.com/pytorch/pytorch/issues/179784,nan_inf,nan_inf,nan_inf,nan_inf,nan_inf,nan_inf,nan_inf,6,6,high,suggestion_only_not_gold
EGNF1000-0499-51b42012,pytorch/pytorch,torch.fmax with uint8 out produces inconsistent overflow casting on CPU and CUDA,https://github.com/pytorch/pytorch/issues/181805,overflow_underflow,dtype_casting,dtype_casting,dtype_casting,dtype_casting,dtype_casting,dtype_casting,5,4,high,suggestion_only_not_gold
EGNF1000-0500-56fb7946,pytorch/pytorch,`torch.remainder` returns incorrect results with float16 tensor and Python scalar on Inductor CPU,https://github.com/pytorch/pytorch/issues/183083,dtype_casting,dtype_casting,dtype_casting,dtype_casting,nan_inf,dtype_casting,dtype_casting,5,4,high,suggestion_only_not_gold
EGNF1000-0501-d3e68557,pytorch/pytorch,Inconsistent semantics of converting inf/-inf to long,https://github.com/pytorch/pytorch/issues/34300,nan_inf,nan_inf,nan_inf,nan_inf,nan_inf,nan_inf,nan_inf,6,6,high,suggestion_only_not_gold
EGNF1000-0502-2da11a06,pytorch/pytorch,nn.CrossEntropyLoss overflow with FP16 and minibatch,https://github.com/pytorch/pytorch/issues/85791,nan_inf,not_numerical_failure,dtype_casting,dtype_casting,not_numerical_failure,dtype_casting,dtype_casting,3,1,medium,suggestion_only_not_gold
EGNF1000-0503-7bb264d7,rapidsai/cudf,[BUG] `cudaErrorInvalidValue` when creating cudf.Series from float16 CuPy Series,https://github.com/rapidsai/cudf/issues/9065,nan_inf,dtype_casting,dtype_casting,dtype_casting,dtype_casting,nan_inf,dtype_casting,4,2,medium,suggestion_only_not_gold
EGNF1000-0504-966ed153,rapidsai/cuml,[BUG] Incorrect NaN handling in experimental FIL with categorical splits,https://github.com/rapidsai/cuml/issues/5578,nan_inf,dtype_casting,dtype_casting,dtype_casting,nan_inf,nan_inf,dtype_casting,3,0,medium,suggestion_only_not_gold
EGNF1000-0505-f9822e00,triton-lang/triton,Triton generates incorrect MLIR code when assigning values to elements of a `tuple` in the body of an `if` statement,https://github.com/triton-lang/triton/issues/5446,overflow_underflow,overflow_underflow,dtype_casting,dtype_casting,dtype_casting,dtype_casting,dtype_casting,4,2,medium,suggestion_only_not_gold
EGNF1000-0506-7ed0dab3,triton-lang/triton,Internal Triton PTX Codegen Error,https://github.com/triton-lang/triton/issues/768,nan_inf,nan_inf,dtype_casting,dtype_casting,nan_inf,overflow_underflow,nan_inf,3,1,medium,suggestion_only_not_gold
EGNF1000-0507-c0a1bade,triton-lang/triton,argmin argmax result always 1 for input nan and inf,https://github.com/triton-lang/triton/issues/9022,nan_inf,nan_inf,nan_inf,nan_inf,nan_inf,dtype_casting,nan_inf,5,4,high,suggestion_only_not_gold
EGNF1000-0508-87d6352f,jax-ml/jax,Support FP8 GEMM kernels which are already support in OpenXLA.,https://github.com/jax-ml/jax/issues/17176,dtype_casting,dtype_casting,dtype_casting,dtype_casting,dtype_casting,dtype_casting,dtype_casting,6,6,high,suggestion_only_not_gold
EGNF1000-0509-75a70a17,jax-ml/jax,"jax.debug.breakpoint() give numpy array and with bfloat16, it comptue",https://github.com/jax-ml/jax/issues/17402,dtype_casting,dtype_casting,dtype_casting,dtype_casting,dtype_casting,overflow_underflow,dtype_casting,5,4,high,suggestion_only_not_gold
EGNF1000-0510-1dbde10d,jax-ml/jax,FFT implementation in float16,https://github.com/jax-ml/jax/issues/17954,dtype_casting,dtype_casting,dtype_casting,dtype_casting,overflow_underflow,dtype_casting,dtype_casting,5,4,high,suggestion_only_not_gold
EGNF1000-0511-c0160bf1,jax-ml/jax,JAX segment_sum is two times slower for FP16 inputs than FP32 inputs,https://github.com/jax-ml/jax/issues/23136,dtype_casting,dtype_casting,dtype_casting,dtype_casting,dtype_casting,dtype_casting,dtype_casting,6,6,high,suggestion_only_not_gold
EGNF1000-0512-70f9e068,jax-ml/jax,Errors when cusotmizing matrix-vector multiplication using ``pallas``,https://github.com/jax-ml/jax/issues/24142,dtype_casting,dtype_casting,dtype_casting,dtype_casting,dtype_casting,dtype_casting,dtype_casting,6,6,high,suggestion_only_not_gold
EGNF1000-0513-59ce824d,jax-ml/jax,Pallas GPU FlashAttention forward only works when sequence lengths are multiples of block size,https://github.com/jax-ml/jax/issues/27224,dtype_casting,dtype_casting,dtype_casting,dtype_casting,dtype_casting,dtype_casting,dtype_casting,6,6,high,suggestion_only_not_gold
EGNF1000-0514-7db3c089,jax-ml/jax,pallas compile fails with bfloat16 but works with float32,https://github.com/jax-ml/jax/issues/29002,dtype_casting,dtype_casting,dtype_casting,dtype_casting,dtype_casting,dtype_casting,dtype_casting,6,6,high,suggestion_only_not_gold
EGNF1000-0515-471e3424,jax-ml/jax,FP16 is considerably slower than FP32 on ROCm,https://github.com/jax-ml/jax/issues/30548,dtype_casting,dtype_casting,dtype_casting,dtype_casting,dtype_casting,dtype_casting,dtype_casting,6,6,high,suggestion_only_not_gold
EGNF1000-0516-57ad2f19,jax-ml/jax,Reduce operations in Triton code cause Seg fault,https://github.com/jax-ml/jax/issues/32311,dtype_casting,dtype_casting,dtype_casting,dtype_casting,dtype_casting,dtype_casting,dtype_casting,6,6,high,suggestion_only_not_gold
EGNF1000-0517-9e20e692,jax-ml/jax,"Extremely slow performance of ""solve"" under JAX with bfloat16 and cuda configuration",https://github.com/jax-ml/jax/issues/34748,nan_inf,dtype_casting,dtype_casting,dtype_casting,dtype_casting,dtype_casting,dtype_casting,5,4,high,suggestion_only_not_gold
EGNF1000-0518-aa72bbc4,pytorch/pytorch,DISABLED test_comprehensive_sub_cuda_float16 (__main__.TestInductorOpInfoCUDA),https://github.com/pytorch/pytorch/issues/147047,dtype_casting,dtype_casting,dtype_casting,dtype_casting,dtype_casting,dtype_casting,dtype_casting,6,6,high,suggestion_only_not_gold
EGNF1000-0519-21c82a35,pytorch/pytorch,TestFlexAttentionCUDA.test_GQA_score_mod7_cuda_float16 fails on h100,https://github.com/pytorch/pytorch/issues/152635,nan_inf,dtype_casting,dtype_casting,dtype_casting,dtype_casting,dtype_casting,dtype_casting,5,4,high,suggestion_only_not_gold
EGNF1000-0520-bfd174c1,pytorch/pytorch,DataParallel gather NaN across multiple gpus,https://github.com/pytorch/pytorch/issues/156392,nan_inf,nan_inf,dtype_casting,nan_inf,nan_inf,dtype_casting,nan_inf,4,2,medium,suggestion_only_not_gold
EGNF1000-0521-b303df32,pytorch/pytorch,DISABLED test_comprehensive_nn_functional_linear_cuda_float16 (__main__.TestInductorOpInfoCUDA),https://github.com/pytorch/pytorch/issues/156514,dtype_casting,dtype_casting,dtype_casting,dtype_casting,dtype_casting,dtype_casting,dtype_casting,6,6,high,suggestion_only_not_gold
EGNF1000-0522-71a2c17a,pytorch/pytorch,Duplicate SDPA Input Constraints,https://github.com/pytorch/pytorch/issues/175833,dtype_casting,dtype_casting,dtype_casting,dtype_casting,dtype_casting,dtype_casting,dtype_casting,6,6,high,suggestion_only_not_gold
EGNF1000-0523-f19e5636,pytorch/pytorch,Inconsistent Signed-Zero Handling Between CPU and CUDA Backends,https://github.com/pytorch/pytorch/issues/181801,nan_inf,nan_inf,nan_inf,nan_inf,nan_inf,nan_inf,nan_inf,6,6,high,suggestion_only_not_gold
EGNF1000-0524-fc26a9e9,pytorch/pytorch,torch.compile changes signed-zero behavior for torch.frac on -0.0,https://github.com/pytorch/pytorch/issues/183606,nan_inf,nan_inf,nan_inf,dtype_casting,nan_inf,dtype_casting,nan_inf,4,2,medium,suggestion_only_not_gold
EGNF1000-0525-4609c834,rapidsai/cudf,"[BUG] libcudf build error: missing binary operator before token ""(""`",https://github.com/rapidsai/cudf/issues/12583,nan_inf,not_numerical_failure,dtype_casting,dtype_casting,overflow_underflow,overflow_underflow,dtype_casting,2,0,low,suggestion_only_not_gold
EGNF1000-0526-ee68cb34,rapidsai/cuml,cuML Documentation Example Errors,https://github.com/rapidsai/cuml/issues/4188,dtype_casting,dtype_casting,dtype_casting,dtype_casting,dtype_casting,not_numerical_failure,dtype_casting,5,4,high,suggestion_only_not_gold
EGNF1000-0527-629ee76a,rapidsai/cuml,[BUG] Dask Multi-GPU logistic regression should convert dtypes if needed rather than fail,https://github.com/rapidsai/cuml/issues/5552,dtype_casting,dtype_casting,dtype_casting,dtype_casting,dtype_casting,dtype_casting,dtype_casting,6,6,high,suggestion_only_not_gold
EGNF1000-0528-96d14d6a,rapidsai/cuml,[CI] test_spectral_clustering_output_shape_type_and_label_count fails on arm64 with oldest-deps,https://github.com/rapidsai/cuml/issues/7714,dtype_casting,dtype_casting,dtype_casting,dtype_casting,dtype_casting,overflow_underflow,dtype_casting,5,4,high,suggestion_only_not_gold
EGNF1000-0529-e4e463bb,triton-lang/triton,"[jit] missing fallback mechanism for `tl.dot`, resulting in different semantics from the INTERPERTER",https://github.com/triton-lang/triton/issues/10141,dtype_casting,dtype_casting,dtype_casting,dtype_casting,dtype_casting,dtype_casting,dtype_casting,6,6,high,suggestion_only_not_gold
EGNF1000-0530-610f50bc,triton-lang/triton,"fp16 tl.sigmoid: ""Failed to translate TritonGPU to LLVM IR""",https://github.com/triton-lang/triton/issues/1942,dtype_casting,dtype_casting,dtype_casting,dtype_casting,dtype_casting,dtype_casting,dtype_casting,6,6,high,suggestion_only_not_gold
EGNF1000-0531-fe93686b,triton-lang/triton,Boardcast after elementwise mul,https://github.com/triton-lang/triton/issues/2028,dtype_casting,dtype_casting,dtype_casting,dtype_casting,dtype_casting,dtype_casting,dtype_casting,6,6,high,suggestion_only_not_gold
EGNF1000-0532-d15a5b6f,triton-lang/triton,"Errors occur in the multiplication of matrices(fp32) with a size larger than 2048, and worsen with matrices larger than 4096",https://github.com/triton-lang/triton/issues/2654,nan_inf,dtype_casting,dtype_casting,dtype_casting,nan_inf,dtype_casting,dtype_casting,4,2,medium,suggestion_only_not_gold
EGNF1000-0533-4deeb5cb,triton-lang/triton,IndexError: map::at when doing torch.ops.matmul on fp32 matrices,https://github.com/triton-lang/triton/issues/3787,dtype_casting,dtype_casting,dtype_casting,dtype_casting,dtype_casting,overflow_underflow,dtype_casting,5,4,high,suggestion_only_not_gold
EGNF1000-0534-08710a68,triton-lang/triton,BarrierOp in AssertOp lowering can cause deadlock,https://github.com/triton-lang/triton/issues/5632,overflow_underflow,overflow_underflow,overflow_underflow,dtype_casting,overflow_underflow,dtype_casting,overflow_underflow,4,2,medium,suggestion_only_not_gold
EGNF1000-0535-118a3608,jax-ml/jax,Unused arguments to function changes output,https://github.com/jax-ml/jax/issues/12714,nan_inf,nan_inf,nan_inf,dtype_casting,nan_inf,nan_inf,nan_inf,5,4,high,suggestion_only_not_gold
EGNF1000-0536-6775b044,jax-ml/jax,np.linalg.norm should use numerically stable p-norms.,https://github.com/jax-ml/jax/issues/14679,nan_inf,dtype_casting,dtype_casting,dtype_casting,dtype_casting,overflow_underflow,dtype_casting,4,3,medium,suggestion_only_not_gold
EGNF1000-0537-e2722855,jax-ml/jax,Segfault when using debug callback,https://github.com/jax-ml/jax/issues/18874,overflow_underflow,dtype_casting,dtype_casting,dtype_casting,overflow_underflow,overflow_underflow,dtype_casting,3,0,medium,suggestion_only_not_gold
EGNF1000-0538-6ef785b2,jax-ml/jax,nan in hessian of linear function,https://github.com/jax-ml/jax/issues/20574,nan_inf,nan_inf,dtype_casting,dtype_casting,nan_inf,not_numerical_failure,nan_inf,3,1,medium,suggestion_only_not_gold
EGNF1000-0539-9fdffade,jax-ml/jax,The gradient of jax.lax.select gives nan when the false branch is nan,https://github.com/jax-ml/jax/issues/20601,nan_inf,nan_inf,dtype_casting,dtype_casting,nan_inf,nan_inf,nan_inf,4,2,medium,suggestion_only_not_gold
EGNF1000-0540-9923a347,jax-ml/jax,FP8 XLA matmul fusion into `__cublas$lt$matmul$f8` not fully working,https://github.com/jax-ml/jax/issues/22313,nan_inf,dtype_casting,dtype_casting,dtype_casting,dtype_casting,dtype_casting,dtype_casting,5,4,high,suggestion_only_not_gold
EGNF1000-0541-7596e626,jax-ml/jax,Error compile: make_batch_pointers.cu.cc failed: undeclared inclusion(s),https://github.com/jax-ml/jax/issues/23573,needs_review,dtype_casting,dtype_casting,dtype_casting,dtype_casting,dtype_casting,dtype_casting,5,4,high,suggestion_only_not_gold
EGNF1000-0542-3e5a507f,jax-ml/jax,Add a fused multiply-add function,https://github.com/jax-ml/jax/issues/23919,nan_inf,not_numerical_failure,dtype_casting,dtype_casting,not_numerical_failure,precision_tolerance,not_numerical_failure,2,0,low,suggestion_only_not_gold
EGNF1000-0543-6e30d313,jax-ml/jax,array.at.set is incredibly slow for complex128 dtype,https://github.com/jax-ml/jax/issues/24872,dtype_casting,dtype_casting,dtype_casting,dtype_casting,dtype_casting,dtype_casting,dtype_casting,6,6,high,suggestion_only_not_gold
EGNF1000-0544-9b09843e,jax-ml/jax,`expm` yields wrong values even with `max_squarings` set to high values,https://github.com/jax-ml/jax/issues/26802,nan_inf,nan_inf,nan_inf,nan_inf,nan_inf,nan_inf,nan_inf,6,6,high,suggestion_only_not_gold
EGNF1000-0545-fea528f3,jax-ml/jax,GPU Kernel Cache Error When Using jax.random.permutation with Size=2,https://github.com/jax-ml/jax/issues/27183,dtype_casting,dtype_casting,dtype_casting,dtype_casting,dtype_casting,dtype_casting,dtype_casting,6,6,high,suggestion_only_not_gold
EGNF1000-0546-c326449a,jax-ml/jax,Unable to Reuse GPU After JAX Execution,https://github.com/jax-ml/jax/issues/29159,dtype_casting,dtype_casting,dtype_casting,dtype_casting,dtype_casting,dtype_casting,dtype_casting,6,6,high,suggestion_only_not_gold
EGNF1000-0547-5a8303a4,jax-ml/jax,[jet] use proper Taylor coefficients during calculation,https://github.com/jax-ml/jax/issues/29624,overflow_underflow,dtype_casting,dtype_casting,dtype_casting,not_numerical_failure,dtype_casting,dtype_casting,4,3,medium,suggestion_only_not_gold
EGNF1000-0548-67af3390,jax-ml/jax,Edit lax.convert_element_type to emit deprecation warning on overflow,https://github.com/jax-ml/jax/issues/31426,overflow_underflow,dtype_casting,dtype_casting,dtype_casting,not_numerical_failure,overflow_underflow,dtype_casting,3,1,medium,suggestion_only_not_gold
EGNF1000-0549-1bb01d8a,jax-ml/jax,.astype(bfloat16) different semantics in JIT vs non-JIT code,https://github.com/jax-ml/jax/issues/32545,dtype_casting,dtype_casting,dtype_casting,dtype_casting,dtype_casting,dtype_casting,dtype_casting,6,6,high,suggestion_only_not_gold
EGNF1000-0550-118b2886,jax-ml/jax,`jax.nn.dot_product_attention` creates internal INFs when using float64 data,https://github.com/jax-ml/jax/issues/34107,nan_inf,dtype_casting,dtype_casting,dtype_casting,dtype_casting,dtype_casting,dtype_casting,5,4,high,suggestion_only_not_gold
EGNF1000-0551-16c2befb,jax-ml/jax,`jnp.sinc`'s gradient has large errors,https://github.com/jax-ml/jax/issues/34139,dtype_casting,dtype_casting,dtype_casting,dtype_casting,nan_inf,dtype_casting,dtype_casting,5,4,high,suggestion_only_not_gold
EGNF1000-0552-29b8f19a,jax-ml/jax,solve and triangular_solve fail to return Inf for batches of singular matrices on CPU,https://github.com/jax-ml/jax/issues/3589,nan_inf,nan_inf,dtype_casting,dtype_casting,dtype_casting,nan_inf,nan_inf,3,0,medium,suggestion_only_not_gold
EGNF1000-0553-b5677e85,jax-ml/jax,"The `RegularGridInterpolator` requires that the points value be strictly **increasing**, not merely monotonic, not specified in docs and differs from scipy",https://github.com/jax-ml/jax/issues/36499,nan_inf,dtype_casting,dtype_casting,dtype_casting,dtype_casting,dtype_casting,dtype_casting,5,4,high,suggestion_only_not_gold
EGNF1000-0554-d0e08f6a,jax-ml/jax,D2H memcpy is followed by a Waiting for Host Callback Execution stall of 16 ms,https://github.com/jax-ml/jax/issues/36651,dtype_casting,dtype_casting,dtype_casting,dtype_casting,dtype_casting,overflow_underflow,dtype_casting,5,4,high,suggestion_only_not_gold
EGNF1000-0555-dfa793d7,jax-ml/jax,"grad(lambda M, i, j: eigh(M)[1][i, j], argnums=0) returns all NaNs when M has degenerate eigenvalues",https://github.com/jax-ml/jax/issues/4646,nan_inf,nan_inf,nan_inf,nan_inf,nan_inf,dtype_casting,nan_inf,5,4,high,suggestion_only_not_gold
EGNF1000-0556-05e50510,jax-ml/jax,custom_jvp transpose rule can fail,https://github.com/jax-ml/jax/issues/5202,nan_inf,dtype_casting,dtype_casting,dtype_casting,not_numerical_failure,overflow_underflow,dtype_casting,3,2,medium,suggestion_only_not_gold
EGNF1000-0557-4b35eb28,jax-ml/jax,"Should gradients of logsumexp([-inf, -inf]) be 0s instead NaNs?",https://github.com/jax-ml/jax/issues/6811,nan_inf,nan_inf,nan_inf,nan_inf,nan_inf,not_numerical_failure,nan_inf,5,4,high,suggestion_only_not_gold
EGNF1000-0558-c742bb10,jax-ml/jax,Make Out-of-Bounds Indexing return NaN,https://github.com/jax-ml/jax/issues/9839,nan_inf,nan_inf,nan_inf,nan_inf,nan_inf,overflow_underflow,nan_inf,5,4,high,suggestion_only_not_gold
EGNF1000-0559-d0a88d48,jax-ml/jax,`jax.lax.conv_general_dilated_patches` returns `nan` for patches with `inf`,https://github.com/jax-ml/jax/issues/9972,nan_inf,nan_inf,nan_inf,nan_inf,nan_inf,nan_inf,nan_inf,6,6,high,suggestion_only_not_gold
EGNF1000-0560-227ca2bc,pytorch/pytorch,Hypothesis operator tests in Caffe2 generate too many warnings,https://github.com/pytorch/pytorch/issues/11363,overflow_underflow,overflow_underflow,dtype_casting,dtype_casting,overflow_underflow,overflow_underflow,overflow_underflow,4,2,medium,suggestion_only_not_gold
EGNF1000-0561-1ca3704a,pytorch/pytorch,F.conv2d double precision error,https://github.com/pytorch/pytorch/issues/120905,nan_inf,dtype_casting,dtype_casting,dtype_casting,nan_inf,nan_inf,dtype_casting,3,0,medium,suggestion_only_not_gold
EGNF1000-0562-7656a521,pytorch/pytorch,Pad operator produces non-nan value with nan input,https://github.com/pytorch/pytorch/issues/121629,nan_inf,dtype_casting,dtype_casting,dtype_casting,nan_inf,dtype_casting,dtype_casting,4,2,medium,suggestion_only_not_gold
EGNF1000-0563-837b6a88,pytorch/pytorch,Wishart: problems with singular samples.,https://github.com/pytorch/pytorch/issues/122021,overflow_underflow,nan_inf,nan_inf,dtype_casting,nan_inf,nan_inf,nan_inf,4,3,medium,suggestion_only_not_gold
EGNF1000-0564-5bd0015b,pytorch/pytorch,`torch.quantile`: `nan` instead of `inf`,https://github.com/pytorch/pytorch/issues/133998,nan_inf,nan_inf,nan_inf,nan_inf,nan_inf,nan_inf,nan_inf,6,6,high,suggestion_only_not_gold
EGNF1000-0565-8d0794ed,pytorch/pytorch,Lobpcg for complex gives wrong results.,https://github.com/pytorch/pytorch/issues/135860,overflow_underflow,dtype_casting,dtype_casting,dtype_casting,nan_inf,dtype_casting,dtype_casting,4,3,medium,suggestion_only_not_gold
EGNF1000-0566-62a00220,pytorch/pytorch,torch.linspace does not check for infinity and nan,https://github.com/pytorch/pytorch/issues/13782,nan_inf,nan_inf,nan_inf,nan_inf,nan_inf,nan_inf,nan_inf,6,6,high,suggestion_only_not_gold
EGNF1000-0567-6f1d8b73,pytorch/pytorch,MX basic dtypes in pytorch/pytorch,https://github.com/pytorch/pytorch/issues/146414,nan_inf,dtype_casting,dtype_casting,dtype_casting,overflow_underflow,overflow_underflow,dtype_casting,3,1,medium,suggestion_only_not_gold
EGNF1000-0568-40847dcf,pytorch/pytorch,bound_sympy() produces incorrect result for mod,https://github.com/pytorch/pytorch/issues/149774,nan_inf,nan_inf,nan_inf,nan_inf,nan_inf,dtype_casting,nan_inf,5,4,high,suggestion_only_not_gold
EGNF1000-0569-9f9144c8,pytorch/pytorch,searchsorted handling of nan,https://github.com/pytorch/pytorch/issues/158738,nan_inf,nan_inf,nan_inf,nan_inf,nan_inf,nan_inf,nan_inf,6,6,high,suggestion_only_not_gold
EGNF1000-0570-02792602,pytorch/pytorch,consider allowing more dtype in the dtensor opinfo test,https://github.com/pytorch/pytorch/issues/162215,dtype_casting,dtype_casting,dtype_casting,dtype_casting,precision_tolerance,dtype_casting,dtype_casting,5,4,high,suggestion_only_not_gold
EGNF1000-0571-8f137613,pytorch/pytorch,mps test got Exception: mean(): could not infer output dtype.,https://github.com/pytorch/pytorch/issues/177225,dtype_casting,dtype_casting,dtype_casting,dtype_casting,overflow_underflow,dtype_casting,dtype_casting,5,4,high,suggestion_only_not_gold
EGNF1000-0572-ceefe3be,pytorch/pytorch,[discussion] Generic solutions for too-small-epsilon in FP16 training,https://github.com/pytorch/pytorch/issues/35666,nan_inf,precision_tolerance,precision_tolerance,precision_tolerance,precision_tolerance,precision_tolerance,precision_tolerance,5,4,high,suggestion_only_not_gold
EGNF1000-0573-1eb0d104,pytorch/pytorch,BCEWithLogitsLoss gives out nan with -inf logits,https://github.com/pytorch/pytorch/issues/49844,nan_inf,nan_inf,nan_inf,nan_inf,nan_inf,nan_inf,nan_inf,6,6,high,suggestion_only_not_gold
EGNF1000-0574-2195772e,pytorch/pytorch,Implement missing torch.nan* operators,https://github.com/pytorch/pytorch/issues/61474,nan_inf,nan_inf,nan_inf,precision_tolerance,precision_tolerance,overflow_underflow,nan_inf,3,1,medium,suggestion_only_not_gold
EGNF1000-0575-08702b00,pytorch/pytorch,Overflow error in torch.linalg uncaught,https://github.com/pytorch/pytorch/issues/65815,overflow_underflow,nan_inf,dtype_casting,dtype_casting,nan_inf,dtype_casting,dtype_casting,3,1,medium,suggestion_only_not_gold
EGNF1000-0576-a3c2107d,pytorch/pytorch,Add a new argument `check_inf=True` (by default) or check_pos_inf / check_neg_inf to anomaly mode,https://github.com/pytorch/pytorch/issues/83537,nan_inf,precision_tolerance,precision_tolerance,precision_tolerance,precision_tolerance,precision_tolerance,precision_tolerance,5,4,high,suggestion_only_not_gold
EGNF1000-0577-4b487013,rapidsai/cudf,[FEA] category dtype support in parquet writer,https://github.com/rapidsai/cudf/issues/12496,dtype_casting,dtype_casting,dtype_casting,dtype_casting,dtype_casting,dtype_casting,dtype_casting,6,6,high,suggestion_only_not_gold
EGNF1000-0578-f29ba210,rapidsai/cudf,[FEA] category dtype support in parquet reader,https://github.com/rapidsai/cudf/issues/12497,dtype_casting,dtype_casting,dtype_casting,dtype_casting,dtype_casting,nan_inf,dtype_casting,5,4,high,suggestion_only_not_gold
EGNF1000-0579-caa2aad2,rapidsai/cudf,[BUG] Unable to access cudf due to error Unsupported type_id conversion to cudf,https://github.com/rapidsai/cudf/issues/13211,dtype_casting,dtype_casting,dtype_casting,dtype_casting,dtype_casting,dtype_casting,dtype_casting,6,6,high,suggestion_only_not_gold
EGNF1000-0580-cd4f1e6c,rapidsai/cudf,[BUG] Time-zone-aware `DatetimeIndex` is being accepted silently by `DatetimeIndex` constructor,https://github.com/rapidsai/cudf/issues/13834,dtype_casting,dtype_casting,dtype_casting,dtype_casting,dtype_casting,dtype_casting,dtype_casting,6,6,high,suggestion_only_not_gold
EGNF1000-0581-48acd71e,rapidsai/cudf,[BUG] DIV on decimal types appears to lose fractional part,https://github.com/rapidsai/cudf/issues/14618,overflow_underflow,dtype_casting,dtype_casting,dtype_casting,dtype_casting,dtype_casting,dtype_casting,5,4,high,suggestion_only_not_gold
EGNF1000-0582-135bf4b8,rapidsai/cudf,[BUG] dask_cudf pivot_table function is broken: TypeError: StringIndex object is not iterable.,https://github.com/rapidsai/cudf/issues/14935,dtype_casting,dtype_casting,dtype_casting,dtype_casting,dtype_casting,dtype_casting,dtype_casting,6,6,high,suggestion_only_not_gold
EGNF1000-0583-81a60fd3,rapidsai/cudf,[BUG] `is_numeric_dtype` returning inconsistent result wrt pandas,https://github.com/rapidsai/cudf/issues/20139,dtype_casting,dtype_casting,dtype_casting,dtype_casting,dtype_casting,dtype_casting,dtype_casting,6,6,high,suggestion_only_not_gold
EGNF1000-0584-d06388f8,rapidsai/cudf,[BUG] `cudf.unstack` produces incorrect `MultiIndex` column order,https://github.com/rapidsai/cudf/issues/20446,nan_inf,dtype_casting,dtype_casting,dtype_casting,not_numerical_failure,dtype_casting,dtype_casting,4,3,medium,suggestion_only_not_gold
EGNF1000-0585-e83587d7,rapidsai/cudf,[BUG] Series setitem raises for safe cases in pandas compatibility mode,https://github.com/rapidsai/cudf/issues/20720,dtype_casting,dtype_casting,dtype_casting,dtype_casting,dtype_casting,dtype_casting,dtype_casting,6,6,high,suggestion_only_not_gold
EGNF1000-0586-0d7ce007,rapidsai/cudf,"[BUG] `pylibcudf.Column.from_iterable_of_py(<nested_list>, dtype=plc.TypeId.LIST)` erroneously raises",https://github.com/rapidsai/cudf/issues/21092,dtype_casting,dtype_casting,dtype_casting,dtype_casting,dtype_casting,dtype_casting,dtype_casting,6,6,high,suggestion_only_not_gold
EGNF1000-0587-2a02b285,rapidsai/cudf,[BUG] `DataFrame.values` result is incorrect when data contains boolean values,https://github.com/rapidsai/cudf/issues/21096,overflow_underflow,not_numerical_failure,dtype_casting,dtype_casting,not_numerical_failure,nan_inf,not_numerical_failure,2,0,low,suggestion_only_not_gold
EGNF1000-0588-66cc8a87,rapidsai/cudf,"[BUG] `.loc[]` with `.Series([<boolean>], index=[])` brings incorrect results",https://github.com/rapidsai/cudf/issues/21136,overflow_underflow,not_numerical_failure,dtype_casting,dtype_casting,not_numerical_failure,not_numerical_failure,not_numerical_failure,3,1,medium,suggestion_only_not_gold
EGNF1000-0589-bcacf6a3,rapidsai/cudf,"[BUG] `Series[datetime64[reso, tz]].astype(str)` doesn't not include %z component",https://github.com/rapidsai/cudf/issues/21373,dtype_casting,dtype_casting,dtype_casting,dtype_casting,dtype_casting,dtype_casting,dtype_casting,6,6,high,suggestion_only_not_gold
EGNF1000-0590-a33dc3bd,rapidsai/cudf,"[BUG] float min, max values are truncated, causing to read again as -inf, +inf",https://github.com/rapidsai/cudf/issues/6235,nan_inf,nan_inf,nan_inf,nan_inf,nan_inf,dtype_casting,nan_inf,5,4,high,suggestion_only_not_gold
EGNF1000-0591-3f475b11,rapidsai/cuml,[BUG] Initial parameter estimate in ARIMA can have NaN/Inf for some orders/datasets,https://github.com/rapidsai/cuml/issues/1819,nan_inf,nan_inf,nan_inf,nan_inf,nan_inf,dtype_casting,nan_inf,5,4,high,suggestion_only_not_gold
EGNF1000-0592-feb47177,rapidsai/cuml,[FEA] Test function `array_equal` should print useful info when test fails,https://github.com/rapidsai/cuml/issues/3656,dtype_casting,dtype_casting,dtype_casting,dtype_casting,nan_inf,dtype_casting,dtype_casting,5,4,high,suggestion_only_not_gold
EGNF1000-0593-d7e7f5f7,rapidsai/cuml,[BUG] Calling `fit_transform` method renames columns and resets indices for multi-column input,https://github.com/rapidsai/cuml/issues/4036,dtype_casting,dtype_casting,dtype_casting,dtype_casting,dtype_casting,dtype_casting,dtype_casting,6,6,high,suggestion_only_not_gold
EGNF1000-0594-ce29c565,rapidsai/cuml,[BUG] Pipeline of MinMaxScaler and KMeans with DataFrame input produces incorrect results,https://github.com/rapidsai/cuml/issues/5704,dtype_casting,dtype_casting,dtype_casting,dtype_casting,dtype_casting,dtype_casting,dtype_casting,6,6,high,suggestion_only_not_gold
EGNF1000-0595-94660f6e,rapidsai/cuml,[BUG] cuML `MultinomialNB` mispredicts on dense CuPy inputs and after `partial_fit` with a new class,https://github.com/rapidsai/cuml/issues/7203,dtype_casting,dtype_casting,dtype_casting,dtype_casting,dtype_casting,dtype_casting,dtype_casting,6,6,high,suggestion_only_not_gold
EGNF1000-0596-1d15388f,rapidsai/cuml,[BUG] CumlArray.to_mem_type() does not preserve non-contiguous strides,https://github.com/rapidsai/cuml/issues/7444,dtype_casting,dtype_casting,dtype_casting,dtype_casting,dtype_casting,dtype_casting,dtype_casting,6,6,high,suggestion_only_not_gold
EGNF1000-0597-2e36783b,triton-lang/triton,Precision error in sparse block matrix multiplication validation,https://github.com/triton-lang/triton/issues/1493,nan_inf,dtype_casting,dtype_casting,dtype_casting,dtype_casting,dtype_casting,dtype_casting,5,4,high,suggestion_only_not_gold
EGNF1000-0598-db742e69,triton-lang/triton,Matmul on bf16 hits assert on P100 GPU (sm_60),https://github.com/triton-lang/triton/issues/1609,dtype_casting,dtype_casting,dtype_casting,dtype_casting,dtype_casting,dtype_casting,dtype_casting,6,6,high,suggestion_only_not_gold
EGNF1000-0599-9371918f,triton-lang/triton,INT8 overflow on matmul,https://github.com/triton-lang/triton/issues/2296,overflow_underflow,dtype_casting,dtype_casting,dtype_casting,dtype_casting,dtype_casting,dtype_casting,5,4,high,suggestion_only_not_gold
EGNF1000-0600-c2a2f71f,triton-lang/triton,TMA Store Error with Constants,https://github.com/triton-lang/triton/issues/2569,dtype_casting,dtype_casting,dtype_casting,dtype_casting,dtype_casting,dtype_casting,dtype_casting,6,6,high,suggestion_only_not_gold
EGNF1000-0601-afed68e8,triton-lang/triton,"ValueError(""arange's arguments must be of type tl.constexpr"") Error On Example Code",https://github.com/triton-lang/triton/issues/2604,nan_inf,nan_inf,dtype_casting,dtype_casting,dtype_casting,dtype_casting,dtype_casting,4,2,medium,suggestion_only_not_gold
EGNF1000-0602-83417986,triton-lang/triton,Dot crashes or produce incorrect results with float16 and N==8 on H100,https://github.com/triton-lang/triton/issues/7830,nan_inf,dtype_casting,dtype_casting,dtype_casting,dtype_casting,dtype_casting,dtype_casting,5,4,high,suggestion_only_not_gold
EGNF1000-0603-26c41676,triton-lang/triton,"Does the histogram support numbers outside the range [0, numbins)?",https://github.com/triton-lang/triton/issues/9050,dtype_casting,dtype_casting,dtype_casting,dtype_casting,nan_inf,dtype_casting,dtype_casting,5,4,high,suggestion_only_not_gold
EGNF1000-0604-332ccd6c,triton-lang/triton,MXFP8 ATTN - lowerTensorMemoryAlloc failed in backward pass,https://github.com/triton-lang/triton/issues/9231,nan_inf,dtype_casting,dtype_casting,dtype_casting,nan_inf,dtype_casting,dtype_casting,4,2,medium,suggestion_only_not_gold
EGNF1000-0605-75581e29,cupy/cupy,`cp.inf` still cannot be fused with cp.where and cp.newaxis,https://github.com/cupy/cupy/issues/9005,nan_inf,nan_inf,nan_inf,nan_inf,nan_inf,dtype_casting,nan_inf,5,4,high,suggestion_only_not_gold
EGNF1000-0606-2506ee32,jax-ml/jax,Bfloat16 matrix multiply is slower than FP16 on A100,https://github.com/jax-ml/jax/issues/11705,dtype_casting,dtype_casting,dtype_casting,dtype_casting,dtype_casting,dtype_casting,dtype_casting,6,6,high,suggestion_only_not_gold
EGNF1000-0607-ba90f2c9,jax-ml/jax,Wider support for FP8 datatypes,https://github.com/jax-ml/jax/issues/16673,dtype_casting,dtype_casting,dtype_casting,dtype_casting,dtype_casting,dtype_casting,dtype_casting,6,6,high,suggestion_only_not_gold
EGNF1000-0608-1b974722,jax-ml/jax,No implicit conversions from fp8 types to bf16,https://github.com/jax-ml/jax/issues/16705,dtype_casting,dtype_casting,dtype_casting,dtype_casting,dtype_casting,dtype_casting,dtype_casting,6,6,high,suggestion_only_not_gold
EGNF1000-0609-e556bed8,jax-ml/jax,`jax.lax.random_gamma_grad` has very slow convergence for large inputs,https://github.com/jax-ml/jax/issues/21352,overflow_underflow,dtype_casting,dtype_casting,dtype_casting,not_numerical_failure,not_numerical_failure,dtype_casting,3,1,medium,suggestion_only_not_gold
EGNF1000-0610-36189f44,jax-ml/jax,Inconsistent behavior with pallas + jnp.power + fp16,https://github.com/jax-ml/jax/issues/21928,dtype_casting,dtype_casting,dtype_casting,dtype_casting,dtype_casting,dtype_casting,dtype_casting,6,6,high,suggestion_only_not_gold
EGNF1000-0611-69dad14f,jax-ml/jax,`jnp.pow()` triggers dtype promotion when it should not,https://github.com/jax-ml/jax/issues/23337,dtype_casting,dtype_casting,dtype_casting,dtype_casting,dtype_casting,dtype_casting,dtype_casting,6,6,high,suggestion_only_not_gold
EGNF1000-0612-8c5762c5,jax-ml/jax,Pallas test failures on CPU on Intel Emerald Rapids,https://github.com/jax-ml/jax/issues/26130,overflow_underflow,dtype_casting,dtype_casting,dtype_casting,dtype_casting,dtype_casting,dtype_casting,5,4,high,suggestion_only_not_gold
EGNF1000-0613-b1223654,jax-ml/jax,"`jax.nn.dot_product_attention` with `implementation=""cudnn""` incompatible with `jax.vmap`",https://github.com/jax-ml/jax/issues/29605,dtype_casting,dtype_casting,dtype_casting,dtype_casting,dtype_casting,dtype_casting,dtype_casting,6,6,high,suggestion_only_not_gold
EGNF1000-0614-7bf48825,jax-ml/jax,Implicit dtype promotion for float8 and int4,https://github.com/jax-ml/jax/issues/32941,dtype_casting,dtype_casting,dtype_casting,dtype_casting,overflow_underflow,overflow_underflow,dtype_casting,4,2,medium,suggestion_only_not_gold
EGNF1000-0615-57bbb11f,jax-ml/jax,Facing Runtime error while running kernel but works with interpret mode,https://github.com/jax-ml/jax/issues/34431,dtype_casting,dtype_casting,dtype_casting,dtype_casting,dtype_casting,dtype_casting,dtype_casting,6,6,high,suggestion_only_not_gold
EGNF1000-0616-651b6d55,jax-ml/jax,Extraneous dbias computation when using cudnn dot_product_attention,https://github.com/jax-ml/jax/issues/34685,dtype_casting,dtype_casting,dtype_casting,dtype_casting,dtype_casting,dtype_casting,dtype_casting,6,6,high,suggestion_only_not_gold
EGNF1000-0617-9615e701,jax-ml/jax,lax.scan with float64 3×3 matrix carry is ~10× slower on CPU in JAX 0.4.33 vs 0.4.31 (float32 unaffected),https://github.com/jax-ml/jax/issues/36799,dtype_casting,dtype_casting,dtype_casting,dtype_casting,dtype_casting,overflow_underflow,dtype_casting,5,4,high,suggestion_only_not_gold
EGNF1000-0618-aa4fae7b,jax-ml/jax,Please support boolean types in `conv_general_dilated`,https://github.com/jax-ml/jax/issues/4012,dtype_casting,dtype_casting,dtype_casting,dtype_casting,nan_inf,dtype_casting,dtype_casting,5,4,high,suggestion_only_not_gold
EGNF1000-0619-0d1f5388,pytorch/pytorch,RWKV + Adam exp_avg_sq will change from positive to negative after loss.backward(),https://github.com/pytorch/pytorch/issues/108493,nan_inf,precision_tolerance,precision_tolerance,precision_tolerance,nan_inf,nan_inf,precision_tolerance,3,0,medium,suggestion_only_not_gold
EGNF1000-0620-2bff7289,pytorch/pytorch,iSTFT gives wrong results for some batched input,https://github.com/pytorch/pytorch/issues/113956,overflow_underflow,dtype_casting,dtype_casting,dtype_casting,dtype_casting,dtype_casting,dtype_casting,5,4,high,suggestion_only_not_gold
EGNF1000-0621-8f36cac2,pytorch/pytorch,`torch.Tensor.rot90`: Heap-buffer-overflow,https://github.com/pytorch/pytorch/issues/116250,overflow_underflow,overflow_underflow,dtype_casting,dtype_casting,precision_tolerance,overflow_underflow,overflow_underflow,3,1,medium,suggestion_only_not_gold
EGNF1000-0622-38d2d096,pytorch/pytorch,`torch.Tensor.flip`: Heap-buffer-overflow,https://github.com/pytorch/pytorch/issues/116251,overflow_underflow,overflow_underflow,dtype_casting,dtype_casting,precision_tolerance,overflow_underflow,overflow_underflow,3,1,medium,suggestion_only_not_gold
EGNF1000-0623-cb06adb8,pytorch/pytorch,`torch.Tensor.fliplr`: Heap-buffer-overflow,https://github.com/pytorch/pytorch/issues/116252,overflow_underflow,overflow_underflow,dtype_casting,dtype_casting,precision_tolerance,overflow_underflow,overflow_underflow,3,1,medium,suggestion_only_not_gold
EGNF1000-0624-55319073,pytorch/pytorch,`torch.Tensor.flipud`: Heap-buffer-overflow,https://github.com/pytorch/pytorch/issues/116253,overflow_underflow,overflow_underflow,dtype_casting,dtype_casting,precision_tolerance,overflow_underflow,overflow_underflow,3,1,medium,suggestion_only_not_gold
EGNF1000-0625-81410cd8,pytorch/pytorch,[MPS] Tracking issue for ModuleInfo failures when enabling testing for `torch.float16`,https://github.com/pytorch/pytorch/issues/119108,nan_inf,dtype_casting,dtype_casting,dtype_casting,precision_tolerance,overflow_underflow,dtype_casting,3,2,medium,suggestion_only_not_gold
EGNF1000-0626-c9ee41e8,pytorch/pytorch,torch.compile on Mamba2 model produces NaNs,https://github.com/pytorch/pytorch/issues/146129,nan_inf,dtype_casting,dtype_casting,dtype_casting,nan_inf,dtype_casting,dtype_casting,4,2,medium,suggestion_only_not_gold
EGNF1000-0627-71bd8bb3,pytorch/pytorch,Issue with Shared CUDA Tensor Reference Counting in Multi-Processing,https://github.com/pytorch/pytorch/issues/149187,dtype_casting,nan_inf,dtype_casting,dtype_casting,dtype_casting,nan_inf,dtype_casting,4,2,medium,suggestion_only_not_gold
EGNF1000-0628-4cd1001e,pytorch/pytorch,Beta Distribution values wrong for a=b---> 0,https://github.com/pytorch/pytorch/issues/15738,dtype_casting,dtype_casting,dtype_casting,dtype_casting,dtype_casting,overflow_underflow,dtype_casting,5,4,high,suggestion_only_not_gold
EGNF1000-0629-6d75334d,pytorch/pytorch,arange CPU kernel has different precisions for scalar and vectorized executions,https://github.com/pytorch/pytorch/issues/177599,overflow_underflow,dtype_casting,dtype_casting,dtype_casting,dtype_casting,dtype_casting,dtype_casting,5,4,high,suggestion_only_not_gold
EGNF1000-0630-fffc56fa,pytorch/pytorch,Request to support fp8 x4 packed dtypes in PT,https://github.com/pytorch/pytorch/issues/179109,dtype_casting,dtype_casting,dtype_casting,dtype_casting,dtype_casting,dtype_casting,dtype_casting,6,6,high,suggestion_only_not_gold
EGNF1000-0631-dfe09b66,pytorch/pytorch,"torch.backends.fp32_precision setter doesn't propagate to cudnn.conv/rnn, and mixed new/legacy API access causes RuntimeError",https://github.com/pytorch/pytorch/issues/179445,overflow_underflow,dtype_casting,dtype_casting,dtype_casting,dtype_casting,dtype_casting,dtype_casting,5,4,high,suggestion_only_not_gold
EGNF1000-0632-334f4700,pytorch/pytorch,DISABLED test_run2run_determinism_model_name_GoogleFnet_training_or_inference_inference_precision_float32 (__main__.DeterministicTest),https://github.com/pytorch/pytorch/issues/180681,needs_review,dtype_casting,dtype_casting,dtype_casting,dtype_casting,dtype_casting,dtype_casting,5,4,high,suggestion_only_not_gold
EGNF1000-0633-832fde6a,pytorch/pytorch,[CUDA][CUDACachingAllocator] size overflow in caching_allocator_alloc raises SystemError for size >= 2**63,https://github.com/pytorch/pytorch/issues/182277,overflow_underflow,dtype_casting,dtype_casting,dtype_casting,overflow_underflow,dtype_casting,dtype_casting,4,2,medium,suggestion_only_not_gold
EGNF1000-0634-d516bbee,pytorch/pytorch,[HOP] Alias/mutation fake traces should ignore discarded unbacked symbols,https://github.com/pytorch/pytorch/issues/183677,dtype_casting,dtype_casting,dtype_casting,dtype_casting,nan_inf,dtype_casting,dtype_casting,5,4,high,suggestion_only_not_gold
EGNF1000-0635-1784c420,pytorch/pytorch,`torch.scatter_reduce` CPU performance regression (~15–58×) introduced in 2.13.0.,https://github.com/pytorch/pytorch/issues/183812,dtype_casting,dtype_casting,dtype_casting,dtype_casting,dtype_casting,dtype_casting,dtype_casting,6,6,high,suggestion_only_not_gold
EGNF1000-0636-679ff9c8,pytorch/pytorch,Int32 overflow in bincount indexing,https://github.com/pytorch/pytorch/issues/25747,overflow_underflow,overflow_underflow,dtype_casting,dtype_casting,overflow_underflow,nan_inf,overflow_underflow,3,1,medium,suggestion_only_not_gold
EGNF1000-0637-f6489f78,pytorch/pytorch,torch.einsum gets wrong results randomly when training with multi-gpu,https://github.com/pytorch/pytorch/issues/82308,dtype_casting,dtype_casting,dtype_casting,dtype_casting,dtype_casting,dtype_casting,dtype_casting,6,6,high,suggestion_only_not_gold
EGNF1000-0638-7fc1ce5b,rapidsai/cudf,[BUG] Error with dask-expr using categorical dtype,https://github.com/rapidsai/cudf/issues/17415,dtype_casting,dtype_casting,dtype_casting,dtype_casting,dtype_casting,dtype_casting,dtype_casting,6,6,high,suggestion_only_not_gold
EGNF1000-0639-e794247f,rapidsai/cudf,[BUG] Not able to read csv file with nrows >= ~120000000,https://github.com/rapidsai/cudf/issues/17949,overflow_underflow,dtype_casting,dtype_casting,dtype_casting,dtype_casting,dtype_casting,dtype_casting,5,4,high,suggestion_only_not_gold
EGNF1000-0640-009f93c7,rapidsai/cudf,"[BUG] `.join(how=""full"")` on key column requiring upcast returns too many rows in cudf_polars with rapidsmpf",https://github.com/rapidsai/cudf/issues/22085,dtype_casting,crash_compile,dtype_casting,dtype_casting,dtype_casting,dtype_casting,dtype_casting,5,4,high,suggestion_only_not_gold
EGNF1000-0641-995b5764,rapidsai/cuml,[BUG] CUSOLVER_STATUS_INVALID_VALUE in ridge regression on CUDA 10.1,https://github.com/rapidsai/cuml/issues/1269,dtype_casting,dtype_casting,dtype_casting,dtype_casting,not_numerical_failure,not_numerical_failure,dtype_casting,4,2,medium,suggestion_only_not_gold
EGNF1000-0642-51729698,rapidsai/cuml,[BUG] Division error in DBScan computeBatchCount leads to number of batches being off by 1,https://github.com/rapidsai/cuml/issues/2406,overflow_underflow,overflow_underflow,overflow_underflow,overflow_underflow,dtype_casting,dtype_casting,overflow_underflow,4,2,medium,suggestion_only_not_gold
EGNF1000-0643-73b2b2f9,rapidsai/cuml,[TRACKER][BUG] Integer-based indexing causing failures when data grows very large.,https://github.com/rapidsai/cuml/issues/2459,overflow_underflow,dtype_casting,dtype_casting,dtype_casting,dtype_casting,overflow_underflow,dtype_casting,4,2,medium,suggestion_only_not_gold
EGNF1000-0644-c78803af,rapidsai/cuml,[BUG] Random forest regressor predict returning all inf,https://github.com/rapidsai/cuml/issues/2646,nan_inf,dtype_casting,dtype_casting,dtype_casting,nan_inf,dtype_casting,dtype_casting,4,2,medium,suggestion_only_not_gold
EGNF1000-0645-c4efec98,rapidsai/cuml,[BUG] SVC fitting 240MB of data causes 32GB V100 to go out of memory,https://github.com/rapidsai/cuml/issues/3233,dtype_casting,dtype_casting,dtype_casting,dtype_casting,dtype_casting,dtype_casting,dtype_casting,6,6,high,suggestion_only_not_gold
EGNF1000-0646-9d6d3d7b,rapidsai/cuml,[BUG] TSNE computation stuck at gradient updates,https://github.com/rapidsai/cuml/issues/3816,nan_inf,dtype_casting,dtype_casting,dtype_casting,dtype_casting,performance_only,dtype_casting,4,3,medium,suggestion_only_not_gold
EGNF1000-0647-cbb1f7f0,rapidsai/cuml,[BUG] CumlArray error while handling empty cupy array,https://github.com/rapidsai/cuml/issues/4095,dtype_casting,dtype_casting,dtype_casting,dtype_casting,dtype_casting,dtype_casting,dtype_casting,6,6,high,suggestion_only_not_gold
EGNF1000-0648-3d878ea5,rapidsai/cuml,[TASK] Review types used for size and indexing throughout codebase,https://github.com/rapidsai/cuml/issues/4105,overflow_underflow,dtype_casting,dtype_casting,dtype_casting,dtype_casting,overflow_underflow,dtype_casting,4,2,medium,suggestion_only_not_gold
EGNF1000-0649-3b96dda9,rapidsai/cuml,[BUG] Integer overflow in Linear Models,https://github.com/rapidsai/cuml/issues/4906,overflow_underflow,overflow_underflow,dtype_casting,dtype_casting,dtype_casting,nan_inf,dtype_casting,3,1,medium,suggestion_only_not_gold
EGNF1000-0650-1ec14508,rapidsai/cuml,[BUG] RandomForestClassifier No attribute predict_model_on_cpu when it should ?,https://github.com/rapidsai/cuml/issues/5008,dtype_casting,dtype_casting,dtype_casting,dtype_casting,dtype_casting,dtype_casting,dtype_casting,6,6,high,suggestion_only_not_gold
EGNF1000-0651-2c5e1d93,rapidsai/cuml,"[DOC] On the first execution of certain cuml features, a [jitify] File Not Found error is returned",https://github.com/rapidsai/cuml/issues/5749,overflow_underflow,dtype_casting,dtype_casting,dtype_casting,dtype_casting,precision_tolerance,dtype_casting,4,3,medium,suggestion_only_not_gold
EGNF1000-0652-8b3596cf,rapidsai/cuml,[dask-cuda] Memory corruption and worker crashes in cuML KMeans with large datasets,https://github.com/rapidsai/cuml/issues/6694,overflow_underflow,dtype_casting,dtype_casting,dtype_casting,dtype_casting,dtype_casting,dtype_casting,5,4,high,suggestion_only_not_gold
EGNF1000-0653-1a746736,rapidsai/cuml,`ElasticNet.fit` causes cublas error on large enough data,https://github.com/rapidsai/cuml/issues/6736,dtype_casting,dtype_casting,dtype_casting,dtype_casting,dtype_casting,dtype_casting,dtype_casting,6,6,high,suggestion_only_not_gold
EGNF1000-0654-5fa3ab6b,rapidsai/cuml,[BUG] predict_per_tree inconsistent behavior,https://github.com/rapidsai/cuml/issues/7711,dtype_casting,dtype_casting,dtype_casting,dtype_casting,dtype_casting,dtype_casting,dtype_casting,6,6,high,suggestion_only_not_gold
EGNF1000-0655-6c8f5df9,rapidsai/cuml,Improve numerical stability handling for near-constant features in StandardScaler,https://github.com/rapidsai/cuml/issues/7770,dtype_casting,dtype_casting,dtype_casting,dtype_casting,dtype_casting,dtype_casting,dtype_casting,6,6,high,suggestion_only_not_gold
EGNF1000-0656-dfb51d0b,rapidsai/cuml,[BUG] `SVR.fit` issues when prefetching enabled,https://github.com/rapidsai/cuml/issues/7842,nan_inf,dtype_casting,dtype_casting,dtype_casting,dtype_casting,dtype_casting,dtype_casting,5,4,high,suggestion_only_not_gold
EGNF1000-0657-94dd7028,triton-lang/triton,cosmetic change to attention code leads to NaN,https://github.com/triton-lang/triton/issues/1273,nan_inf,nan_inf,nan_inf,nan_inf,nan_inf,nan_inf,nan_inf,6,6,high,suggestion_only_not_gold
EGNF1000-0658-24a62be8,triton-lang/triton,incorrect result for sum of cumulative product,https://github.com/triton-lang/triton/issues/1916,nan_inf,nan_inf,dtype_casting,dtype_casting,nan_inf,nan_inf,nan_inf,4,2,medium,suggestion_only_not_gold
EGNF1000-0659-2b0b7ca2,triton-lang/triton,opt(flash_attn): Try reverse iteration optimization,https://github.com/triton-lang/triton/issues/2299,nan_inf,nan_inf,nan_inf,nan_inf,nan_inf,not_numerical_failure,nan_inf,5,4,high,suggestion_only_not_gold
EGNF1000-0660-36f236d2,triton-lang/triton,Perf (`priority: low`): Explore utilizing I32 indexing for `make_block_ptr` with grid size compilation guards,https://github.com/triton-lang/triton/issues/2324,overflow_underflow,overflow_underflow,overflow_underflow,overflow_underflow,overflow_underflow,dtype_casting,overflow_underflow,5,4,high,suggestion_only_not_gold
EGNF1000-0661-05e2738b,triton-lang/triton,[BUG Report] wants full padding dot results but got wrong results.,https://github.com/triton-lang/triton/issues/3800,dtype_casting,dtype_casting,dtype_casting,dtype_casting,dtype_casting,dtype_casting,dtype_casting,6,6,high,suggestion_only_not_gold
EGNF1000-0662-1807e81a,triton-lang/triton,"max(tensor, axis = 1) doesn't work without TRITON_INTERPRET=1",https://github.com/triton-lang/triton/issues/5522,nan_inf,nan_inf,dtype_casting,dtype_casting,nan_inf,overflow_underflow,nan_inf,3,1,medium,suggestion_only_not_gold
EGNF1000-0663-cf7d819f,triton-lang/triton,GPT-OSS 20b int32 overflow detected for operation add in `_keyed_add` kernel under TRITON_DEBUG=1,https://github.com/triton-lang/triton/issues/7945,overflow_underflow,dtype_casting,dtype_casting,dtype_casting,dtype_casting,dtype_casting,dtype_casting,5,4,high,suggestion_only_not_gold
EGNF1000-0664-a1d2fd78,triton-lang/triton,"For split_k > 1, microscaling works incorrectly.",https://github.com/triton-lang/triton/issues/8518,dtype_casting,overflow_underflow,dtype_casting,dtype_casting,dtype_casting,dtype_casting,dtype_casting,5,4,high,suggestion_only_not_gold
EGNF1000-0665-b82baf61,apache/tvm,"[Bug] [Relax][ONNX] ScatterElements ignores `reduction` attribute, silently produces wrong results",https://github.com/apache/tvm/issues/19435,dtype_casting,nan_inf,dtype_casting,dtype_casting,nan_inf,overflow_underflow,dtype_casting,3,1,medium,suggestion_only_not_gold
EGNF1000-0666-8c31e9dd,cupy/cupy,CUDA_ERROR_NO_BINARY_FOR_GPU ( on 5080 / sm_120),https://github.com/cupy/cupy/issues/9106,dtype_casting,dtype_casting,dtype_casting,dtype_casting,overflow_underflow,dtype_casting,dtype_casting,5,4,high,suggestion_only_not_gold
EGNF1000-0667-1adfe26e,jax-ml/jax,Problem with jax when installing multinerf,https://github.com/jax-ml/jax/issues/13801,overflow_underflow,dtype_casting,dtype_casting,dtype_casting,dtype_casting,dtype_casting,dtype_casting,5,4,high,suggestion_only_not_gold
EGNF1000-0668-a12f97c0,jax-ml/jax,Build issues with local CUDA installation,https://github.com/jax-ml/jax/issues/23689,needs_review,precision_tolerance,dtype_casting,dtype_casting,overflow_underflow,dtype_casting,dtype_casting,3,2,medium,suggestion_only_not_gold
EGNF1000-0669-3d88623d,jax-ml/jax,[//tests/mosaic:gpu_test_gpu] Wrong results on H100,https://github.com/jax-ml/jax/issues/25218,needs_review,dtype_casting,dtype_casting,dtype_casting,overflow_underflow,dtype_casting,dtype_casting,4,3,medium,suggestion_only_not_gold
EGNF1000-0670-413c6b60,jax-ml/jax,[Feature request] unsupported int8,https://github.com/jax-ml/jax/issues/28305,overflow_underflow,dtype_casting,dtype_casting,dtype_casting,dtype_casting,dtype_casting,dtype_casting,5,4,high,suggestion_only_not_gold
EGNF1000-0671-a06eb903,numba/numba,Inaccurate complex tanh implementation,https://github.com/numba/numba/issues/2922,overflow_underflow,dtype_casting,dtype_casting,dtype_casting,dtype_casting,dtype_casting,dtype_casting,5,4,high,suggestion_only_not_gold
EGNF1000-0672-2125073a,numba/numba,Function compilation not being updated for specific types on 32-bit systems,https://github.com/numba/numba/issues/8298,overflow_underflow,dtype_casting,dtype_casting,dtype_casting,dtype_casting,dtype_casting,dtype_casting,5,4,high,suggestion_only_not_gold
EGNF1000-0673-b0581928,numba/numba,cumprod method doesn't upcast unsigned integer array,https://github.com/numba/numba/issues/9592,overflow_underflow,dtype_casting,dtype_casting,dtype_casting,dtype_casting,dtype_casting,dtype_casting,5,4,high,suggestion_only_not_gold
EGNF1000-0674-22eb7bb2,numba/numba,lack of overflow check and incorrect type init when using jitclass,https://github.com/numba/numba/issues/9628,overflow_underflow,dtype_casting,dtype_casting,dtype_casting,dtype_casting,dtype_casting,dtype_casting,5,4,high,suggestion_only_not_gold
EGNF1000-0675-5fb67383,pytorch/pytorch,Wrong results when sampling from the beta distribution for small alpha=beta,https://github.com/pytorch/pytorch/issues/136532,needs_review,nan_inf,dtype_casting,dtype_casting,overflow_underflow,nan_inf,nan_inf,2,0,low,suggestion_only_not_gold
EGNF1000-0676-d317155b,pytorch/pytorch,Discrepancy between eager and torch.compile (mode='max-autotune-no-cudagraphs') outputs under strict tolerance,https://github.com/pytorch/pytorch/issues/150280,overflow_underflow,dtype_casting,dtype_casting,dtype_casting,nan_inf,dtype_casting,dtype_casting,4,3,medium,suggestion_only_not_gold
EGNF1000-0677-5105e392,pytorch/pytorch,`torch.sparse.spdiags` produces incorrect results,https://github.com/pytorch/pytorch/issues/171558,needs_review,nan_inf,dtype_casting,dtype_casting,nan_inf,overflow_underflow,nan_inf,2,0,low,suggestion_only_not_gold
EGNF1000-0678-588c853d,pytorch/pytorch,DISABLED test_combo_kernel_yz_overflow (__main__.ComboKernelTests),https://github.com/pytorch/pytorch/issues/180019,needs_review,dtype_casting,dtype_casting,dtype_casting,dtype_casting,dtype_casting,dtype_casting,5,4,high,suggestion_only_not_gold
EGNF1000-0679-5cb8d684,pytorch/pytorch,DISABLED test_eager_equivalence_log_backend_inductor_numerics_cuda_float16 (__main__.TestOpInfoPropertiesCUDA),https://github.com/pytorch/pytorch/issues/180044,needs_review,dtype_casting,dtype_casting,dtype_casting,precision_tolerance,dtype_casting,dtype_casting,4,3,medium,suggestion_only_not_gold
EGNF1000-0680-4e0909da,pytorch/pytorch,DISABLED test_unary_ufunc_numerical_log10_backend_inductor_numerics_cuda_float16 (__main__.TestOpInfoPropertiesCUDA),https://github.com/pytorch/pytorch/issues/180064,needs_review,dtype_casting,dtype_casting,dtype_casting,dtype_casting,dtype_casting,dtype_casting,5,4,high,suggestion_only_not_gold
EGNF1000-0681-1b7ffceb,pytorch/pytorch,DISABLED test_unary_ufunc_numerical_log_backend_inductor_numerics_cuda_float16 (__main__.TestOpInfoPropertiesCUDA),https://github.com/pytorch/pytorch/issues/180067,needs_review,dtype_casting,dtype_casting,dtype_casting,dtype_casting,dtype_casting,dtype_casting,5,4,high,suggestion_only_not_gold
EGNF1000-0682-7bab3997,pytorch/pytorch,DISABLED test_unary_ufunc_numerical_log1p_backend_inductor_default_cuda_float16 (__main__.TestOpInfoPropertiesCUDA),https://github.com/pytorch/pytorch/issues/180419,needs_review,dtype_casting,dtype_casting,dtype_casting,dtype_casting,dtype_casting,dtype_casting,5,4,high,suggestion_only_not_gold
EGNF1000-0683-58ed32db,pytorch/pytorch,DISABLED test_emulate_precision_casts_preserves_explicit_precision_cast_float16 (__main__.CudaReproTests),https://github.com/pytorch/pytorch/issues/180948,needs_review,dtype_casting,dtype_casting,dtype_casting,dtype_casting,dtype_casting,dtype_casting,5,4,high,suggestion_only_not_gold
EGNF1000-0684-0fa9d591,pytorch/pytorch,`torch.compile` crashes on SDPA backward when head_dim is not a multiple of 16,https://github.com/pytorch/pytorch/issues/182766,dtype_casting,dtype_casting,dtype_casting,dtype_casting,dtype_casting,nan_inf,dtype_casting,5,4,high,suggestion_only_not_gold
EGNF1000-0685-042f764e,pytorch/pytorch,torch.norm produces incorrect results,https://github.com/pytorch/pytorch/issues/20551,needs_review,nan_inf,nan_inf,nan_inf,nan_inf,nan_inf,nan_inf,5,4,high,suggestion_only_not_gold
EGNF1000-0686-1f310258,pytorch/pytorch,'torch.load' report 'bad pickle data',https://github.com/pytorch/pytorch/issues/31615,needs_review,nan_inf,dtype_casting,dtype_casting,nan_inf,dtype_casting,dtype_casting,3,1,medium,suggestion_only_not_gold
EGNF1000-0687-0c8a8003,rapidsai/cudf,[BUG] Integer PTX JIT gtest failures on H100 system (CUDA 12.0),https://github.com/rapidsai/cudf/issues/15048,dtype_casting,dtype_casting,dtype_casting,dtype_casting,dtype_casting,dtype_casting,dtype_casting,6,6,high,suggestion_only_not_gold
EGNF1000-0688-5bc543cf,rapidsai/cudf,[FEA] Optimize str.split().list.get() via fused lazy extraction (~160x speedup observed),https://github.com/rapidsai/cudf/issues/21042,dtype_casting,dtype_casting,dtype_casting,dtype_casting,nan_inf,dtype_casting,dtype_casting,5,4,high,suggestion_only_not_gold
EGNF1000-0689-c9b6ed66,rapidsai/cuml,[BUG] DBSCAN fit_predict hangs on 60000 rows by 2 columns,https://github.com/rapidsai/cuml/issues/223,needs_review,dtype_casting,dtype_casting,dtype_casting,dtype_casting,not_numerical_failure,dtype_casting,4,3,medium,suggestion_only_not_gold
EGNF1000-0690-c479bb32,rapidsai/cuml,ARIMA performance tracker,https://github.com/rapidsai/cuml/issues/2912,dtype_casting,dtype_casting,dtype_casting,dtype_casting,not_numerical_failure,overflow_underflow,dtype_casting,4,3,medium,suggestion_only_not_gold
EGNF1000-0691-283bcac7,rapidsai/cuml,[BUG] Sporadic failure in test_kbinsdiscretizer with uniform strategy,https://github.com/rapidsai/cuml/issues/3481,needs_review,dtype_casting,dtype_casting,dtype_casting,overflow_underflow,dtype_casting,dtype_casting,4,3,medium,suggestion_only_not_gold
EGNF1000-0692-240fc5f0,rapidsai/cuml,[BUG] RuntimeError: radix_sort: failed on 2nd step: cudaErrorInvalidValue: invalid argument,https://github.com/rapidsai/cuml/issues/4167,needs_review,dtype_casting,dtype_casting,dtype_casting,dtype_casting,dtype_casting,dtype_casting,5,4,high,suggestion_only_not_gold
EGNF1000-0693-1d22f405,rapidsai/cuml,[BUG] libcudart.so: cannot open shared object file: No such file or directory,https://github.com/rapidsai/cuml/issues/5300,needs_review,dtype_casting,dtype_casting,dtype_casting,not_numerical_failure,not_numerical_failure,dtype_casting,3,1,medium,suggestion_only_not_gold
EGNF1000-0694-f9c5c00b,rapidsai/cuml,[QST] UMAP memory usage: out_of_memory MemoryError,https://github.com/rapidsai/cuml/issues/5685,needs_review,dtype_casting,dtype_casting,dtype_casting,overflow_underflow,dtype_casting,dtype_casting,4,3,medium,suggestion_only_not_gold
EGNF1000-0695-cdf254ae,rapidsai/cuml,Serialization problem with GridSearchCV,https://github.com/rapidsai/cuml/issues/6046,dtype_casting,dtype_casting,dtype_casting,dtype_casting,not_numerical_failure,dtype_casting,dtype_casting,5,4,high,suggestion_only_not_gold
EGNF1000-0696-4e3f3455,triton-lang/triton,"[Bug] dot_scaled rejects float8_e8m0fnu scale tensors, only accepts uint8",https://github.com/triton-lang/triton/issues/10008,dtype_casting,dtype_casting,dtype_casting,dtype_casting,dtype_casting,dtype_casting,dtype_casting,6,6,high,suggestion_only_not_gold
EGNF1000-0697-173ec7bb,triton-lang/triton,[Blackwell SM100] RuntimeError: misaligned address on tcgen05.mma,https://github.com/triton-lang/triton/issues/10309,dtype_casting,dtype_casting,dtype_casting,dtype_casting,dtype_casting,dtype_casting,dtype_casting,6,6,high,suggestion_only_not_gold
EGNF1000-0698-cb99a452,triton-lang/triton,AMDGPU support for triton MLIR,https://github.com/triton-lang/triton/issues/1073,dtype_casting,overflow_underflow,dtype_casting,dtype_casting,overflow_underflow,dtype_casting,dtype_casting,4,2,medium,suggestion_only_not_gold
EGNF1000-0699-40f8015f,triton-lang/triton,Matmul on fp16 causes abort on P100 (sm_60),https://github.com/triton-lang/triton/issues/1610,dtype_casting,dtype_casting,dtype_casting,dtype_casting,dtype_casting,dtype_casting,dtype_casting,6,6,high,suggestion_only_not_gold
EGNF1000-0700-bdf29857,triton-lang/triton,tl.atomic_cas() Returned an Error,https://github.com/triton-lang/triton/issues/2011,dtype_casting,dtype_casting,dtype_casting,dtype_casting,dtype_casting,dtype_casting,dtype_casting,6,6,high,suggestion_only_not_gold
EGNF1000-0701-98555ae4,triton-lang/triton,Dot on casted matrixes cause floating point exception,https://github.com/triton-lang/triton/issues/2405,dtype_casting,dtype_casting,dtype_casting,dtype_casting,dtype_casting,dtype_casting,dtype_casting,6,6,high,suggestion_only_not_gold
EGNF1000-0702-e329c3a3,triton-lang/triton,"AssertionError(""cannot convert NotImplemented of type <class 'NotImplementedType'> to tensor"")",https://github.com/triton-lang/triton/issues/3678,dtype_casting,dtype_casting,dtype_casting,dtype_casting,nan_inf,dtype_casting,dtype_casting,5,4,high,suggestion_only_not_gold
EGNF1000-0703-d431088c,triton-lang/triton,Semi-surprising type promotion of float literals vs scalars,https://github.com/triton-lang/triton/issues/5466,dtype_casting,dtype_casting,dtype_casting,dtype_casting,dtype_casting,dtype_casting,dtype_casting,6,6,high,suggestion_only_not_gold
EGNF1000-0704-d525f612,triton-lang/triton,IR builder does not support FP8 dtypes,https://github.com/triton-lang/triton/issues/5601,dtype_casting,dtype_casting,dtype_casting,dtype_casting,dtype_casting,dtype_casting,dtype_casting,6,6,high,suggestion_only_not_gold
EGNF1000-0705-b16bcbd0,triton-lang/triton,triton.autotune failed when the matrix's shape changed: [CUDA error] an illegal memory access was encountered,https://github.com/triton-lang/triton/issues/6224,dtype_casting,dtype_casting,dtype_casting,dtype_casting,overflow_underflow,dtype_casting,dtype_casting,5,4,high,suggestion_only_not_gold
EGNF1000-0706-9c8d80f9,triton-lang/triton,Higher shared_memory usage in Triton 3.3,https://github.com/triton-lang/triton/issues/7268,dtype_casting,dtype_casting,dtype_casting,dtype_casting,dtype_casting,dtype_casting,dtype_casting,6,6,high,suggestion_only_not_gold
EGNF1000-0707-000d7be3,triton-lang/triton,[Perf] TMA descriptor load followed by reduce regresses in 3.6.0 compared to 3.5.1,https://github.com/triton-lang/triton/issues/9703,dtype_casting,dtype_casting,dtype_casting,dtype_casting,dtype_casting,dtype_casting,dtype_casting,6,6,high,suggestion_only_not_gold
EGNF1000-0708-89e6d122,apache/tvm,[Bug] The Onnx Frontend incorrectly mapping the Operator implementation version,https://github.com/apache/tvm/issues/18698,dtype_casting,dtype_casting,dtype_casting,dtype_casting,dtype_casting,dtype_casting,dtype_casting,6,6,high,suggestion_only_not_gold
EGNF1000-0709-e6bd073f,cupy/cupy,"`cupy.cuda.function.Function` expects `grid` & `block` as (w, h) but convention is (h, w)",https://github.com/cupy/cupy/issues/1198,dtype_casting,overflow_underflow,dtype_casting,dtype_casting,dtype_casting,dtype_casting,dtype_casting,5,4,high,suggestion_only_not_gold
EGNF1000-0710-c692fe66,jax-ml/jax,"numerical instability under different shapes in `jnp.linalg.norm` when `ord=""fro""`",https://github.com/jax-ml/jax/issues/10374,dtype_casting,dtype_casting,dtype_casting,dtype_casting,nan_inf,overflow_underflow,dtype_casting,4,3,medium,suggestion_only_not_gold
EGNF1000-0711-53cec17c,jax-ml/jax,Float16 behavior affect by jax_enable_x64,https://github.com/jax-ml/jax/issues/12145,dtype_casting,dtype_casting,dtype_casting,dtype_casting,dtype_casting,dtype_casting,dtype_casting,6,6,high,suggestion_only_not_gold
EGNF1000-0712-96c1f80d,jax-ml/jax,Strange behavior of `convert_element_type` on main branch,https://github.com/jax-ml/jax/issues/12452,dtype_casting,dtype_casting,dtype_casting,dtype_casting,dtype_casting,dtype_casting,dtype_casting,6,6,high,suggestion_only_not_gold
EGNF1000-0713-ec12f682,jax-ml/jax,Faster histogram implementation and slow existing JAX implementation,https://github.com/jax-ml/jax/issues/12774,overflow_underflow,dtype_casting,dtype_casting,dtype_casting,dtype_casting,overflow_underflow,dtype_casting,4,2,medium,suggestion_only_not_gold
EGNF1000-0714-1866623b,jax-ml/jax,"jax.numpy.log(2., dtype=np.float32) does not accept dtype arg",https://github.com/jax-ml/jax/issues/1364,dtype_casting,dtype_casting,dtype_casting,dtype_casting,dtype_casting,dtype_casting,dtype_casting,6,6,high,suggestion_only_not_gold
EGNF1000-0715-41ab6f06,jax-ml/jax,jaxlib.xla_extension.XlaRuntimeError: FAILED_PRECONDITION: DNN library initialization failed,https://github.com/jax-ml/jax/issues/15361,needs_review,dtype_casting,dtype_casting,dtype_casting,dtype_casting,dtype_casting,dtype_casting,5,4,high,suggestion_only_not_gold
EGNF1000-0716-bd77ee48,jax-ml/jax,add jax_debug_infs to docs,https://github.com/jax-ml/jax/issues/17722,needs_review,dtype_casting,dtype_casting,dtype_casting,nan_inf,not_numerical_failure,dtype_casting,3,2,medium,suggestion_only_not_gold
EGNF1000-0717-4c91af28,jax-ml/jax,Untie `dtype` of tensor and dtype of its cotangent gradient.,https://github.com/jax-ml/jax/issues/18931,dtype_casting,dtype_casting,dtype_casting,dtype_casting,dtype_casting,dtype_casting,dtype_casting,6,6,high,suggestion_only_not_gold
EGNF1000-0718-cc40ec77,jax-ml/jax,jax.numpy.arcsinh not has accurate for complex64 dtype,https://github.com/jax-ml/jax/issues/19398,dtype_casting,dtype_casting,dtype_casting,dtype_casting,dtype_casting,dtype_casting,dtype_casting,6,6,high,suggestion_only_not_gold
EGNF1000-0719-013ad23f,jax-ml/jax,CTRL+C Broken When Running distributed.initialize() on one TPU Host by Accident,https://github.com/jax-ml/jax/issues/22436,dtype_casting,dtype_casting,dtype_casting,dtype_casting,not_numerical_failure,overflow_underflow,dtype_casting,4,3,medium,suggestion_only_not_gold
EGNF1000-0720-f1d1cab6,jax-ml/jax,Saturating arithmetic,https://github.com/jax-ml/jax/issues/26566,overflow_underflow,dtype_casting,dtype_casting,dtype_casting,dtype_casting,dtype_casting,dtype_casting,5,4,high,suggestion_only_not_gold
EGNF1000-0721-ddf20107,jax-ml/jax,Schrödinger's JAX (using `jax.debug.print` fixes wrong results introduced in 0.5.3),https://github.com/jax-ml/jax/issues/27464,needs_review,dtype_casting,dtype_casting,dtype_casting,dtype_casting,not_numerical_failure,dtype_casting,4,3,medium,suggestion_only_not_gold
EGNF1000-0722-67d7b276,jax-ml/jax,`ragged_dot` silently ignores `DotAlgorithmPreset` precisions,https://github.com/jax-ml/jax/issues/32207,needs_review,dtype_casting,dtype_casting,dtype_casting,dtype_casting,dtype_casting,dtype_casting,5,4,high,suggestion_only_not_gold
EGNF1000-0723-208b9941,jax-ml/jax,bfloat16/float32 memory requirements seem off,https://github.com/jax-ml/jax/issues/3302,dtype_casting,dtype_casting,dtype_casting,dtype_casting,dtype_casting,dtype_casting,dtype_casting,6,6,high,suggestion_only_not_gold
EGNF1000-0724-f7ebd716,jax-ml/jax,Custom vmap type error,https://github.com/jax-ml/jax/issues/33943,dtype_casting,dtype_casting,dtype_casting,dtype_casting,dtype_casting,overflow_underflow,dtype_casting,5,4,high,suggestion_only_not_gold
EGNF1000-0725-06094e38,jax-ml/jax,`jax.scipy.fft.dct` ignores imaginary part of complex input (inconsistent with SciPy),https://github.com/jax-ml/jax/issues/35973,needs_review,dtype_casting,dtype_casting,dtype_casting,dtype_casting,dtype_casting,dtype_casting,5,4,high,suggestion_only_not_gold
EGNF1000-0726-5b8f1d13,jax-ml/jax,jax.jit produces different results compared to eager execution,https://github.com/jax-ml/jax/issues/36618,dtype_casting,dtype_casting,dtype_casting,dtype_casting,not_numerical_failure,not_numerical_failure,dtype_casting,4,2,medium,suggestion_only_not_gold
EGNF1000-0727-be426ba1,jax-ml/jax,Performance regression in batched jnp.linalg.solve on CPU from jax/jaxlib 0.9.2 to 0.10.0,https://github.com/jax-ml/jax/issues/36927,dtype_casting,dtype_casting,dtype_casting,dtype_casting,dtype_casting,not_numerical_failure,dtype_casting,5,4,high,suggestion_only_not_gold
EGNF1000-0728-164f00e2,jax-ml/jax,`jax.experimental.sparse.bcoo._bcoo_dot_general_transpose` returns a broadcasted cotangent for vmapped sparse matvecs,https://github.com/jax-ml/jax/issues/37647,dtype_casting,dtype_casting,dtype_casting,dtype_casting,dtype_casting,dtype_casting,dtype_casting,6,6,high,suggestion_only_not_gold
EGNF1000-0729-d6f69ac8,pytorch/pytorch,[docs] Document dtype conversions dtype.to_complex() dtype.to_real(),https://github.com/pytorch/pytorch/issues/107130,dtype_casting,dtype_casting,dtype_casting,dtype_casting,dtype_casting,dtype_casting,dtype_casting,6,6,high,suggestion_only_not_gold
EGNF1000-0730-b95f262c,pytorch/pytorch,Heap-buffer-overflow during tensor unpickling,https://github.com/pytorch/pytorch/issues/109791,overflow_underflow,overflow_underflow,dtype_casting,dtype_casting,overflow_underflow,overflow_underflow,overflow_underflow,4,2,medium,suggestion_only_not_gold
EGNF1000-0731-19c872de,pytorch/pytorch,[BUG] torch.linalg.lstsq returning wrong result.,https://github.com/pytorch/pytorch/issues/127223,overflow_underflow,dtype_casting,dtype_casting,dtype_casting,nan_inf,dtype_casting,dtype_casting,4,3,medium,suggestion_only_not_gold
EGNF1000-0732-9a4c7802,pytorch/pytorch,Questions about CVE-2024-31583 and CVE-2024-31580,https://github.com/pytorch/pytorch/issues/129122,overflow_underflow,dtype_casting,dtype_casting,dtype_casting,nan_inf,precision_tolerance,dtype_casting,3,2,medium,suggestion_only_not_gold
EGNF1000-0733-20725288,pytorch/pytorch,Incorrect Results with Tensor Parallelism,https://github.com/pytorch/pytorch/issues/144359,overflow_underflow,dtype_casting,dtype_casting,dtype_casting,dtype_casting,dtype_casting,dtype_casting,5,4,high,suggestion_only_not_gold
EGNF1000-0734-bed1028a,pytorch/pytorch,Something very wrong with float16 CPU implementation,https://github.com/pytorch/pytorch/issues/146508,overflow_underflow,dtype_casting,dtype_casting,dtype_casting,dtype_casting,dtype_casting,dtype_casting,5,4,high,suggestion_only_not_gold
EGNF1000-0735-c4789fb0,pytorch/pytorch,[feature request] Inplace downcast dtype conversion,https://github.com/pytorch/pytorch/issues/158710,dtype_casting,dtype_casting,dtype_casting,dtype_casting,overflow_underflow,overflow_underflow,dtype_casting,4,2,medium,suggestion_only_not_gold
EGNF1000-0736-d0dbea74,pytorch/pytorch,heap-buffer-overflow in torch.linalg.eig,https://github.com/pytorch/pytorch/issues/162358,overflow_underflow,nan_inf,dtype_casting,dtype_casting,nan_inf,nan_inf,nan_inf,3,1,medium,suggestion_only_not_gold
EGNF1000-0737-21e044b8,pytorch/pytorch,torch.softmax is not a true alias for torch.nn.functional.softmax,https://github.com/pytorch/pytorch/issues/181663,dtype_casting,dtype_casting,dtype_casting,dtype_casting,nan_inf,nan_inf,dtype_casting,4,2,medium,suggestion_only_not_gold
EGNF1000-0738-c6dd8661,pytorch/pytorch,torch.dtype is int in JIT instead of torch.dtype,https://github.com/pytorch/pytorch/issues/65607,dtype_casting,dtype_casting,dtype_casting,dtype_casting,dtype_casting,dtype_casting,dtype_casting,6,6,high,suggestion_only_not_gold
EGNF1000-0739-0e56cede,pytorch/pytorch,Unexpected results with torch.nn.functional.layer_norm,https://github.com/pytorch/pytorch/issues/98075,dtype_casting,dtype_casting,dtype_casting,dtype_casting,dtype_casting,dtype_casting,dtype_casting,6,6,high,suggestion_only_not_gold
EGNF1000-0740-6d63996e,rapidsai/cudf,[BUG] fillna with dataframe containing list dtypes fails,https://github.com/rapidsai/cudf/issues/12274,dtype_casting,dtype_casting,dtype_casting,dtype_casting,dtype_casting,dtype_casting,dtype_casting,6,6,high,suggestion_only_not_gold
EGNF1000-0741-fe65ae22,rapidsai/cudf,[FEA] support type float16,https://github.com/rapidsai/cudf/issues/12359,dtype_casting,dtype_casting,dtype_casting,dtype_casting,dtype_casting,dtype_casting,dtype_casting,6,6,high,suggestion_only_not_gold
EGNF1000-0742-c877324b,rapidsai/cudf,[FEA] Improve dtype dispatch patterns in Python,https://github.com/rapidsai/cudf/issues/12495,dtype_casting,dtype_casting,dtype_casting,dtype_casting,dtype_casting,dtype_casting,dtype_casting,6,6,high,suggestion_only_not_gold
EGNF1000-0743-fed77930,rapidsai/cudf,[FEA] Support more dtypes in JIT GroupBy `apply`,https://github.com/rapidsai/cudf/issues/12608,dtype_casting,dtype_casting,dtype_casting,dtype_casting,dtype_casting,dtype_casting,dtype_casting,6,6,high,suggestion_only_not_gold
EGNF1000-0744-773f77f4,rapidsai/cudf,[FEA] Check dtype requirements on multiindex codes,https://github.com/rapidsai/cudf/issues/14472,dtype_casting,dtype_casting,dtype_casting,dtype_casting,nan_inf,not_numerical_failure,dtype_casting,4,3,medium,suggestion_only_not_gold
EGNF1000-0745-439889fa,rapidsai/cudf,[FEA] Use more performant dtype introspection utility in `select_dtypes`,https://github.com/rapidsai/cudf/issues/18219,dtype_casting,dtype_casting,dtype_casting,dtype_casting,dtype_casting,dtype_casting,dtype_casting,6,6,high,suggestion_only_not_gold
EGNF1000-0746-e024525d,rapidsai/cudf,"[BUG] cudf.pandas ignores `dtype_backend=""pyarrow""` in `convert_dtypes`",https://github.com/rapidsai/cudf/issues/19422,dtype_casting,dtype_casting,dtype_casting,dtype_casting,dtype_casting,dtype_casting,dtype_casting,6,6,high,suggestion_only_not_gold
EGNF1000-0747-1b85164a,rapidsai/cudf,"[BUG] build failed: error: invalid redeclaration of type name ""int_fast16_t""",https://github.com/rapidsai/cudf/issues/19954,overflow_underflow,not_numerical_failure,dtype_casting,dtype_casting,not_numerical_failure,dtype_casting,dtype_casting,3,1,medium,suggestion_only_not_gold
EGNF1000-0748-0d96a78a,rapidsai/cudf,[BUG] `cudf.read_parquet` can fail when reading files with empty DataFrame,https://github.com/rapidsai/cudf/issues/20303,overflow_underflow,dtype_casting,dtype_casting,dtype_casting,dtype_casting,dtype_casting,dtype_casting,5,4,high,suggestion_only_not_gold
EGNF1000-0749-56743dec,rapidsai/cudf,[BUG] cudf.pandas does not preserve the dtype some arithmetic operations,https://github.com/rapidsai/cudf/issues/20574,dtype_casting,dtype_casting,dtype_casting,dtype_casting,dtype_casting,dtype_casting,dtype_casting,6,6,high,suggestion_only_not_gold
EGNF1000-0750-1cae8718,rapidsai/cudf,[BUG] `cudf.pandas` can not cast `timestamp` value into `datetime`,https://github.com/rapidsai/cudf/issues/20728,overflow_underflow,not_numerical_failure,dtype_casting,dtype_casting,not_numerical_failure,dtype_casting,dtype_casting,3,1,medium,suggestion_only_not_gold
EGNF1000-0751-57f3c6c2,rapidsai/cudf,[BUG] `cudf` and `cudf.pandas` error read mixed numeric and boolean data from csv,https://github.com/rapidsai/cudf/issues/20752,overflow_underflow,dtype_casting,dtype_casting,dtype_casting,not_numerical_failure,not_numerical_failure,dtype_casting,3,1,medium,suggestion_only_not_gold
EGNF1000-0752-1032faf6,rapidsai/cudf,[BUG] CuDF `outer merge` brings inconsistencies,https://github.com/rapidsai/cudf/issues/20761,overflow_underflow,dtype_casting,dtype_casting,dtype_casting,not_numerical_failure,dtype_casting,dtype_casting,4,3,medium,suggestion_only_not_gold
EGNF1000-0753-dcaa3685,rapidsai/cudf,[BUG] `inplace=True` setting in `.rename()` is invalid,https://github.com/rapidsai/cudf/issues/21093,overflow_underflow,not_numerical_failure,dtype_casting,dtype_casting,not_numerical_failure,dtype_casting,dtype_casting,3,1,medium,suggestion_only_not_gold
EGNF1000-0754-039d1b31,rapidsai/cudf,[FEA] Adapt to `Series.str.cat` index dtype changes in pandas 3.0,https://github.com/rapidsai/cudf/issues/21123,dtype_casting,dtype_casting,dtype_casting,dtype_casting,dtype_casting,nan_inf,dtype_casting,5,4,high,suggestion_only_not_gold
EGNF1000-0755-6b1a3cd3,rapidsai/cudf,[BUG] `.columns.equals()` with empty content brings inconsistent results,https://github.com/rapidsai/cudf/issues/21140,overflow_underflow,not_numerical_failure,dtype_casting,not_numerical_failure,not_numerical_failure,nan_inf,not_numerical_failure,3,2,medium,suggestion_only_not_gold
EGNF1000-0756-5c6960a5,rapidsai/cudf,[BUG] `.mask()` brings inconsistent results,https://github.com/rapidsai/cudf/issues/21141,overflow_underflow,not_numerical_failure,dtype_casting,dtype_casting,not_numerical_failure,nan_inf,not_numerical_failure,2,0,low,suggestion_only_not_gold
EGNF1000-0757-f9fdcc15,rapidsai/cudf,[JNI][DOC] Proposal for standardized code examples in Java docstrings,https://github.com/rapidsai/cudf/issues/21180,dtype_casting,dtype_casting,dtype_casting,dtype_casting,dtype_casting,dtype_casting,dtype_casting,6,6,high,suggestion_only_not_gold
EGNF1000-0758-bbffc47e,rapidsai/cudf,`RangeIndex.to_numpy`: Restore caching and fix signature,https://github.com/rapidsai/cudf/issues/21347,dtype_casting,dtype_casting,dtype_casting,dtype_casting,dtype_casting,dtype_casting,dtype_casting,6,6,high,suggestion_only_not_gold
EGNF1000-0759-72ab411f,rapidsai/cudf,[BUG]: pyarrow 24 compatibility,https://github.com/rapidsai/cudf/issues/22229,dtype_casting,dtype_casting,dtype_casting,dtype_casting,dtype_casting,nan_inf,dtype_casting,5,4,high,suggestion_only_not_gold
EGNF1000-0760-6100bf77,rapidsai/cudf,[BUG] Higher memory usage when reading parquet in 26.04 vs 26.02,https://github.com/rapidsai/cudf/issues/22367,dtype_casting,dtype_casting,dtype_casting,dtype_casting,dtype_casting,nan_inf,dtype_casting,5,4,high,suggestion_only_not_gold
EGNF1000-0761-dfccbd20,rapidsai/cudf,[BUG] int8 binaryops can result in unsupported float16 types,https://github.com/rapidsai/cudf/issues/2354,dtype_casting,dtype_casting,dtype_casting,dtype_casting,dtype_casting,dtype_casting,dtype_casting,6,6,high,suggestion_only_not_gold
EGNF1000-0762-2a50f2a8,rapidsai/cudf,[BUG] `cudf.read_parquet` errors when non-cudf engine is used,https://github.com/rapidsai/cudf/issues/6175,dtype_casting,dtype_casting,dtype_casting,dtype_casting,dtype_casting,dtype_casting,dtype_casting,6,6,high,suggestion_only_not_gold
EGNF1000-0763-1e72ed8c,rapidsai/cudf,[BUG] map_partitions() potentially resulting in unexpected index,https://github.com/rapidsai/cudf/issues/8196,dtype_casting,dtype_casting,dtype_casting,dtype_casting,nan_inf,dtype_casting,dtype_casting,5,4,high,suggestion_only_not_gold
EGNF1000-0764-6ee6b355,rapidsai/cudf,[FEA] A `cudf.dtype` function similar to `np.dtype(...)`,https://github.com/rapidsai/cudf/issues/8915,dtype_casting,dtype_casting,dtype_casting,dtype_casting,dtype_casting,dtype_casting,dtype_casting,6,6,high,suggestion_only_not_gold
EGNF1000-0765-f0508b7d,rapidsai/cudf,[FEA] Supporting `timedelta64` dtypes for ceil/floor operations,https://github.com/rapidsai/cudf/issues/9561,dtype_casting,dtype_casting,dtype_casting,dtype_casting,dtype_casting,dtype_casting,dtype_casting,6,6,high,suggestion_only_not_gold
EGNF1000-0766-412d6486,rapidsai/cudf,[BUG] `DataFrame.merge` does not assign `dtype` as expected in result as pandas does,https://github.com/rapidsai/cudf/issues/9981,dtype_casting,dtype_casting,dtype_casting,dtype_casting,dtype_casting,dtype_casting,dtype_casting,6,6,high,suggestion_only_not_gold
EGNF1000-0767-eaded92c,rapidsai/cuml,[FEA] IntType template parameter for SVM,https://github.com/rapidsai/cuml/issues/1184,overflow_underflow,dtype_casting,dtype_casting,dtype_casting,overflow_underflow,dtype_casting,dtype_casting,4,2,medium,suggestion_only_not_gold
EGNF1000-0768-3d6c3369,rapidsai/cuml,[BUG] Rand_index_score function has memory overflow while running stess tests,https://github.com/rapidsai/cuml/issues/1481,overflow_underflow,dtype_casting,dtype_casting,dtype_casting,precision_tolerance,nan_inf,dtype_casting,3,2,medium,suggestion_only_not_gold
EGNF1000-0769-e647375a,rapidsai/cuml,[FEA] Update dask RF to convert dtype float64 to float32 to run fit,https://github.com/rapidsai/cuml/issues/2073,dtype_casting,dtype_casting,dtype_casting,dtype_casting,dtype_casting,dtype_casting,dtype_casting,6,6,high,suggestion_only_not_gold
EGNF1000-0770-dc1b1e01,rapidsai/cuml,[BUG] Sporadic SGD test failures,https://github.com/rapidsai/cuml/issues/2995,dtype_casting,dtype_casting,dtype_casting,dtype_casting,dtype_casting,dtype_casting,dtype_casting,6,6,high,suggestion_only_not_gold
EGNF1000-0771-ed53a3dc,rapidsai/cuml,[BUG] Interoperability of cuML (confusion matrix) with torch arrays,https://github.com/rapidsai/cuml/issues/3753,dtype_casting,dtype_casting,dtype_casting,dtype_casting,dtype_casting,dtype_casting,dtype_casting,6,6,high,suggestion_only_not_gold
EGNF1000-0772-35af6f35,rapidsai/cuml,cuml PCA shows cuda out of memory while GPU shows lots of vacancy.,https://github.com/rapidsai/cuml/issues/4141,needs_review,dtype_casting,dtype_casting,dtype_casting,dtype_casting,dtype_casting,dtype_casting,5,4,high,suggestion_only_not_gold
EGNF1000-0773-25d3e3a4,rapidsai/cuml,Random Forest Multioutput regressor cuML,https://github.com/rapidsai/cuml/issues/4344,needs_review,dtype_casting,dtype_casting,dtype_casting,not_numerical_failure,dtype_casting,dtype_casting,4,3,medium,suggestion_only_not_gold
EGNF1000-0774-657efb5d,rapidsai/cuml,[BUG] model.kneighbors indices and distance correctness bug,https://github.com/rapidsai/cuml/issues/5569,needs_review,not_numerical_failure,dtype_casting,dtype_casting,nan_inf,nan_inf,dtype_casting,2,0,low,suggestion_only_not_gold
EGNF1000-0775-76277710,rapidsai/cuml,[FEA] Changing `COO` `Index_Type` in UMAP to prevent overflow when running with large datasets,https://github.com/rapidsai/cuml/issues/6010,overflow_underflow,dtype_casting,dtype_casting,dtype_casting,overflow_underflow,nan_inf,dtype_casting,3,1,medium,suggestion_only_not_gold
EGNF1000-0776-e5818e2c,triton-lang/triton,Incorrect results when using both tl.sum() and tl.cumsum() in one kernel,https://github.com/triton-lang/triton/issues/3017,needs_review,dtype_casting,dtype_casting,dtype_casting,dtype_casting,dtype_casting,dtype_casting,5,4,high,suggestion_only_not_gold
EGNF1000-0777-bbe6c72c,jax-ml/jax,RNN tests failing on ROCm,https://github.com/jax-ml/jax/issues/34269,needs_review,dtype_casting,dtype_casting,dtype_casting,overflow_underflow,dtype_casting,dtype_casting,4,3,medium,suggestion_only_not_gold
EGNF1000-0778-b65113df,jax-ml/jax,Unsupported ROCm Tests `tests/fused_attention_stablehlo_test.py`,https://github.com/jax-ml/jax/issues/34512,needs_review,dtype_casting,dtype_casting,dtype_casting,overflow_underflow,overflow_underflow,dtype_casting,3,1,medium,suggestion_only_not_gold
EGNF1000-0779-45f9efc9,jax-ml/jax,Document constant folding of jnp.arange,https://github.com/jax-ml/jax/issues/35930,needs_review,dtype_casting,dtype_casting,dtype_casting,dtype_casting,overflow_underflow,dtype_casting,4,3,medium,suggestion_only_not_gold
EGNF1000-0780-43951fe0,pytorch/pytorch,dict_tag optimization leads to wrong results with relational guards,https://github.com/pytorch/pytorch/issues/147212,needs_review,dtype_casting,dtype_casting,dtype_casting,dtype_casting,dtype_casting,dtype_casting,5,4,high,suggestion_only_not_gold
EGNF1000-0781-b2b5ad54,pytorch/pytorch,DISABLED test_nan_assert_float8_e5m2 (__main__.ProcessGroupNCCLGroupTest),https://github.com/pytorch/pytorch/issues/176975,needs_review,dtype_casting,dtype_casting,dtype_casting,dtype_casting,dtype_casting,dtype_casting,5,4,high,suggestion_only_not_gold
EGNF1000-0782-ef06f89e,pytorch/pytorch,DISABLED test_nan_assert_float32 (__main__.ProcessGroupNCCLGroupTest),https://github.com/pytorch/pytorch/issues/177006,needs_review,dtype_casting,dtype_casting,dtype_casting,dtype_casting,dtype_casting,dtype_casting,5,4,high,suggestion_only_not_gold
EGNF1000-0783-55e18c5b,pytorch/pytorch,DISABLED test_nan_assert_float8_e4m3fn (__main__.ProcessGroupNCCLGroupTest),https://github.com/pytorch/pytorch/issues/177007,needs_review,dtype_casting,dtype_casting,dtype_casting,dtype_casting,dtype_casting,dtype_casting,5,4,high,suggestion_only_not_gold
EGNF1000-0784-ff0c7242,pytorch/pytorch,when distribute training load pretrain model error,https://github.com/pytorch/pytorch/issues/82306,overflow_underflow,dtype_casting,dtype_casting,dtype_casting,overflow_underflow,dtype_casting,dtype_casting,4,2,medium,suggestion_only_not_gold
EGNF1000-0785-c3c64db1,rapidsai/cuml,[QST] cuml UMAP fit_transform crashes without error (on a jupyter notebook),https://github.com/rapidsai/cuml/issues/2945,needs_review,dtype_casting,dtype_casting,dtype_casting,dtype_casting,dtype_casting,dtype_casting,5,4,high,suggestion_only_not_gold
EGNF1000-0786-8f1f4cf8,rapidsai/cuml,[FEA] Allow FIL-loaded xgboost models to predict on dataframes with null values,https://github.com/rapidsai/cuml/issues/3543,needs_review,overflow_underflow,dtype_casting,overflow_underflow,overflow_underflow,dtype_casting,overflow_underflow,3,1,medium,suggestion_only_not_gold
EGNF1000-0787-5aaa2f85,rapidsai/cuml,Trouble installing cuml. Is it compatible with cuda 11.3?,https://github.com/rapidsai/cuml/issues/5267,needs_review,dtype_casting,dtype_casting,dtype_casting,not_numerical_failure,not_numerical_failure,dtype_casting,3,1,medium,suggestion_only_not_gold
EGNF1000-0788-423496bb,rapidsai/cuml,TreeExplainer test failures with xgboost,https://github.com/rapidsai/cuml/issues/8055,needs_review,not_numerical_failure,dtype_casting,dtype_casting,dtype_casting,dtype_casting,dtype_casting,4,3,medium,suggestion_only_not_gold
EGNF1000-0789-7ca1ce16,triton-lang/triton,install failed in ubuntu,https://github.com/triton-lang/triton/issues/3603,overflow_underflow,overflow_underflow,dtype_casting,dtype_casting,dtype_casting,dtype_casting,dtype_casting,4,2,medium,suggestion_only_not_gold
EGNF1000-0790-a5d860eb,triton-lang/triton,Feature Request: Optional 64-bit indexing for block pointer offsets,https://github.com/triton-lang/triton/issues/9247,overflow_underflow,dtype_casting,dtype_casting,dtype_casting,dtype_casting,dtype_casting,dtype_casting,5,4,high,suggestion_only_not_gold
EGNF1000-0791-bfa5ec69,jax-ml/jax,jnp.save in a distributed mannor through GPUDirect,https://github.com/jax-ml/jax/issues/15281,needs_review,dtype_casting,dtype_casting,dtype_casting,dtype_casting,performance_only,dtype_casting,4,3,medium,suggestion_only_not_gold
EGNF1000-0792-a8ae7518,jax-ml/jax,Apple Silicon: error: failed to legalize operation 'mhlo.cholesky',https://github.com/jax-ml/jax/issues/16321,needs_review,dtype_casting,dtype_casting,dtype_casting,dtype_casting,dtype_casting,dtype_casting,5,4,high,suggestion_only_not_gold
EGNF1000-0793-18294cc1,jax-ml/jax,"jax.jit(function).lower(x, y).cost_analysis() gives NONE while running with GPU as the device",https://github.com/jax-ml/jax/issues/22713,needs_review,dtype_casting,dtype_casting,dtype_casting,dtype_casting,dtype_casting,dtype_casting,5,4,high,suggestion_only_not_gold
EGNF1000-0794-05d4a5a6,numba/numba,Replicate NumPy scalar operations across unsigned dtypes,https://github.com/numba/numba/issues/3112,overflow_underflow,dtype_casting,dtype_casting,dtype_casting,dtype_casting,dtype_casting,dtype_casting,5,4,high,suggestion_only_not_gold
EGNF1000-0795-f9d77537,numba/numba,Enable automatic parallel execution in pre-compiled code,https://github.com/numba/numba/issues/3336,overflow_underflow,dtype_casting,dtype_casting,dtype_casting,dtype_casting,dtype_casting,dtype_casting,5,4,high,suggestion_only_not_gold
EGNF1000-0796-dbcc370b,numba/numba,np.ediff1d stricter type checking than numpy,https://github.com/numba/numba/issues/3898,overflow_underflow,dtype_casting,dtype_casting,dtype_casting,dtype_casting,dtype_casting,dtype_casting,5,4,high,suggestion_only_not_gold
EGNF1000-0797-ea01feac,pytorch/pytorch,"Please increase ""Number of CUDA devices"" recognized by pytorch.",https://github.com/pytorch/pytorch/issues/115331,needs_review,overflow_underflow,dtype_casting,dtype_casting,dtype_casting,overflow_underflow,dtype_casting,3,1,medium,suggestion_only_not_gold
EGNF1000-0798-0a451d7b,rapidsai/cuml,[BUG] Building cuml encounters failure due to dependency requirement on cumlprims_mg,https://github.com/rapidsai/cuml/issues/4762,needs_review,precision_tolerance,dtype_casting,dtype_casting,dtype_casting,nan_inf,dtype_casting,3,2,medium,suggestion_only_not_gold
EGNF1000-0799-6769b448,jax-ml/jax,Bogus gradient value from value_and_grad for committed DeviceArray on a multi-GPU host,https://github.com/jax-ml/jax/issues/11478,needs_review,dtype_casting,dtype_casting,dtype_casting,dtype_casting,dtype_casting,dtype_casting,5,4,high,suggestion_only_not_gold
EGNF1000-0800-74d75221,jax-ml/jax,Clear Cuda Cache,https://github.com/jax-ml/jax/issues/13330,needs_review,dtype_casting,dtype_casting,dtype_casting,dtype_casting,nan_inf,dtype_casting,4,3,medium,suggestion_only_not_gold
EGNF1000-0801-49c76139,jax-ml/jax,Supporting uint256 operations,https://github.com/jax-ml/jax/issues/13669,needs_review,dtype_casting,dtype_casting,dtype_casting,overflow_underflow,overflow_underflow,dtype_casting,3,1,medium,suggestion_only_not_gold
EGNF1000-0802-bd9cde25,jax-ml/jax,[v0.4.26] Fails to initialize CUDA backend after jax_cuda_visible_devices is set,https://github.com/jax-ml/jax/issues/20722,needs_review,dtype_casting,dtype_casting,dtype_casting,dtype_casting,dtype_casting,dtype_casting,5,4,high,suggestion_only_not_gold
EGNF1000-0803-edb7f321,jax-ml/jax,arctan2 and atan2 argument names are misleading,https://github.com/jax-ml/jax/issues/23151,needs_review,dtype_casting,dtype_casting,dtype_casting,dtype_casting,dtype_casting,dtype_casting,5,4,high,suggestion_only_not_gold
EGNF1000-0804-11d91fe5,jax-ml/jax,time.sleep affects the execution time of JAX,https://github.com/jax-ml/jax/issues/24941,needs_review,dtype_casting,dtype_casting,dtype_casting,dtype_casting,nan_inf,dtype_casting,4,3,medium,suggestion_only_not_gold
EGNF1000-0805-e733b0ea,jax-ml/jax,Different checkpoint behaviors in different version of JAX and CUDA,https://github.com/jax-ml/jax/issues/27748,needs_review,dtype_casting,dtype_casting,dtype_casting,dtype_casting,dtype_casting,dtype_casting,5,4,high,suggestion_only_not_gold
EGNF1000-0806-5c05d875,jax-ml/jax,jax.numpy.dot fails with an internal error,https://github.com/jax-ml/jax/issues/29031,needs_review,dtype_casting,dtype_casting,dtype_casting,dtype_casting,dtype_casting,dtype_casting,5,4,high,suggestion_only_not_gold
EGNF1000-0807-f618dbc2,jax-ml/jax,"`jit` compiled function overhead, help for PyTree registration",https://github.com/jax-ml/jax/issues/29470,needs_review,dtype_casting,dtype_casting,dtype_casting,dtype_casting,not_numerical_failure,dtype_casting,4,3,medium,suggestion_only_not_gold
EGNF1000-0808-7ca66399,jax-ml/jax,"Parameter host offloading aborts with ""Expected shape index to be non-empty""",https://github.com/jax-ml/jax/issues/31270,needs_review,dtype_casting,dtype_casting,dtype_casting,not_numerical_failure,dtype_casting,dtype_casting,4,3,medium,suggestion_only_not_gold
EGNF1000-0809-8c029072,pytorch/pytorch,Incorrect Error Message Ordering for nn.AdaptiveAvgPool2d with Incorrect output_size,https://github.com/pytorch/pytorch/issues/104698,needs_review,dtype_casting,dtype_casting,dtype_casting,dtype_casting,dtype_casting,dtype_casting,5,4,high,suggestion_only_not_gold
EGNF1000-0810-3e4ff6aa,pytorch/pytorch,ImportError: cannot import name 'triton_key' from 'triton.compiler.compiler',https://github.com/pytorch/pytorch/issues/123042,overflow_underflow,dtype_casting,dtype_casting,dtype_casting,overflow_underflow,overflow_underflow,dtype_casting,3,0,medium,suggestion_only_not_gold
EGNF1000-0811-1f569d56,pytorch/pytorch,Incorrect index from torch.mode,https://github.com/pytorch/pytorch/issues/129303,overflow_underflow,dtype_casting,dtype_casting,dtype_casting,nan_inf,dtype_casting,dtype_casting,4,3,medium,suggestion_only_not_gold
EGNF1000-0812-45c9690e,pytorch/pytorch,"""RuntimeError: CUDA error: operation not supported"" fixed by downgrading toolkit version",https://github.com/pytorch/pytorch/issues/135126,needs_review,dtype_casting,dtype_casting,dtype_casting,overflow_underflow,dtype_casting,dtype_casting,4,3,medium,suggestion_only_not_gold
EGNF1000-0813-4a57c314,pytorch/pytorch,torch.norm produces wrong results,https://github.com/pytorch/pytorch/issues/140282,needs_review,dtype_casting,dtype_casting,dtype_casting,nan_inf,precision_tolerance,dtype_casting,3,2,medium,suggestion_only_not_gold
EGNF1000-0814-f9d4f46a,pytorch/pytorch,FP8 basic creation operations zeros / ones / full don't work under inductor,https://github.com/pytorch/pytorch/issues/141396,overflow_underflow,dtype_casting,dtype_casting,dtype_casting,dtype_casting,dtype_casting,dtype_casting,5,4,high,suggestion_only_not_gold
EGNF1000-0815-4026e28f,pytorch/pytorch,Inconsistent float16 overflow behavior between CPU and CUDA devices,https://github.com/pytorch/pytorch/issues/152731,overflow_underflow,dtype_casting,dtype_casting,dtype_casting,dtype_casting,dtype_casting,dtype_casting,5,4,high,suggestion_only_not_gold
EGNF1000-0816-8eed129a,pytorch/pytorch,SystemError: PY_SSIZE_T_CLEAN macro must be defined for '#' formats - PyTorch compile fails with Python 3.12,https://github.com/pytorch/pytorch/issues/153737,overflow_underflow,precision_tolerance,dtype_casting,dtype_casting,overflow_underflow,dtype_casting,dtype_casting,3,1,medium,suggestion_only_not_gold
EGNF1000-0817-7b53b2bf,pytorch/pytorch,"with torch compile, bf16 gelu,silu, and mish are not deterministic in some sense.",https://github.com/pytorch/pytorch/issues/154150,overflow_underflow,dtype_casting,dtype_casting,dtype_casting,dtype_casting,dtype_casting,dtype_casting,5,4,high,suggestion_only_not_gold
EGNF1000-0818-189467a4,pytorch/pytorch,[Inductor] why `TORCHINDUCTOR_MAX_AUTOTUNE_GEMM_BACKENDS=TRITON` does NOT work?,https://github.com/pytorch/pytorch/issues/154947,overflow_underflow,overflow_underflow,overflow_underflow,dtype_casting,dtype_casting,dtype_casting,overflow_underflow,3,0,medium,suggestion_only_not_gold
EGNF1000-0819-4a26cba0,pytorch/pytorch,torch.clamp throws overflow error on CPU but not on CUDA,https://github.com/pytorch/pytorch/issues/155671,overflow_underflow,overflow_underflow,dtype_casting,dtype_casting,overflow_underflow,dtype_casting,overflow_underflow,3,0,medium,suggestion_only_not_gold
EGNF1000-0820-a8cfa8ac,pytorch/pytorch,torchscript: RuntimeError Unsupported dtype complex,https://github.com/pytorch/pytorch/issues/156814,overflow_underflow,dtype_casting,dtype_casting,dtype_casting,nan_inf,overflow_underflow,dtype_casting,3,1,medium,suggestion_only_not_gold
EGNF1000-0821-33984b7d,pytorch/pytorch,"RuntimeError: optimized_plan_ INTERNAL ASSERT FAILED at ""/opt/conda/envs/bld/conda-bld/libtorch_1741644046984/work/torch/csrc/jit/runtime/profiling_graph_executor_impl.cpp"":725, please report a bug to PyTorch.",https://github.com/pytorch/pytorch/issues/158701,overflow_underflow,dtype_casting,dtype_casting,dtype_casting,dtype_casting,dtype_casting,dtype_casting,5,4,high,suggestion_only_not_gold
EGNF1000-0822-5c8abb5d,pytorch/pytorch,The Inductor test suite test_torchinductor_opinfo was incorrectly disabled on all devices except CUDA.,https://github.com/pytorch/pytorch/issues/161132,needs_review,dtype_casting,dtype_casting,dtype_casting,dtype_casting,dtype_casting,dtype_casting,5,4,high,suggestion_only_not_gold
EGNF1000-0823-719e340f,pytorch/pytorch,Incorrect results when adding partial DTensor with a scalar,https://github.com/pytorch/pytorch/issues/163193,needs_review,dtype_casting,dtype_casting,dtype_casting,dtype_casting,dtype_casting,dtype_casting,5,4,high,suggestion_only_not_gold
EGNF1000-0824-20239375,pytorch/pytorch,conv3d with dilation and bias = severe performance degradation in bf16/fp16,https://github.com/pytorch/pytorch/issues/167420,overflow_underflow,dtype_casting,dtype_casting,dtype_casting,dtype_casting,dtype_casting,dtype_casting,5,4,high,suggestion_only_not_gold
EGNF1000-0825-e30500d4,pytorch/pytorch,Triton 3.4.0 wheel hash mismatch between PyPI metadata and download server,https://github.com/pytorch/pytorch/issues/168362,overflow_underflow,overflow_underflow,dtype_casting,dtype_casting,overflow_underflow,not_numerical_failure,overflow_underflow,3,1,medium,suggestion_only_not_gold
EGNF1000-0826-5245e289,pytorch/pytorch,Memory overflow flakiness in `torch.var_mean` when using `torch.compile`.,https://github.com/pytorch/pytorch/issues/168963,overflow_underflow,dtype_casting,dtype_casting,dtype_casting,dtype_casting,dtype_casting,dtype_casting,5,4,high,suggestion_only_not_gold
EGNF1000-0827-98d4151b,pytorch/pytorch,`torch.clip` has checks for float16 scalar overflow on CPU but not on GPU,https://github.com/pytorch/pytorch/issues/171356,overflow_underflow,dtype_casting,dtype_casting,dtype_casting,nan_inf,nan_inf,dtype_casting,3,1,medium,suggestion_only_not_gold
EGNF1000-0828-6cbca0ad,pytorch/pytorch,[Numerical Accuracy] 100% relative error in LSTM output between CUDA and CPU backends in eval mode,https://github.com/pytorch/pytorch/issues/173922,overflow_underflow,dtype_casting,dtype_casting,dtype_casting,dtype_casting,dtype_casting,dtype_casting,5,4,high,suggestion_only_not_gold
EGNF1000-0829-46c96e72,pytorch/pytorch,[release 2.11] [triton] test/inductor/test_loop_ordering.py::LoopOrderingTest::test_fp8_cast_and_t,https://github.com/pytorch/pytorch/issues/174417,needs_review,precision_tolerance,dtype_casting,dtype_casting,precision_tolerance,dtype_casting,dtype_casting,3,1,medium,suggestion_only_not_gold
EGNF1000-0830-7216e65d,pytorch/pytorch,[RFC] Overview of Test Case Refactoring in PyTorch,https://github.com/pytorch/pytorch/issues/174469,needs_review,dtype_casting,dtype_casting,dtype_casting,dtype_casting,dtype_casting,dtype_casting,5,4,high,suggestion_only_not_gold
EGNF1000-0831-e007e021,pytorch/pytorch,torch.compile VRAM usage regression between 2.9.1 and 2.10.0,https://github.com/pytorch/pytorch/issues/175058,overflow_underflow,nan_inf,dtype_casting,dtype_casting,nan_inf,nan_inf,nan_inf,3,1,medium,suggestion_only_not_gold
EGNF1000-0832-70ae70a2,pytorch/pytorch,Conv2d output inconsistency across different execution modes (device/dtype/optimization),https://github.com/pytorch/pytorch/issues/175637,overflow_underflow,dtype_casting,dtype_casting,dtype_casting,dtype_casting,dtype_casting,dtype_casting,5,4,high,suggestion_only_not_gold
EGNF1000-0833-141a060e,pytorch/pytorch,"Large fp32 discrepancy in LeNet5Fashion conv2 output on CUDA eager baseline, with similar error against both CUDA compile and CPU eager",https://github.com/pytorch/pytorch/issues/178145,overflow_underflow,dtype_casting,dtype_casting,dtype_casting,nan_inf,nan_inf,dtype_casting,3,1,medium,suggestion_only_not_gold
EGNF1000-0834-d372ac16,pytorch/pytorch,[Bug][Flex Attention] Flex Attention crashes with LLVM error after triton version bump,https://github.com/pytorch/pytorch/issues/178554,overflow_underflow,dtype_casting,dtype_casting,dtype_casting,dtype_casting,dtype_casting,dtype_casting,5,4,high,suggestion_only_not_gold
EGNF1000-0835-f4644862,pytorch/pytorch,"[Inductor][flex attention] flex_attention autotuner uses misleading block-mask, may causing overhead and slower configs",https://github.com/pytorch/pytorch/issues/180651,overflow_underflow,dtype_casting,dtype_casting,dtype_casting,dtype_casting,nan_inf,dtype_casting,4,3,medium,suggestion_only_not_gold
EGNF1000-0836-19f9c09a,pytorch/pytorch,[Inductor] User kernel pointer arg with no `tl.load`/`tl.store` incorrectly eliminated when epilogue fusion enabled,https://github.com/pytorch/pytorch/issues/181864,overflow_underflow,dtype_casting,dtype_casting,dtype_casting,dtype_casting,dtype_casting,dtype_casting,5,4,high,suggestion_only_not_gold
EGNF1000-0837-98351031,pytorch/pytorch,Missing bounds check in round_size() causes zero-size block and double allocation,https://github.com/pytorch/pytorch/issues/182446,overflow_underflow,overflow_underflow,dtype_casting,dtype_casting,overflow_underflow,overflow_underflow,overflow_underflow,4,2,medium,suggestion_only_not_gold
EGNF1000-0838-3403e2e3,pytorch/pytorch,[v2.11.0] Cannot jvp through DDP,https://github.com/pytorch/pytorch/issues/182661,overflow_underflow,dtype_casting,dtype_casting,dtype_casting,dtype_casting,dtype_casting,dtype_casting,5,4,high,suggestion_only_not_gold
EGNF1000-0839-9a5e13e7,rapidsai/cudf,[BUG] Assignment of string list to column doesn't work,https://github.com/rapidsai/cudf/issues/11944,needs_review,dtype_casting,dtype_casting,dtype_casting,dtype_casting,dtype_casting,dtype_casting,5,4,high,suggestion_only_not_gold
EGNF1000-0840-01765e43,rapidsai/cudf,[BUG] size_type overflow in `cudf::groupby::detail::hash::extract_populated_keys`,https://github.com/rapidsai/cudf/issues/12058,overflow_underflow,not_numerical_failure,dtype_casting,dtype_casting,not_numerical_failure,dtype_casting,dtype_casting,3,1,medium,suggestion_only_not_gold
EGNF1000-0841-3b46b48f,rapidsai/cudf,[DOC] dask-cudf starter example on docs page fails,https://github.com/rapidsai/cudf/issues/13309,needs_review,precision_tolerance,precision_tolerance,precision_tolerance,dtype_casting,dtype_casting,precision_tolerance,3,1,medium,suggestion_only_not_gold
EGNF1000-0842-8564a576,rapidsai/cudf,[BUG] Memory issue with `REDUCTION_TEST` detected by `compute-sanitizer`,https://github.com/rapidsai/cudf/issues/13685,needs_review,dtype_casting,dtype_casting,dtype_casting,dtype_casting,dtype_casting,dtype_casting,5,4,high,suggestion_only_not_gold
EGNF1000-0843-54d5555b,rapidsai/cudf,[BUG] Memcheck global read error in `DistinctJoinTest.IntegerInnerJoin`,https://github.com/rapidsai/cudf/issues/15156,needs_review,dtype_casting,dtype_casting,dtype_casting,dtype_casting,dtype_casting,dtype_casting,5,4,high,suggestion_only_not_gold
EGNF1000-0844-6d959156,rapidsai/cudf,[QST] circular import problem at the beginning of my code,https://github.com/rapidsai/cudf/issues/15989,needs_review,not_numerical_failure,dtype_casting,dtype_casting,dtype_casting,not_numerical_failure,dtype_casting,3,1,medium,suggestion_only_not_gold
EGNF1000-0845-34961417,rapidsai/cudf,[BUG]: cudf fails to compile with g++-13.1 and nvcc 12.5.4,https://github.com/rapidsai/cudf/issues/16395,overflow_underflow,dtype_casting,dtype_casting,dtype_casting,not_numerical_failure,overflow_underflow,dtype_casting,3,1,medium,suggestion_only_not_gold
EGNF1000-0846-a041aa1e,rapidsai/cudf,[BUG] Cannot create `cudf.Series` from array with non-native byteorder,https://github.com/rapidsai/cudf/issues/18149,overflow_underflow,dtype_casting,dtype_casting,dtype_casting,dtype_casting,dtype_casting,dtype_casting,5,4,high,suggestion_only_not_gold
EGNF1000-0847-9afc979e,rapidsai/cudf,[FEA] Replace UDF detection logic with named entry points,https://github.com/rapidsai/cudf/issues/18379,needs_review,dtype_casting,dtype_casting,dtype_casting,dtype_casting,dtype_casting,dtype_casting,5,4,high,suggestion_only_not_gold
EGNF1000-0848-1fd12206,rapidsai/cudf,[BUG] Predicate pushdown on DuckDB-generated Parquet crashes w/OOM or empty result,https://github.com/rapidsai/cudf/issues/19539,needs_review,dtype_casting,dtype_casting,dtype_casting,dtype_casting,dtype_casting,dtype_casting,5,4,high,suggestion_only_not_gold
EGNF1000-0849-fa5b4c6f,rapidsai/cudf,[BUG] `cudf` and `cudf.pandas` casts empty rows from `csv` files into the `bool` type differs from `Pandas`,https://github.com/rapidsai/cudf/issues/20746,overflow_underflow,dtype_casting,dtype_casting,dtype_casting,dtype_casting,dtype_casting,dtype_casting,5,4,high,suggestion_only_not_gold
EGNF1000-0850-939d6f8e,rapidsai/cudf,[BUG] `.str.lower()` with `Σ` brings incorrect results,https://github.com/rapidsai/cudf/issues/21137,overflow_underflow,dtype_casting,dtype_casting,dtype_casting,not_numerical_failure,dtype_casting,dtype_casting,4,3,medium,suggestion_only_not_gold
EGNF1000-0851-9371b117,rapidsai/cudf,[FEA] Support Polars bigidx by enforcing `IDX_DTYPE`,https://github.com/rapidsai/cudf/issues/21532,needs_review,dtype_casting,dtype_casting,dtype_casting,dtype_casting,dtype_casting,dtype_casting,5,4,high,suggestion_only_not_gold
EGNF1000-0852-8a1e9435,rapidsai/cudf,"[BUG] dask groupby-aggregation results are missing keys, causing incorrect values",https://github.com/rapidsai/cudf/issues/3719,needs_review,dtype_casting,dtype_casting,dtype_casting,dtype_casting,dtype_casting,dtype_casting,5,4,high,suggestion_only_not_gold
EGNF1000-0853-98bf5e13,rapidsai/cudf,[BUG] MultiIndex loc expects an iterable when passed Timestamp,https://github.com/rapidsai/cudf/issues/8585,needs_review,dtype_casting,dtype_casting,dtype_casting,dtype_casting,dtype_casting,dtype_casting,5,4,high,suggestion_only_not_gold
EGNF1000-0854-ad9dbd32,rapidsai/cuml,[QST] TSNE perplexity parameter,https://github.com/rapidsai/cuml/issues/2147,needs_review,dtype_casting,dtype_casting,dtype_casting,not_numerical_failure,nan_inf,dtype_casting,3,2,medium,suggestion_only_not_gold
EGNF1000-0855-66f0dfe5,rapidsai/cuml,[BUG] Better documentation on `learning_rate_method` and how to adjust `perplexity` and `n_neighbors` parameters,https://github.com/rapidsai/cuml/issues/2600,needs_review,dtype_casting,dtype_casting,dtype_casting,dtype_casting,not_numerical_failure,dtype_casting,4,3,medium,suggestion_only_not_gold
EGNF1000-0856-41ed95e8,rapidsai/cuml,[FEA] Implement nan_euclidean distance metric,https://github.com/rapidsai/cuml/issues/4783,needs_review,dtype_casting,dtype_casting,dtype_casting,dtype_casting,dtype_casting,dtype_casting,5,4,high,suggestion_only_not_gold
EGNF1000-0857-022ba166,rapidsai/cuml,[BUG] Reduce memory footprint of mnmg kmeans,https://github.com/rapidsai/cuml/issues/5212,overflow_underflow,dtype_casting,dtype_casting,dtype_casting,dtype_casting,dtype_casting,dtype_casting,5,4,high,suggestion_only_not_gold
EGNF1000-0858-034a9bce,rapidsai/cuml,[FEA] nan_euclidean or custom metric added as a metric in NearestNeighbors,https://github.com/rapidsai/cuml/issues/5706,needs_review,not_numerical_failure,dtype_casting,dtype_casting,precision_tolerance,overflow_underflow,dtype_casting,2,1,low,suggestion_only_not_gold
EGNF1000-0859-53f588aa,rapidsai/cuml,[BUG] pairwise_distances calculate the wrong answer,https://github.com/rapidsai/cuml/issues/6075,needs_review,dtype_casting,dtype_casting,dtype_casting,dtype_casting,dtype_casting,dtype_casting,5,4,high,suggestion_only_not_gold
EGNF1000-0860-9b12458d,rapidsai/cuml,[Epic] Improve sklearn compatibility,https://github.com/rapidsai/cuml/issues/7061,needs_review,dtype_casting,dtype_casting,dtype_casting,precision_tolerance,dtype_casting,dtype_casting,4,3,medium,suggestion_only_not_gold
EGNF1000-0861-b9c1c39d,rapidsai/cuml,[Tracker] Limitations of RandomForest feature_importances_,https://github.com/rapidsai/cuml/issues/7454,needs_review,dtype_casting,dtype_casting,dtype_casting,precision_tolerance,performance_only,dtype_casting,3,2,medium,suggestion_only_not_gold
EGNF1000-0862-8ad4bc8f,triton-lang/triton,Handle int64 overflows more graciously,https://github.com/triton-lang/triton/issues/1211,overflow_underflow,overflow_underflow,overflow_underflow,dtype_casting,overflow_underflow,overflow_underflow,overflow_underflow,5,4,high,suggestion_only_not_gold
EGNF1000-0863-760b7fec,triton-lang/triton,cross-compile triton kernels with tools/compile.py,https://github.com/triton-lang/triton/issues/4219,needs_review,overflow_underflow,dtype_casting,dtype_casting,dtype_casting,dtype_casting,dtype_casting,4,3,medium,suggestion_only_not_gold
EGNF1000-0864-0eb251f5,apache/tvm,[Bug] [Optimization] Incorrect results with optimization level 3 and 4,https://github.com/apache/tvm/issues/12630,needs_review,dtype_casting,dtype_casting,dtype_casting,nan_inf,dtype_casting,dtype_casting,4,3,medium,suggestion_only_not_gold
EGNF1000-0865-6408a121,jax-ml/jax,f64 jax.lax.nextafter not implemented on TPU,https://github.com/jax-ml/jax/issues/30629,needs_review,dtype_casting,dtype_casting,dtype_casting,dtype_casting,overflow_underflow,dtype_casting,4,3,medium,suggestion_only_not_gold
EGNF1000-0866-28aa120e,jax-ml/jax,pmap broken on 8 x NVIDIA L40s?,https://github.com/jax-ml/jax/issues/31626,needs_review,dtype_casting,dtype_casting,dtype_casting,nan_inf,not_numerical_failure,dtype_casting,3,2,medium,suggestion_only_not_gold
EGNF1000-0867-944e3277,jax-ml/jax,Unsupported ROCm Tests `tests/pallas/ops_test.py`,https://github.com/jax-ml/jax/issues/34373,needs_review,dtype_casting,dtype_casting,dtype_casting,dtype_casting,dtype_casting,dtype_casting,5,4,high,suggestion_only_not_gold
EGNF1000-0868-f1a0a577,jax-ml/jax,host_callback primitives are not usable under xla.lower_fun,https://github.com/jax-ml/jax/issues/8853,needs_review,dtype_casting,dtype_casting,dtype_casting,dtype_casting,dtype_casting,dtype_casting,5,4,high,suggestion_only_not_gold
EGNF1000-0869-584b4190,pytorch/pytorch,[inductor] Tolerances in test_remove_no_ops have to be lowered with native matmul,https://github.com/pytorch/pytorch/issues/178317,needs_review,precision_tolerance,dtype_casting,precision_tolerance,precision_tolerance,dtype_casting,precision_tolerance,3,1,medium,suggestion_only_not_gold
EGNF1000-0870-98c99d73,pytorch/pytorch,DISABLED test_batch_invariance_float16_num_splits_1_window_size0_backend_fa2_cuda_float16 (__main__.TestVarlenAttentionCUDA),https://github.com/pytorch/pytorch/issues/179968,needs_review,dtype_casting,dtype_casting,dtype_casting,dtype_casting,dtype_casting,dtype_casting,5,4,high,suggestion_only_not_gold
EGNF1000-0871-d03fef67,rapidsai/cuml,[BUG] terminate called after throwing an instance of 'raft::cuda_error',https://github.com/rapidsai/cuml/issues/4474,needs_review,dtype_casting,dtype_casting,dtype_casting,overflow_underflow,overflow_underflow,dtype_casting,3,1,medium,suggestion_only_not_gold
EGNF1000-0872-d248dfd5,rapidsai/cuml,Cleanup warnings in test suite,https://github.com/rapidsai/cuml/issues/6366,needs_review,dtype_casting,dtype_casting,dtype_casting,dtype_casting,dtype_casting,dtype_casting,5,4,high,suggestion_only_not_gold
EGNF1000-0873-a6bc9fba,rapidsai/cuml,[BUG] CUDA_ERROR_ILLEGAL_ADDRESS issue with cuML UMAP,https://github.com/rapidsai/cuml/issues/6910,needs_review,overflow_underflow,overflow_underflow,overflow_underflow,overflow_underflow,dtype_casting,overflow_underflow,4,3,medium,suggestion_only_not_gold
EGNF1000-0874-daafc1ab,apache/tvm,[VTA][Chisel] deploy classification not working when timer() is used,https://github.com/apache/tvm/issues/5003,needs_review,dtype_casting,dtype_casting,dtype_casting,dtype_casting,dtype_casting,dtype_casting,5,4,high,suggestion_only_not_gold
EGNF1000-0875-f49450f5,numba/numba,Failure to spot runaway recursion,https://github.com/numba/numba/issues/6067,overflow_underflow,dtype_casting,dtype_casting,dtype_casting,dtype_casting,dtype_casting,dtype_casting,5,4,high,suggestion_only_not_gold
EGNF1000-0876-f86eaad2,numba/numba,enhancement for `array_equal`,https://github.com/numba/numba/issues/7937,needs_review,dtype_casting,dtype_casting,dtype_casting,dtype_casting,dtype_casting,dtype_casting,5,4,high,suggestion_only_not_gold
EGNF1000-0877-3c2477a2,numba/numba,Raise a warning if fastmath options nnan/ninf are in use with `isnan` or `isinf`,https://github.com/numba/numba/issues/8708,needs_review,nan_inf,dtype_casting,dtype_casting,nan_inf,not_numerical_failure,nan_inf,2,0,low,suggestion_only_not_gold
EGNF1000-0878-050a10b6,triton-lang/triton,AxisInfo: Bug in MaxMinOpAxisInfoVisitor,https://github.com/triton-lang/triton/issues/7758,needs_review,overflow_underflow,dtype_casting,dtype_casting,nan_inf,overflow_underflow,overflow_underflow,2,0,low,suggestion_only_not_gold
EGNF1000-0879-8cb13779,jax-ml/jax,"add `is_tracer`, `assert_concrete` functions to API",https://github.com/jax-ml/jax/issues/15625,needs_review,dtype_casting,dtype_casting,dtype_casting,not_numerical_failure,nan_inf,dtype_casting,3,2,medium,suggestion_only_not_gold
EGNF1000-0880-ee850d6c,jax-ml/jax,Support erfcx,https://github.com/jax-ml/jax/issues/1987,needs_review,dtype_casting,dtype_casting,dtype_casting,not_numerical_failure,nan_inf,dtype_casting,3,2,medium,suggestion_only_not_gold
EGNF1000-0881-9506bf6a,jax-ml/jax,Complex gradient,https://github.com/jax-ml/jax/issues/22948,needs_review,dtype_casting,dtype_casting,dtype_casting,dtype_casting,nan_inf,dtype_casting,4,3,medium,suggestion_only_not_gold
EGNF1000-0882-bdb4baa8,jax-ml/jax,Improve support for using JAX's custom LAPACK calls externally,https://github.com/jax-ml/jax/issues/23172,needs_review,dtype_casting,dtype_casting,dtype_casting,dtype_casting,not_numerical_failure,dtype_casting,4,3,medium,suggestion_only_not_gold
EGNF1000-0883-2d975ab4,jax-ml/jax,Please consider adding scipy.special.iv to jax.special,https://github.com/jax-ml/jax/issues/2466,needs_review,dtype_casting,dtype_casting,dtype_casting,not_numerical_failure,nan_inf,dtype_casting,3,2,medium,suggestion_only_not_gold
EGNF1000-0884-6cd9258d,jax-ml/jax,Add associative / parallel version of jax.tree.reduce,https://github.com/jax-ml/jax/issues/29774,needs_review,dtype_casting,dtype_casting,dtype_casting,not_numerical_failure,overflow_underflow,dtype_casting,3,2,medium,suggestion_only_not_gold
EGNF1000-0885-908eed06,jax-ml/jax,Add scipy.special.hyp2f1?,https://github.com/jax-ml/jax/issues/2991,needs_review,not_numerical_failure,dtype_casting,dtype_casting,not_numerical_failure,not_numerical_failure,not_numerical_failure,3,1,medium,suggestion_only_not_gold
EGNF1000-0886-20090900,jax-ml/jax,Simple missed compiler optimization?,https://github.com/jax-ml/jax/issues/31257,needs_review,dtype_casting,dtype_casting,dtype_casting,dtype_casting,dtype_casting,dtype_casting,5,4,high,suggestion_only_not_gold
EGNF1000-0887-501a8b03,jax-ml/jax,odeint Runge-Kutta step size sometimes goes backward in time,https://github.com/jax-ml/jax/issues/3437,needs_review,dtype_casting,dtype_casting,dtype_casting,not_numerical_failure,nan_inf,dtype_casting,3,2,medium,suggestion_only_not_gold
EGNF1000-0888-43ad9e2a,jax-ml/jax,jnp.frexp() custom vjp,https://github.com/jax-ml/jax/issues/4756,needs_review,dtype_casting,dtype_casting,dtype_casting,dtype_casting,precision_tolerance,dtype_casting,4,3,medium,suggestion_only_not_gold
EGNF1000-0889-594158ad,jax-ml/jax,"check stability of slogdet jvp rule, add a test with tighter tolerances",https://github.com/jax-ml/jax/issues/8846,needs_review,dtype_casting,dtype_casting,dtype_casting,dtype_casting,dtype_casting,dtype_casting,5,4,high,suggestion_only_not_gold
EGNF1000-0890-e093321c,pytorch/pytorch,hipblaslt insufficient MI300 TF32 accuracy for certain pytorch unit tests,https://github.com/pytorch/pytorch/issues/169392,needs_review,precision_tolerance,precision_tolerance,precision_tolerance,precision_tolerance,dtype_casting,precision_tolerance,4,3,medium,suggestion_only_not_gold
EGNF1000-0891-5d8d9c37,pytorch/pytorch,DISABLED test_sparse_addmm_cpu_float16 (__main__.TestSparseCPU),https://github.com/pytorch/pytorch/issues/180633,needs_review,dtype_casting,dtype_casting,dtype_casting,dtype_casting,dtype_casting,dtype_casting,5,4,high,suggestion_only_not_gold
EGNF1000-0892-40f0d8e8,pytorch/pytorch,Numerical instability KL divergence RelaxedOneHotCategorical,https://github.com/pytorch/pytorch/issues/18730,needs_review,nan_inf,dtype_casting,dtype_casting,nan_inf,dtype_casting,dtype_casting,3,1,medium,suggestion_only_not_gold
EGNF1000-0893-ad885b81,rapidsai/cuml,[BUG] Sporadic KBinsDiscretizer pytests fail with quantile strategy,https://github.com/rapidsai/cuml/issues/2933,needs_review,dtype_casting,dtype_casting,dtype_casting,dtype_casting,dtype_casting,dtype_casting,5,4,high,suggestion_only_not_gold
EGNF1000-0894-e9ac302e,rapidsai/cuml,[BUG] cannot use local RAFT in get_raft.cmake for building cuML this support is broken,https://github.com/rapidsai/cuml/issues/3972,needs_review,dtype_casting,dtype_casting,dtype_casting,precision_tolerance,overflow_underflow,dtype_casting,3,2,medium,suggestion_only_not_gold
EGNF1000-0895-a2a487cf,rapidsai/cuml,"[FEA] Request building KNNImputer, IterativeImputer, PowerTransform",https://github.com/rapidsai/cuml/issues/4694,needs_review,dtype_casting,dtype_casting,dtype_casting,dtype_casting,dtype_casting,dtype_casting,5,4,high,suggestion_only_not_gold
EGNF1000-0896-3d3b29eb,rapidsai/cuml,[FEA] Support for HDBSCAN relative_validity,https://github.com/rapidsai/cuml/issues/5945,needs_review,dtype_casting,dtype_casting,dtype_casting,not_numerical_failure,dtype_casting,dtype_casting,4,3,medium,suggestion_only_not_gold
EGNF1000-0897-b0e1bbed,rapidsai/cuml,[BUG] Missing dual_gap_ attribute in Lasso/ElasticNet implementation,https://github.com/rapidsai/cuml/issues/6467,needs_review,dtype_casting,dtype_casting,dtype_casting,dtype_casting,dtype_casting,dtype_casting,5,4,high,suggestion_only_not_gold
EGNF1000-0898-cf688f69,rapidsai/cuml,Remove deprecation warning in `UMAP.fit` around `data_on_host`,https://github.com/rapidsai/cuml/issues/6886,needs_review,dtype_casting,dtype_casting,dtype_casting,precision_tolerance,dtype_casting,dtype_casting,4,3,medium,suggestion_only_not_gold
EGNF1000-0899-ac6b7b39,triton-lang/triton,[RFC] Goal for trition.ops.flash_attention,https://github.com/triton-lang/triton/issues/2267,needs_review,not_numerical_failure,dtype_casting,dtype_casting,dtype_casting,not_numerical_failure,dtype_casting,3,1,medium,suggestion_only_not_gold
EGNF1000-0900-449b009a,triton-lang/triton,"NameError(""name 'jit' is not defined"")",https://github.com/triton-lang/triton/issues/4378,needs_review,not_numerical_failure,dtype_casting,dtype_casting,nan_inf,not_numerical_failure,not_numerical_failure,2,0,low,suggestion_only_not_gold
EGNF1000-0901-5d410e1d,triton-lang/triton,RuntimeError: CUDA driver error: invalid argument,https://github.com/triton-lang/triton/issues/7967,overflow_underflow,dtype_casting,dtype_casting,dtype_casting,nan_inf,overflow_underflow,dtype_casting,3,1,medium,suggestion_only_not_gold
EGNF1000-0902-664b1c47,triton-lang/triton,Wrong behavior of tl.associative_scan?,https://github.com/triton-lang/triton/issues/8412,needs_review,dtype_casting,dtype_casting,dtype_casting,dtype_casting,dtype_casting,dtype_casting,5,4,high,suggestion_only_not_gold
EGNF1000-0903-c608ae65,cupy/cupy,`cupy.cuda.compile_with_cache` vs `cupy.RawModule`,https://github.com/cupy/cupy/issues/8261,needs_review,overflow_underflow,dtype_casting,dtype_casting,overflow_underflow,nan_inf,overflow_underflow,2,0,low,suggestion_only_not_gold
EGNF1000-0904-1075a32c,triton-lang/triton,ImportError 'OutOfResources' from partially initialized module 'triton.runtime.autotuner',https://github.com/triton-lang/triton/issues/1735,needs_review,overflow_underflow,dtype_casting,dtype_casting,overflow_underflow,overflow_underflow,overflow_underflow,3,1,medium,suggestion_only_not_gold
EGNF1000-0905-a5c799ec,triton-lang/triton,Bug: tt.dot_scaled fails with multi-CTA (num_ctas > 1),https://github.com/triton-lang/triton/issues/7982,needs_review,overflow_underflow,dtype_casting,dtype_casting,dtype_casting,dtype_casting,dtype_casting,4,3,medium,suggestion_only_not_gold
EGNF1000-0906-9b32a3b4,cupy/cupy,Overflow warning in CI,https://github.com/cupy/cupy/issues/2334,overflow_underflow,overflow_underflow,dtype_casting,dtype_casting,overflow_underflow,dtype_casting,overflow_underflow,3,0,medium,suggestion_only_not_gold
EGNF1000-0907-a2cef793,cupy/cupy,I recently change an entire codebase from numpy to cupy only to get an error saying: cupy can not run on a singly GPU. Please is there a way to run a on a single GPU?,https://github.com/cupy/cupy/issues/2390,overflow_underflow,overflow_underflow,overflow_underflow,overflow_underflow,overflow_underflow,overflow_underflow,overflow_underflow,6,6,high,suggestion_only_not_gold
EGNF1000-0908-a2ef7287,cupy/cupy,Need more information on: unsatisfied condition: cuda >= 9.2,https://github.com/cupy/cupy/issues/2438,overflow_underflow,overflow_underflow,overflow_underflow,overflow_underflow,overflow_underflow,overflow_underflow,overflow_underflow,6,6,high,suggestion_only_not_gold
EGNF1000-0909-ed65cc53,cupy/cupy,cupy.cuda.memory.OutOfMemoryError,https://github.com/cupy/cupy/issues/2537,overflow_underflow,overflow_underflow,overflow_underflow,overflow_underflow,overflow_underflow,overflow_underflow,overflow_underflow,6,6,high,suggestion_only_not_gold
EGNF1000-0910-16ea18f0,cupy/cupy,[Bug Fix] This is an error why I tried to check two columns,https://github.com/cupy/cupy/issues/4197,overflow_underflow,overflow_underflow,overflow_underflow,overflow_underflow,overflow_underflow,overflow_underflow,overflow_underflow,6,6,high,suggestion_only_not_gold
EGNF1000-0911-31c5366f,cupy/cupy,original error: libcudart.so.10.2: cannot open shared object file: No such file or directory,https://github.com/cupy/cupy/issues/4608,overflow_underflow,overflow_underflow,overflow_underflow,overflow_underflow,overflow_underflow,overflow_underflow,overflow_underflow,6,6,high,suggestion_only_not_gold
EGNF1000-0912-1d949622,cupy/cupy,b,https://github.com/cupy/cupy/issues/4729,overflow_underflow,overflow_underflow,overflow_underflow,overflow_underflow,overflow_underflow,overflow_underflow,overflow_underflow,6,6,high,suggestion_only_not_gold
EGNF1000-0913-570b8eb7,cupy/cupy,"cupyx.scipy.signal.convolve2d: cannot open source file ""utility""",https://github.com/cupy/cupy/issues/5010,overflow_underflow,overflow_underflow,overflow_underflow,overflow_underflow,overflow_underflow,overflow_underflow,overflow_underflow,6,6,high,suggestion_only_not_gold
EGNF1000-0914-fb31ad98,cupy/cupy,AttributeError: module 'cupy' has no attribute 'util',https://github.com/cupy/cupy/issues/5044,overflow_underflow,overflow_underflow,overflow_underflow,overflow_underflow,overflow_underflow,overflow_underflow,overflow_underflow,6,6,high,suggestion_only_not_gold
EGNF1000-0915-c086819a,cupy/cupy,Inconsistent behavior between numpy and cupy when handling shapes in array creation,https://github.com/cupy/cupy/issues/5503,overflow_underflow,overflow_underflow,overflow_underflow,overflow_underflow,overflow_underflow,overflow_underflow,overflow_underflow,6,6,high,suggestion_only_not_gold
EGNF1000-0916-b4ddc061,cupy/cupy,cupyx.scipy.signal.convolve2d: integer overflow when using mixed dtypes,https://github.com/cupy/cupy/issues/6047,overflow_underflow,overflow_underflow,dtype_casting,dtype_casting,overflow_underflow,overflow_underflow,overflow_underflow,4,2,medium,suggestion_only_not_gold
EGNF1000-0917-679d7779,cupy/cupy,`argmax` overflows for large arrays,https://github.com/cupy/cupy/issues/8014,overflow_underflow,overflow_underflow,overflow_underflow,overflow_underflow,overflow_underflow,dtype_casting,overflow_underflow,5,4,high,suggestion_only_not_gold
EGNF1000-0918-19d5d210,cupy/cupy,Can't compile on Arch Linux with `cudnn 9.2.1.18` and cuda `12.6.1`,https://github.com/cupy/cupy/issues/8633,overflow_underflow,overflow_underflow,dtype_casting,dtype_casting,overflow_underflow,overflow_underflow,overflow_underflow,4,2,medium,suggestion_only_not_gold
EGNF1000-0919-88e41cff,cupy/cupy,Sparse CS Matrices: Index int32 dtype can overflow during concatenation,https://github.com/cupy/cupy/issues/8731,overflow_underflow,dtype_casting,dtype_casting,dtype_casting,dtype_casting,dtype_casting,dtype_casting,5,4,high,suggestion_only_not_gold
EGNF1000-0920-da5f7b97,jax-ml/jax,`jnp.take_along_axis` fails to lower in Mosaic TPU,https://github.com/jax-ml/jax/issues/37006,precision_tolerance,dtype_casting,dtype_casting,dtype_casting,dtype_casting,dtype_casting,dtype_casting,5,4,high,suggestion_only_not_gold
EGNF1000-0921-7ce98e67,jax-ml/jax,🔪 Remaining Sharp Bit TODOs 🔪,https://github.com/jax-ml/jax/issues/9952,precision_tolerance,dtype_casting,dtype_casting,dtype_casting,dtype_casting,dtype_casting,dtype_casting,5,4,high,suggestion_only_not_gold
EGNF1000-0922-3735882e,pytorch/pytorch,"Dynamo'd `test_mixed_device_dtype` needs higher tolerances for Adagrad, RMSProp",https://github.com/pytorch/pytorch/issues/116202,precision_tolerance,dtype_casting,dtype_casting,dtype_casting,dtype_casting,dtype_casting,dtype_casting,5,4,high,suggestion_only_not_gold
EGNF1000-0923-cdfc0aca,pytorch/pytorch,"[bug]`torch.linalg.solve_triangular(A, B, *, out=B)`: wrong result with `B.is_neg() == True`",https://github.com/pytorch/pytorch/issues/178379,precision_tolerance,dtype_casting,dtype_casting,dtype_casting,nan_inf,nan_inf,dtype_casting,3,1,medium,suggestion_only_not_gold
EGNF1000-0924-fb619c29,pytorch/pytorch,"torch.compile (inductor/aot_eager) produces nondeterministic / incorrect results on model with `add_`, `clamp_`, and `squeeze`",https://github.com/pytorch/pytorch/issues/178680,precision_tolerance,dtype_casting,dtype_casting,dtype_casting,dtype_casting,dtype_casting,dtype_casting,5,4,high,suggestion_only_not_gold
EGNF1000-0925-38c557e0,pytorch/pytorch,torch.distributed._functional_collectives.reduce_scatter_tensor gets a wrong result,https://github.com/pytorch/pytorch/issues/178766,precision_tolerance,dtype_casting,dtype_casting,dtype_casting,overflow_underflow,overflow_underflow,dtype_casting,3,1,medium,suggestion_only_not_gold
EGNF1000-0926-e6d1ba5b,pytorch/pytorch,[MPS] Switch test_output_match / test_output_grad_match to magnitude-floored relative tolerance,https://github.com/pytorch/pytorch/issues/182817,precision_tolerance,overflow_underflow,dtype_casting,dtype_casting,dtype_casting,nan_inf,dtype_casting,3,2,medium,suggestion_only_not_gold
EGNF1000-0927-72bc4252,pytorch/pytorch,Half precision cdist,https://github.com/pytorch/pytorch/issues/29528,precision_tolerance,dtype_casting,dtype_casting,dtype_casting,dtype_casting,dtype_casting,dtype_casting,5,4,high,suggestion_only_not_gold
EGNF1000-0928-992210ab,pytorch/pytorch,Slighty out of tolerance for `test_mv` and `test_cholesky_solve_batched_cuda_float64`,https://github.com/pytorch/pytorch/issues/32132,precision_tolerance,dtype_casting,dtype_casting,dtype_casting,dtype_casting,dtype_casting,dtype_casting,5,4,high,suggestion_only_not_gold
EGNF1000-0929-8bd22f63,pytorch/pytorch,addmm with out= argument returns incorrect result,https://github.com/pytorch/pytorch/issues/48900,precision_tolerance,dtype_casting,dtype_casting,dtype_casting,dtype_casting,dtype_casting,dtype_casting,5,4,high,suggestion_only_not_gold
EGNF1000-0930-b185882b,pytorch/pytorch,GradScaler support FP16 gradients?,https://github.com/pytorch/pytorch/issues/74739,precision_tolerance,dtype_casting,dtype_casting,dtype_casting,precision_tolerance,crash_compile,dtype_casting,3,1,medium,suggestion_only_not_gold
EGNF1000-0931-b36df106,rapidsai/cuml,[ENH] add support for fp32 in ARIMA,https://github.com/rapidsai/cuml/issues/1256,precision_tolerance,dtype_casting,dtype_casting,dtype_casting,dtype_casting,dtype_casting,dtype_casting,5,4,high,suggestion_only_not_gold
EGNF1000-0932-dbdd3c28,rapidsai/cuml,[FEA] ROC Curve,https://github.com/rapidsai/cuml/issues/3672,precision_tolerance,dtype_casting,dtype_casting,dtype_casting,dtype_casting,dtype_casting,dtype_casting,5,4,high,suggestion_only_not_gold
EGNF1000-0933-61f56488,rapidsai/cuml,[FEA] Test estimators with hypothesis,https://github.com/rapidsai/cuml/issues/4960,precision_tolerance,dtype_casting,dtype_casting,dtype_casting,dtype_casting,overflow_underflow,dtype_casting,4,3,medium,suggestion_only_not_gold
EGNF1000-0934-af5784fb,rapidsai/cuml,Consolidate array comparison functions in our test suite,https://github.com/rapidsai/cuml/issues/6782,precision_tolerance,dtype_casting,dtype_casting,dtype_casting,dtype_casting,dtype_casting,dtype_casting,5,4,high,suggestion_only_not_gold
EGNF1000-0935-5542c076,rapidsai/cuml,[FEA] Add c++ util for singleToDoublePrecisionPerfRatio,https://github.com/rapidsai/cuml/issues/803,precision_tolerance,dtype_casting,dtype_casting,dtype_casting,dtype_casting,dtype_casting,dtype_casting,5,4,high,suggestion_only_not_gold
EGNF1000-0936-83894fcd,triton-lang/triton,Matmul Example incorrect if use float32 & large matrices.,https://github.com/triton-lang/triton/issues/1800,precision_tolerance,dtype_casting,dtype_casting,dtype_casting,dtype_casting,dtype_casting,dtype_casting,5,4,high,suggestion_only_not_gold
EGNF1000-0937-f5fa4602,triton-lang/triton,triton broadcast produce wrong result in triton 3.4.0 (master build) in certain situation,https://github.com/triton-lang/triton/issues/7957,precision_tolerance,dtype_casting,dtype_casting,dtype_casting,dtype_casting,dtype_casting,dtype_casting,5,4,high,suggestion_only_not_gold
EGNF1000-0938-5b514bed,triton-lang/triton,Host TensorDescriptor vs. device tensor descriptor creation not producing similar outputs,https://github.com/triton-lang/triton/issues/9719,precision_tolerance,dtype_casting,dtype_casting,dtype_casting,dtype_casting,dtype_casting,dtype_casting,5,4,high,suggestion_only_not_gold
EGNF1000-0939-a805e084,apache/tvm,[Bug] Misuse of reduce_axis,https://github.com/apache/tvm/issues/12373,precision_tolerance,overflow_underflow,dtype_casting,dtype_casting,nan_inf,dtype_casting,dtype_casting,3,2,medium,suggestion_only_not_gold
EGNF1000-0940-560f0558,apache/tvm,[Bug] The bilinear or bicubic calculation logical in UpSampling2D is wrong,https://github.com/apache/tvm/issues/15084,precision_tolerance,dtype_casting,dtype_casting,dtype_casting,not_numerical_failure,dtype_casting,dtype_casting,4,3,medium,suggestion_only_not_gold
EGNF1000-0941-3ea08bec,apache/tvm,[Wrong results] Why the graph executor give a wrong inference result about int32,https://github.com/apache/tvm/issues/15338,precision_tolerance,dtype_casting,dtype_casting,dtype_casting,nan_inf,dtype_casting,dtype_casting,4,3,medium,suggestion_only_not_gold
EGNF1000-0942-39c30539,apache/tvm,[Bug] [Relay] produce an wrong results when the axis of OneHot is not set as the last dimension,https://github.com/apache/tvm/issues/16295,precision_tolerance,dtype_casting,dtype_casting,dtype_casting,dtype_casting,dtype_casting,dtype_casting,5,4,high,suggestion_only_not_gold
EGNF1000-0943-3f934021,apache/tvm,[Bug] tensordot produce inconsistency inference results when execuing twice under the same inputs,https://github.com/apache/tvm/issues/17949,precision_tolerance,dtype_casting,dtype_casting,dtype_casting,nan_inf,dtype_casting,dtype_casting,4,3,medium,suggestion_only_not_gold
EGNF1000-0944-4c50d62a,jax-ml/jax,`jax.nn.dot_product_attention` cuDNN implementation only supports bias gradient when the batch size is 1 while cuDNN frontend attention documentation states that forward and backward conditions are the same.,https://github.com/jax-ml/jax/issues/30593,precision_tolerance,dtype_casting,dtype_casting,dtype_casting,dtype_casting,dtype_casting,dtype_casting,5,4,high,suggestion_only_not_gold
EGNF1000-0945-39a0f1ef,jax-ml/jax,Numerical Discrepancies between Pallas Kernel and Standard JAX with bfloat16,https://github.com/jax-ml/jax/issues/34454,precision_tolerance,dtype_casting,dtype_casting,dtype_casting,dtype_casting,dtype_casting,dtype_casting,5,4,high,suggestion_only_not_gold
EGNF1000-0946-13e25b18,numba/numba,PPC lowering error from changes on optimization passes,https://github.com/numba/numba/issues/6465,precision_tolerance,dtype_casting,dtype_casting,dtype_casting,overflow_underflow,dtype_casting,dtype_casting,4,3,medium,suggestion_only_not_gold
EGNF1000-0947-c623095b,pytorch/pytorch,[inductor][cpu] resnet50_quantized_qat CPP wrapper torch._inductor.exc.InductorError: CppCompileError: C++ compile error in 2026-05-11 nightly release,https://github.com/pytorch/pytorch/issues/183401,precision_tolerance,precision_tolerance,dtype_casting,dtype_casting,precision_tolerance,dtype_casting,precision_tolerance,3,0,medium,suggestion_only_not_gold
EGNF1000-0948-9534df60,rapidsai/cuml,[CI] UMAP test failure in test_umap_fit_transform_score with nn_descent algorithm,https://github.com/rapidsai/cuml/issues/7165,precision_tolerance,dtype_casting,dtype_casting,dtype_casting,dtype_casting,dtype_casting,dtype_casting,5,4,high,suggestion_only_not_gold
EGNF1000-0949-b0380285,rapidsai/cuml,[CI] Flaky SG_TSNE_TEST failure with BreastCancer dataset and KNN Barnes-Hut,https://github.com/rapidsai/cuml/issues/7705,precision_tolerance,dtype_casting,dtype_casting,dtype_casting,not_numerical_failure,nan_inf,dtype_casting,3,2,medium,suggestion_only_not_gold
EGNF1000-0950-8f4ac838,rapidsai/cuml,[CI] Flaky test / numerical tolerance: `test_incremental_pca.py::test_fit[500-2500-9-False-0.07-csr-50-True]`,https://github.com/rapidsai/cuml/issues/8079,precision_tolerance,dtype_casting,dtype_casting,dtype_casting,dtype_casting,dtype_casting,dtype_casting,5,4,high,suggestion_only_not_gold
EGNF1000-0951-e7af85d4,rapidsai/cuml,[CI] KMeans score assertions fail in conda Python tests,https://github.com/rapidsai/cuml/issues/8097,precision_tolerance,dtype_casting,dtype_casting,dtype_casting,dtype_casting,dtype_casting,dtype_casting,5,4,high,suggestion_only_not_gold
EGNF1000-0952-19123305,triton-lang/triton,Low performance for mixed-type matmul due to lack of pipelining,https://github.com/triton-lang/triton/issues/1397,precision_tolerance,dtype_casting,dtype_casting,overflow_underflow,dtype_casting,dtype_casting,dtype_casting,4,3,medium,suggestion_only_not_gold
EGNF1000-0953-60173a58,triton-lang/triton,`tl.broadcast` bug?,https://github.com/triton-lang/triton/issues/2157,precision_tolerance,dtype_casting,dtype_casting,dtype_casting,dtype_casting,dtype_casting,dtype_casting,5,4,high,suggestion_only_not_gold
EGNF1000-0954-d7274f29,triton-lang/triton,test_atomic_cas fails with accuracy checks on HIP,https://github.com/triton-lang/triton/issues/3474,precision_tolerance,dtype_casting,dtype_casting,dtype_casting,dtype_casting,dtype_casting,dtype_casting,5,4,high,suggestion_only_not_gold
EGNF1000-0955-4dafbf62,triton-lang/triton,Wrong reduction result in Triton 3.0.0,https://github.com/triton-lang/triton/issues/4379,precision_tolerance,dtype_casting,dtype_casting,dtype_casting,dtype_casting,dtype_casting,dtype_casting,5,4,high,suggestion_only_not_gold
EGNF1000-0956-fefca249,triton-lang/triton,[Bug] Compiler error in 06-fused-attention.py,https://github.com/triton-lang/triton/issues/4475,precision_tolerance,dtype_casting,dtype_casting,dtype_casting,dtype_casting,dtype_casting,dtype_casting,5,4,high,suggestion_only_not_gold
EGNF1000-0957-e86d09e1,triton-lang/triton,Triton 3.1.0 failed with a simple tl.dot and then tl.store example,https://github.com/triton-lang/triton/issues/5557,precision_tolerance,dtype_casting,dtype_casting,dtype_casting,dtype_casting,dtype_casting,dtype_casting,5,4,high,suggestion_only_not_gold
EGNF1000-0958-fdf5b916,triton-lang/triton,error is significantly larger in default mode than INTERPRET mode,https://github.com/triton-lang/triton/issues/5895,precision_tolerance,dtype_casting,dtype_casting,dtype_casting,nan_inf,dtype_casting,dtype_casting,4,3,medium,suggestion_only_not_gold
EGNF1000-0959-ad0a2275,triton-lang/triton,"I implemented a fused operator using Triton. When running it on the CPU with TRITON_INTERPRET=1, everything works fine. However, when running it on CUDA, there are serious precision issues",https://github.com/triton-lang/triton/issues/6227,precision_tolerance,nan_inf,dtype_casting,dtype_casting,nan_inf,nan_inf,nan_inf,3,1,medium,suggestion_only_not_gold
EGNF1000-0960-1c39db7c,triton-lang/triton,Group GEMM tutorial assertion failure,https://github.com/triton-lang/triton/issues/6544,precision_tolerance,dtype_casting,dtype_casting,dtype_casting,dtype_casting,dtype_casting,dtype_casting,5,4,high,suggestion_only_not_gold
EGNF1000-0961-cb5e5fba,apache/tvm,[Bug][DNNL][BYOC] Transform Pass From float32 to bfloat16 failed in some patterns,https://github.com/apache/tvm/issues/12763,precision_tolerance,dtype_casting,dtype_casting,dtype_casting,dtype_casting,dtype_casting,dtype_casting,5,4,high,suggestion_only_not_gold
EGNF1000-0962-79f73c32,apache/tvm,[Bug] [Torch] TVM AvgPool2d Function Produces Incorrect Values when Stride is Larger than Kernel,https://github.com/apache/tvm/issues/14927,precision_tolerance,dtype_casting,dtype_casting,dtype_casting,dtype_casting,dtype_casting,dtype_casting,5,4,high,suggestion_only_not_gold
EGNF1000-0963-667220bd,apache/tvm,[Bug] [PyTorch][Frontend] aten::index with boolean mask gets wrong result with argwhere,https://github.com/apache/tvm/issues/15588,precision_tolerance,nan_inf,dtype_casting,dtype_casting,nan_inf,dtype_casting,dtype_casting,3,1,medium,suggestion_only_not_gold
EGNF1000-0964-f3b7865f,apache/tvm,[Bug]: Semantically equivalent ONNX graphs produce inconsistent GELU/LeakyRelu results on CPU in TVM 0.9.0,https://github.com/apache/tvm/issues/18897,precision_tolerance,dtype_casting,dtype_casting,dtype_casting,not_numerical_failure,dtype_casting,dtype_casting,4,3,medium,suggestion_only_not_gold
EGNF1000-0965-bcd1a2eb,apache/tvm,[SPIRV] Incorrect Vulkan Result on Mobile GPU,https://github.com/apache/tvm/issues/2355,precision_tolerance,not_numerical_failure,dtype_casting,dtype_casting,dtype_casting,dtype_casting,dtype_casting,4,3,medium,suggestion_only_not_gold
EGNF1000-0966-5c57be04,apache/tvm,Incorrect classification result for CoreML,https://github.com/apache/tvm/issues/3725,precision_tolerance,dtype_casting,dtype_casting,dtype_casting,dtype_casting,dtype_casting,dtype_casting,5,4,high,suggestion_only_not_gold
EGNF1000-0967-132a7b62,apache/tvm,[Bug] Incorrect results if memory scope is set to 'local',https://github.com/apache/tvm/issues/7421,precision_tolerance,dtype_casting,dtype_casting,dtype_casting,dtype_casting,dtype_casting,dtype_casting,5,4,high,suggestion_only_not_gold
EGNF1000-0968-dd2075d2,jax-ml/jax,randint extremely slow for large batches when running float64 precision,https://github.com/jax-ml/jax/issues/10145,precision_tolerance,dtype_casting,dtype_casting,dtype_casting,dtype_casting,dtype_casting,dtype_casting,5,4,high,suggestion_only_not_gold
EGNF1000-0969-37b75eeb,jax-ml/jax,Gradient Bug (Possibly to do with `eigh`).,https://github.com/jax-ml/jax/issues/10844,precision_tolerance,dtype_casting,dtype_casting,dtype_casting,not_numerical_failure,not_numerical_failure,dtype_casting,3,1,medium,suggestion_only_not_gold
EGNF1000-0970-1bfb7777,jax-ml/jax,[call_tf] implementation of batching rule for vmap,https://github.com/jax-ml/jax/issues/11753,precision_tolerance,dtype_casting,dtype_casting,dtype_casting,dtype_casting,dtype_casting,dtype_casting,5,4,high,suggestion_only_not_gold
EGNF1000-0971-ca711027,jax-ml/jax,jitted function gives incorrect result in jnp.concatenate,https://github.com/jax-ml/jax/issues/23958,precision_tolerance,dtype_casting,dtype_casting,dtype_casting,dtype_casting,dtype_casting,dtype_casting,5,4,high,suggestion_only_not_gold
EGNF1000-0972-a025bce4,jax-ml/jax,Arcsinh Error Report,https://github.com/jax-ml/jax/issues/24276,precision_tolerance,dtype_casting,dtype_casting,dtype_casting,dtype_casting,dtype_casting,dtype_casting,5,4,high,suggestion_only_not_gold
EGNF1000-0973-0f1cf0a9,jax-ml/jax,"Schur decomposition test assumes the decomposition is unique, but it isn't",https://github.com/jax-ml/jax/issues/25287,precision_tolerance,dtype_casting,dtype_casting,dtype_casting,dtype_casting,dtype_casting,dtype_casting,5,4,high,suggestion_only_not_gold
EGNF1000-0974-356fcd53,jax-ml/jax,Easier way to do mixed precision,https://github.com/jax-ml/jax/issues/30988,precision_tolerance,dtype_casting,dtype_casting,dtype_casting,dtype_casting,nan_inf,dtype_casting,4,3,medium,suggestion_only_not_gold
EGNF1000-0975-5d4f468b,jax-ml/jax,Scaling behaviour of jax.test_util.check_grads,https://github.com/jax-ml/jax/issues/3130,precision_tolerance,dtype_casting,dtype_casting,dtype_casting,dtype_casting,overflow_underflow,dtype_casting,4,3,medium,suggestion_only_not_gold
EGNF1000-0976-db0ca9f0,jax-ml/jax,Avoid extraneous upcast in backwards pass of dot_general,https://github.com/jax-ml/jax/issues/34330,precision_tolerance,dtype_casting,dtype_casting,dtype_casting,dtype_casting,dtype_casting,dtype_casting,5,4,high,suggestion_only_not_gold
EGNF1000-0977-9810813b,jax-ml/jax,`live_devices`: Include failed process IDs when re-raising exceptions,https://github.com/jax-ml/jax/issues/36372,precision_tolerance,dtype_casting,dtype_casting,dtype_casting,dtype_casting,overflow_underflow,dtype_casting,4,3,medium,suggestion_only_not_gold
EGNF1000-0978-521283ad,jax-ml/jax,Input variables and their types should be carried through JitWrapped functions,https://github.com/jax-ml/jax/issues/37188,precision_tolerance,dtype_casting,dtype_casting,dtype_casting,dtype_casting,nan_inf,dtype_casting,4,3,medium,suggestion_only_not_gold
EGNF1000-0979-0a2c7d0d,jax-ml/jax,No error message when `odeint` fails,https://github.com/jax-ml/jax/issues/7326,precision_tolerance,dtype_casting,dtype_casting,dtype_casting,dtype_casting,dtype_casting,dtype_casting,5,4,high,suggestion_only_not_gold
EGNF1000-0980-cfb53541,jax-ml/jax,FFT precision appears to ignore jax.default_matmul_precision setting,https://github.com/jax-ml/jax/issues/9881,precision_tolerance,dtype_casting,dtype_casting,dtype_casting,dtype_casting,dtype_casting,dtype_casting,5,4,high,suggestion_only_not_gold
EGNF1000-0981-25dd84b5,pytorch/pytorch,Different random seeds can cause differences in arithmetic precision,https://github.com/pytorch/pytorch/issues/132989,precision_tolerance,dtype_casting,dtype_casting,dtype_casting,dtype_casting,dtype_casting,dtype_casting,5,4,high,suggestion_only_not_gold
EGNF1000-0982-32ec0e04,pytorch/pytorch,Fault tolerance with k8s,https://github.com/pytorch/pytorch/issues/136312,precision_tolerance,precision_tolerance,dtype_casting,dtype_casting,precision_tolerance,crash_compile,precision_tolerance,3,1,medium,suggestion_only_not_gold
EGNF1000-0983-f6817a8e,pytorch/pytorch,Integrate ULFM and FTI for OpenMPI (torch.distributed),https://github.com/pytorch/pytorch/issues/144239,precision_tolerance,dtype_casting,dtype_casting,dtype_casting,precision_tolerance,dtype_casting,dtype_casting,4,2,medium,suggestion_only_not_gold
EGNF1000-0984-2ebf3769,pytorch/pytorch,[dynamo] `random.Random` gives wrong result on second call,https://github.com/pytorch/pytorch/issues/145445,precision_tolerance,dtype_casting,dtype_casting,dtype_casting,dtype_casting,dtype_casting,dtype_casting,5,4,high,suggestion_only_not_gold
EGNF1000-0985-733b9a73,pytorch/pytorch,[DDP][FSDP2] add unit test to showcase DDP mixed precision with FSDP2 mixed precision,https://github.com/pytorch/pytorch/issues/156130,precision_tolerance,dtype_casting,dtype_casting,dtype_casting,precision_tolerance,dtype_casting,dtype_casting,4,2,medium,suggestion_only_not_gold
EGNF1000-0986-fe71e1b5,pytorch/pytorch,Support for _Float16/C++23 std::float16_t,https://github.com/pytorch/pytorch/issues/157776,precision_tolerance,precision_tolerance,dtype_casting,dtype_casting,dtype_casting,dtype_casting,dtype_casting,4,2,medium,suggestion_only_not_gold
EGNF1000-0987-95052600,pytorch/pytorch,"For mixed-precision training, does FSDP2 also need `amp.grad_scaler.GradScaler` ? or is FSDP2 already handled?",https://github.com/pytorch/pytorch/issues/163519,precision_tolerance,dtype_casting,dtype_casting,dtype_casting,precision_tolerance,dtype_casting,dtype_casting,4,2,medium,suggestion_only_not_gold
EGNF1000-0988-55277ee7,pytorch/pytorch,Add custom precision or tolerance support for out of tree backends,https://github.com/pytorch/pytorch/issues/177968,precision_tolerance,dtype_casting,dtype_casting,dtype_casting,dtype_casting,not_numerical_failure,dtype_casting,4,3,medium,suggestion_only_not_gold
EGNF1000-0989-d3178840,pytorch/pytorch,torch.compile(fullgraph=True) fails with PendingUnbackedSymbolNotFound when Tensor.add uses a 0-d tensor as alpha,https://github.com/pytorch/pytorch/issues/182408,precision_tolerance,dtype_casting,dtype_casting,dtype_casting,dtype_casting,dtype_casting,dtype_casting,5,4,high,suggestion_only_not_gold
EGNF1000-0990-a77a5549,rapidsai/cudf,[BUG] `to_numpy(dtype=object)` coerces `None` -> `pandas.NA`,https://github.com/rapidsai/cudf/issues/22419,precision_tolerance,dtype_casting,dtype_casting,dtype_casting,dtype_casting,dtype_casting,dtype_casting,5,4,high,suggestion_only_not_gold
EGNF1000-0991-f1b709da,rapidsai/cuml,[BUG] Treelite format needs to be updated to accommodate 32-bit and 64-bit floats,https://github.com/rapidsai/cuml/issues/1084,precision_tolerance,dtype_casting,dtype_casting,dtype_casting,dtype_casting,dtype_casting,dtype_casting,5,4,high,suggestion_only_not_gold
EGNF1000-0992-148d3ca6,rapidsai/cuml,[FEA] Check convergence before setting fit_status for SVM,https://github.com/rapidsai/cuml/issues/1631,precision_tolerance,dtype_casting,dtype_casting,dtype_casting,dtype_casting,nan_inf,dtype_casting,4,3,medium,suggestion_only_not_gold
EGNF1000-0993-da45fd5a,rapidsai/cuml,[FEA] Add implementation for average precision recall score.,https://github.com/rapidsai/cuml/issues/3311,precision_tolerance,dtype_casting,dtype_casting,dtype_casting,dtype_casting,overflow_underflow,dtype_casting,4,3,medium,suggestion_only_not_gold
EGNF1000-0994-14243767,rapidsai/cuml,[FEA] Support cuDF dataframes with Decimal dtype columns as input to estimators,https://github.com/rapidsai/cuml/issues/3580,precision_tolerance,dtype_casting,dtype_casting,dtype_casting,dtype_casting,dtype_casting,dtype_casting,5,4,high,suggestion_only_not_gold
EGNF1000-0995-810e1a5c,rapidsai/cuml,KMeans with `random_state` set isn't reproducible for `float32`,https://github.com/rapidsai/cuml/issues/5731,precision_tolerance,dtype_casting,dtype_casting,dtype_casting,dtype_casting,overflow_underflow,dtype_casting,4,3,medium,suggestion_only_not_gold
EGNF1000-0996-e4495709,rapidsai/cuml,[FEA] Better usage of NN Descent as knn build algo,https://github.com/rapidsai/cuml/issues/5942,precision_tolerance,dtype_casting,dtype_casting,dtype_casting,dtype_casting,overflow_underflow,dtype_casting,4,3,medium,suggestion_only_not_gold
EGNF1000-0997-33f52248,rapidsai/cuml,[BUG] Scipy 1.15 update causes failures in batched lbfgs pytest,https://github.com/rapidsai/cuml/issues/6210,precision_tolerance,dtype_casting,dtype_casting,dtype_casting,nan_inf,dtype_casting,dtype_casting,4,3,medium,suggestion_only_not_gold
EGNF1000-0998-e314dc05,rapidsai/cuml,"[BUG] Label-permutation invariance appears inconsistent for `homogeneity_score`, `completeness_score`, `v_measure_score`, and `mutual_info_score` in `cuml.metrics`",https://github.com/rapidsai/cuml/issues/7199,precision_tolerance,overflow_underflow,dtype_casting,dtype_casting,nan_inf,dtype_casting,dtype_casting,3,2,medium,suggestion_only_not_gold
EGNF1000-0999-abb35ce7,rapidsai/cuml,[QST] Mixed-Precision Support,https://github.com/rapidsai/cuml/issues/7478,precision_tolerance,dtype_casting,dtype_casting,dtype_casting,dtype_casting,dtype_casting,dtype_casting,5,4,high,suggestion_only_not_gold
EGNF1000-1000-ad891eb5,rapidsai/cuml,[CI] SmoSolverTest failures in conda-cpp-tests (all environments),https://github.com/rapidsai/cuml/issues/7603,precision_tolerance,dtype_casting,dtype_casting,dtype_casting,dtype_casting,overflow_underflow,dtype_casting,4,3,medium,suggestion_only_not_gold
