review_id,blind_id,repository,issue_number,url,title,github_labels,current_gold_primary_failure,candidate_weak_label_prediction,tfidf_linear_svm_prediction,expanded_gold_vote_ensemble_prediction,ensemble_vote_count,ensemble_vote_margin,selection_reasons,adjudicated_primary_failure,adjudicated_is_true_numerical_failure,adjudicated_confidence,adjudication_reason
V2-ADJ-001,GNF-0020-322072f7,cupy/cupy,8260,https://github.com/cupy/cupy/issues/8260,Runtime compilation failed - CUDA synchronization primitives are only supported for sm_70 and up,issue-checked,dtype_casting,crash_compile,crash_compile,crash_compile,2,0,ensemble_disagrees_with_current_gold|candidate_label_disagrees_with_current_gold|low_ensemble_vote_count|low_ensemble_margin|review_priority_class,crash_compile,no,high,"The dominant user-visible failure is a compile, build, runtime exception, or crash."
V2-ADJ-002,GNF-0089-074c6391,cupy/cupy,8697,https://github.com/cupy/cupy/issues/8697,Creating Array with Pinned Memory fails,cat:enhancement|prio:low,dtype_casting,needs_review,nan_inf,overflow_underflow,2,1,ensemble_disagrees_with_current_gold|candidate_label_disagrees_with_current_gold|low_ensemble_vote_count|low_ensemble_margin|review_priority_class,crash_compile,no,medium,"The dominant user-visible failure is a compile, build, runtime exception, or crash."
V2-ADJ-003,GNF-0186-6c92b3b9,cupy/cupy,5328,https://github.com/cupy/cupy/issues/5328,Unexpected error while assigning array element,cat:bug|prio:high,overflow_underflow,crash_compile,crash_compile,crash_compile,3,1,ensemble_disagrees_with_current_gold|candidate_label_disagrees_with_current_gold|low_ensemble_vote_count|low_ensemble_margin|review_priority_class,crash_compile,no,high,"The dominant user-visible failure is a compile, build, runtime exception, or crash."
V2-ADJ-004,EGNF1000-0778-b65113df,jax-ml/jax,34512,https://github.com/jax-ml/jax/issues/34512,Unsupported ROCm Tests `tests/fused_attention_stablehlo_test.py`,bug|AMD GPU,dtype_casting,needs_review,crash_compile,crash_compile,2,0,ensemble_disagrees_with_current_gold|candidate_label_disagrees_with_current_gold|low_ensemble_vote_count|low_ensemble_margin|review_priority_class,dtype_casting,yes,high,"The report centers on dtype support, conversion, promotion, or type-specific behavior."
V2-ADJ-005,EGNF1000-0976-db0ca9f0,jax-ml/jax,34330,https://github.com/jax-ml/jax/issues/34330,Avoid extraneous upcast in backwards pass of dot_general,bug|skill issue,dtype_casting,precision_tolerance,precision_tolerance,precision_tolerance,3,1,ensemble_disagrees_with_current_gold|candidate_label_disagrees_with_current_gold|low_ensemble_vote_count|low_ensemble_margin|review_priority_class,dtype_casting,yes,high,"The report centers on dtype support, conversion, promotion, or type-specific behavior."
V2-ADJ-006,GNF-0093-6cb318e0,jax-ml/jax,21708,https://github.com/jax-ml/jax/issues/21708,"ndarray.at.set(mode=""drop"") gives incorrect value for the last element in the array",bug,not_numerical_failure,needs_review,not_numerical_failure,nan_inf,2,1,ensemble_disagrees_with_current_gold|candidate_label_disagrees_with_current_gold|low_ensemble_vote_count|low_ensemble_margin|review_priority_class,precision_tolerance,yes,high,"The report centers on wrong numerical output, accuracy, tolerance, nondeterminism, or approximate arithmetic."
V2-ADJ-007,GNF-0142-fd6a822f,jax-ml/jax,32136,https://github.com/jax-ml/jax/issues/32136,`jaxlib.xla_extension.XlaRuntimeError: INTERNAL: unsupported operands type` on f64 but not on f32,bug,overflow_underflow,precision_tolerance,dtype_casting,dtype_casting,2,0,ensemble_disagrees_with_current_gold|candidate_label_disagrees_with_current_gold|low_ensemble_vote_count|low_ensemble_margin|review_priority_class,dtype_casting,yes,high,"The report centers on dtype support, conversion, promotion, or type-specific behavior."
V2-ADJ-008,GNF-0175-551fdc3c,jax-ml/jax,37389,https://github.com/jax-ml/jax/issues/37389,jax.custom_jvp produces non-deterministically wrong results (exact +2 offset) when called via vmap after processing other custom-pytree types in the same process,bug,not_numerical_failure,needs_review,overflow_underflow,dtype_casting,2,1,ensemble_disagrees_with_current_gold|candidate_label_disagrees_with_current_gold|low_ensemble_vote_count|low_ensemble_margin|review_priority_class,precision_tolerance,yes,high,"The report centers on wrong numerical output, accuracy, tolerance, nondeterminism, or approximate arithmetic."
V2-ADJ-009,EGNF1000-0946-13e25b18,numba/numba,6465,https://github.com/numba/numba/issues/6465,PPC lowering error from changes on optimization passes,bug|llvm|ISA: POWER,overflow_underflow,precision_tolerance,precision_tolerance,precision_tolerance,2,0,ensemble_disagrees_with_current_gold|candidate_label_disagrees_with_current_gold|low_ensemble_vote_count|low_ensemble_margin|review_priority_class,crash_compile,no,high,"The dominant user-visible failure is a compile, build, runtime exception, or crash."
V2-ADJ-010,GNF-0031-dff9514d,numba/numba,3203,https://github.com/numba/numba/issues/3203,numba.cuda.detect() feature request,feature_request|CUDA|good first issue,dtype_casting,precision_tolerance,precision_tolerance,precision_tolerance,3,1,ensemble_disagrees_with_current_gold|candidate_label_disagrees_with_current_gold|low_ensemble_vote_count|low_ensemble_margin|review_priority_class,not_numerical_failure,no,high,The report is primarily a feature or design request rather than a numerical failure.
V2-ADJ-011,GNF-0091-f2cd4055,numba/numba,5640,https://github.com/numba/numba/issues/5640,guvectorize-CUDA broadcast fail,bug|CUDA,dtype_casting,precision_tolerance,dtype_casting,precision_tolerance,3,1,ensemble_disagrees_with_current_gold|candidate_label_disagrees_with_current_gold|low_ensemble_vote_count|low_ensemble_margin|review_priority_class,dtype_casting,yes,high,"The report centers on dtype support, conversion, promotion, or type-specific behavior."
V2-ADJ-012,GNF-0101-ca19a99c,numba/numba,10353,https://github.com/numba/numba/issues/10353,"wsl Linker error log: ERROR 4 in nvvmAddNVVMContainerToProgram, may need newer version of nvJitLink library",,not_numerical_failure,needs_review,crash_compile,crash_compile,2,0,ensemble_disagrees_with_current_gold|candidate_label_disagrees_with_current_gold|low_ensemble_vote_count|low_ensemble_margin|review_priority_class,crash_compile,no,high,"The dominant user-visible failure is a compile, build, runtime exception, or crash."
V2-ADJ-013,GNF-0178-7e3074ef,numba/numba,10116,https://github.com/numba/numba/issues/10116,[Feature request] Vulkan Target,feature_request,not_numerical_failure,performance_only,overflow_underflow,overflow_underflow,2,0,ensemble_disagrees_with_current_gold|candidate_label_disagrees_with_current_gold|low_ensemble_vote_count|low_ensemble_margin|review_priority_class,not_numerical_failure,no,high,The report is primarily a feature or design request rather than a numerical failure.
V2-ADJ-014,EGNF1000-0830-7216e65d,pytorch/pytorch,174469,https://github.com/pytorch/pytorch/issues/174469,[RFC] Overview of Test Case Refactoring in PyTorch,feature|module: tests|triaged|module: backend|module: PrivateUse1|bot-triaged,not_numerical_failure,needs_review,dtype_casting,dtype_casting,2,0,ensemble_disagrees_with_current_gold|candidate_label_disagrees_with_current_gold|low_ensemble_vote_count|low_ensemble_margin|review_priority_class,not_numerical_failure,no,high,The report is primarily a feature or design request rather than a numerical failure.
V2-ADJ-015,GNF-0066-103332ec,pytorch/pytorch,169146,https://github.com/pytorch/pytorch/issues/169146,bad numerics for variable length attention with cudnn,module: cudnn|triaged|module: sdpa,dtype_casting,precision_tolerance,precision_tolerance,precision_tolerance,2,0,ensemble_disagrees_with_current_gold|candidate_label_disagrees_with_current_gold|low_ensemble_vote_count|low_ensemble_margin|review_priority_class,precision_tolerance,yes,medium,"The report centers on wrong numerical output, accuracy, tolerance, nondeterminism, or approximate arithmetic."
V2-ADJ-016,GNF-0087-b5fe68e9,pytorch/pytorch,182952,https://github.com/pytorch/pytorch/issues/182952,"hipBLASLt path ignores backward fp16_alt_impl for Half GEMMs, causing FTZ in backward and silent training divergence on gfx90a",triage review|module: numerical-stability|module: autograd|module: rocm|module: regression|has workaround|module: half|module: linear algebra|module: correctness (silent)|bot-triaged,dtype_casting,overflow_underflow,overflow_underflow,overflow_underflow,3,1,ensemble_disagrees_with_current_gold|candidate_label_disagrees_with_current_gold|low_ensemble_vote_count|low_ensemble_margin|review_priority_class,overflow_underflow,yes,medium,"The visible numerical symptom is overflow, underflow, saturation, or out-of-range behavior."
V2-ADJ-017,EGNF1000-0034-fbd5bace,rapidsai/cudf,5694,https://github.com/rapidsai/cudf/issues/5694,[BUG] cudf.read_csv doesn't detect byte order mark (BOM) at start of file.,bug|libcudf|cuIO,dtype_casting,precision_tolerance,precision_tolerance,precision_tolerance,3,1,ensemble_disagrees_with_current_gold|candidate_label_disagrees_with_current_gold|low_ensemble_vote_count|low_ensemble_margin|review_priority_class,not_numerical_failure,no,medium,The issue does not show an explicit numerical correctness failure.
V2-ADJ-018,EGNF1000-0578-f29ba210,rapidsai/cudf,12497,https://github.com/rapidsai/cudf/issues/12497,[FEA] category dtype support in parquet reader,feature request|0 - Backlog|libcudf|Python|cuIO,not_numerical_failure,dtype_casting,dtype_casting,dtype_casting,3,1,ensemble_disagrees_with_current_gold|candidate_label_disagrees_with_current_gold|low_ensemble_vote_count|low_ensemble_margin|review_priority_class,not_numerical_failure,no,high,The report is primarily a feature or design request rather than a numerical failure.
V2-ADJ-019,EGNF1000-0841-3b46b48f,rapidsai/cudf,13309,https://github.com/rapidsai/cudf/issues/13309,[DOC] dask-cudf starter example on docs page fails,doc,not_numerical_failure,needs_review,precision_tolerance,precision_tolerance,2,0,ensemble_disagrees_with_current_gold|candidate_label_disagrees_with_current_gold|low_ensemble_vote_count|low_ensemble_margin|review_priority_class,not_numerical_failure,no,high,The report is primarily documentation-related rather than a numerical failure.
V2-ADJ-020,GNF-0044-58d8c7b3,rapidsai/cudf,13233,https://github.com/rapidsai/cudf/issues/13233,[DOC] please update for Cuda 12xx,doc,not_numerical_failure,crash_compile,overflow_underflow,overflow_underflow,3,1,ensemble_disagrees_with_current_gold|candidate_label_disagrees_with_current_gold|low_ensemble_vote_count|low_ensemble_margin|review_priority_class,not_numerical_failure,no,high,The report is primarily documentation-related rather than a numerical failure.
V2-ADJ-021,GNF-0054-d98d7afd,rapidsai/cudf,2543,https://github.com/rapidsai/cudf/issues/2543,"[BUG] dask_cudf, groupby mean is numerically instable",bug,not_numerical_failure,crash_compile,dtype_casting,dtype_casting,2,0,ensemble_disagrees_with_current_gold|candidate_label_disagrees_with_current_gold|low_ensemble_vote_count|low_ensemble_margin|review_priority_class,precision_tolerance,yes,high,"The report centers on wrong numerical output, accuracy, tolerance, nondeterminism, or approximate arithmetic."
V2-ADJ-022,GNF-0155-6ad1750a,rapidsai/cudf,20484,https://github.com/rapidsai/cudf/issues/20484,[FEA]: Change default cudf-polars stream pool policy to `pool`,feature request|cudf-polars,not_numerical_failure,performance_only,crash_compile,crash_compile,2,0,ensemble_disagrees_with_current_gold|candidate_label_disagrees_with_current_gold|low_ensemble_vote_count|low_ensemble_margin|review_priority_class,not_numerical_failure,no,high,The report is primarily a feature or design request rather than a numerical failure.
V2-ADJ-023,EGNF1000-0653-1a746736,rapidsai/cuml,6736,https://github.com/rapidsai/cuml/issues/6736,`ElasticNet.fit` causes cublas error on large enough data,bug,overflow_underflow,dtype_casting,precision_tolerance,precision_tolerance,2,0,ensemble_disagrees_with_current_gold|candidate_label_disagrees_with_current_gold|low_ensemble_vote_count|low_ensemble_margin|review_priority_class,crash_compile,no,high,"The dominant user-visible failure is a compile, build, runtime exception, or crash."
V2-ADJ-024,EGNF1000-0695-cdf254ae,rapidsai/cuml,6046,https://github.com/rapidsai/cuml/issues/6046,Serialization problem with GridSearchCV,,not_numerical_failure,dtype_casting,performance_only,crash_compile,2,1,ensemble_disagrees_with_current_gold|candidate_label_disagrees_with_current_gold|low_ensemble_vote_count|low_ensemble_margin|review_priority_class,not_numerical_failure,no,high,The issue does not show an explicit numerical correctness failure.
V2-ADJ-025,EGNF1000-0857-022ba166,rapidsai/cuml,5212,https://github.com/rapidsai/cuml/issues/5212,[BUG] Reduce memory footprint of mnmg kmeans,bug,performance_only,overflow_underflow,not_numerical_failure,not_numerical_failure,2,0,ensemble_disagrees_with_current_gold|candidate_label_disagrees_with_current_gold|low_ensemble_vote_count|low_ensemble_margin|review_priority_class,performance_only,no,high,"The dominant reported problem is speed, memory use, scheduling, or throughput rather than numerical correctness."
V2-ADJ-026,EGNF1000-0993-da45fd5a,rapidsai/cuml,3311,https://github.com/rapidsai/cuml/issues/3311,[FEA] Add implementation for average precision recall score.,feature request|inactive-30d|inactive-90d,not_numerical_failure,precision_tolerance,precision_tolerance,precision_tolerance,3,1,ensemble_disagrees_with_current_gold|candidate_label_disagrees_with_current_gold|low_ensemble_vote_count|low_ensemble_margin|review_priority_class,not_numerical_failure,no,high,The report is primarily a feature or design request rather than a numerical failure.
V2-ADJ-027,EGNF1000-0277-ccbd58b0,triton-lang/triton,4729,https://github.com/triton-lang/triton/issues/4729,/usr/bin/ld: cannot find -lNVGPUIR: No such file or directory,,dtype_casting,crash_compile,not_numerical_failure,not_numerical_failure,2,0,ensemble_disagrees_with_current_gold|candidate_label_disagrees_with_current_gold|low_ensemble_vote_count|low_ensemble_margin|review_priority_class,crash_compile,no,medium,"The dominant user-visible failure is a compile, build, runtime exception, or crash."
V2-ADJ-028,EGNF1000-0380-4be61aa7,triton-lang/triton,1129,https://github.com/triton-lang/triton/issues/1129,"Do tensors and corresponding operators such as reshape, ravel, dot in triton support >=3 dimensions?",question,not_numerical_failure,needs_review,not_numerical_failure,dtype_casting,2,1,ensemble_disagrees_with_current_gold|candidate_label_disagrees_with_current_gold|low_ensemble_vote_count|low_ensemble_margin|review_priority_class,not_numerical_failure,no,high,The report is a support/API question without an explicit numerical failure.
V2-ADJ-029,EGNF1000-0790-a5d860eb,triton-lang/triton,9247,https://github.com/triton-lang/triton/issues/9247,Feature Request: Optional 64-bit indexing for block pointer offsets,,performance_only,overflow_underflow,not_numerical_failure,not_numerical_failure,2,0,ensemble_disagrees_with_current_gold|candidate_label_disagrees_with_current_gold|low_ensemble_vote_count|low_ensemble_margin|review_priority_class,not_numerical_failure,no,high,The report is primarily a feature or design request rather than a numerical failure.
V2-ADJ-030,GNF-0064-6c864f3b,triton-lang/triton,211,https://github.com/triton-lang/triton/issues/211,Comparison with @jax.jit?,,overflow_underflow,needs_review,dtype_casting,dtype_casting,2,1,ensemble_disagrees_with_current_gold|candidate_label_disagrees_with_current_gold|low_ensemble_vote_count|low_ensemble_margin|review_priority_class,not_numerical_failure,no,medium,The issue does not show an explicit numerical correctness failure.
V2-ADJ-031,GNF-0099-8e08d802,triton-lang/triton,7354,https://github.com/triton-lang/triton/issues/7354,Pipeline failed while executing TritonGPUAllocateWarpGroups,bug,dtype_casting,precision_tolerance,crash_compile,crash_compile,2,0,ensemble_disagrees_with_current_gold|candidate_label_disagrees_with_current_gold|low_ensemble_vote_count|low_ensemble_margin|review_priority_class,crash_compile,no,high,"The dominant user-visible failure is a compile, build, runtime exception, or crash."
V2-ADJ-032,EGNF1000-0158-2c5a0cd1,jax-ml/jax,18535,https://github.com/jax-ml/jax/issues/18535,Test failures: numerical error in`tests/qdwh_test.py::QdwhTest::testQdwhWithOnRankDeficientInput5`,bug|contributions welcome|needs info|CPU,crash_compile,precision_tolerance,not_numerical_failure,dtype_casting,2,1,ensemble_disagrees_with_current_gold|candidate_label_disagrees_with_current_gold|low_ensemble_vote_count|low_ensemble_margin,precision_tolerance,yes,high,"The report centers on wrong numerical output, accuracy, tolerance, nondeterminism, or approximate arithmetic."
V2-ADJ-033,EGNF1000-0868-f1a0a577,jax-ml/jax,8853,https://github.com/jax-ml/jax/issues/8853,host_callback primitives are not usable under xla.lower_fun,bug|P2 (eventual),crash_compile,needs_review,precision_tolerance,precision_tolerance,2,0,ensemble_disagrees_with_current_gold|candidate_label_disagrees_with_current_gold|low_ensemble_vote_count|low_ensemble_margin,crash_compile,no,high,"The dominant user-visible failure is a compile, build, runtime exception, or crash."
V2-ADJ-034,EGNF1000-0869-584b4190,pytorch/pytorch,178317,https://github.com/pytorch/pytorch/issues/178317,[inductor] Tolerances in test_remove_no_ops have to be lowered with native matmul,module: tests|triaged|oncall: pt2|module: inductor|bot-triaged,precision_tolerance,needs_review,overflow_underflow,overflow_underflow,2,0,ensemble_disagrees_with_current_gold|candidate_label_disagrees_with_current_gold|low_ensemble_vote_count|low_ensemble_margin,precision_tolerance,yes,high,"The report centers on wrong numerical output, accuracy, tolerance, nondeterminism, or approximate arithmetic."
V2-ADJ-035,EGNF1000-0890-e093321c,pytorch/pytorch,169392,https://github.com/pytorch/pytorch/issues/169392,hipblaslt insufficient MI300 TF32 accuracy for certain pytorch unit tests,module: rocm|triaged|rocm-skipped-tests,precision_tolerance,needs_review,nan_inf,nan_inf,2,0,ensemble_disagrees_with_current_gold|candidate_label_disagrees_with_current_gold|low_ensemble_vote_count|low_ensemble_margin,dtype_casting,yes,high,"The report centers on dtype support, conversion, promotion, or type-specific behavior."
V2-ADJ-036,GNF-0057-44d428bb,pytorch/pytorch,109074,https://github.com/pytorch/pytorch/issues/109074,torch.compile/triton holding GIL during compilation and CompiledKernel call results in deadlocks during distributed training,triaged|oncall: pt2|module: inductor|upstream triton|module: compile-time,precision_tolerance,crash_compile,dtype_casting,nan_inf,2,1,ensemble_disagrees_with_current_gold|candidate_label_disagrees_with_current_gold|low_ensemble_vote_count|low_ensemble_margin,performance_only,no,medium,"The dominant reported problem is speed, memory use, scheduling, or throughput rather than numerical correctness."
V2-ADJ-037,GNF-0095-e46f2dc5,pytorch/pytorch,108670,https://github.com/pytorch/pytorch/issues/108670,torch.jit.script produces incorrect gradients,oncall: jit,precision_tolerance,needs_review,precision_tolerance,nan_inf,2,1,ensemble_disagrees_with_current_gold|candidate_label_disagrees_with_current_gold|low_ensemble_vote_count|low_ensemble_margin,precision_tolerance,yes,high,"The report centers on wrong numerical output, accuracy, tolerance, nondeterminism, or approximate arithmetic."
V2-ADJ-038,GNF-0159-f17202a4,pytorch/pytorch,182554,https://github.com/pytorch/pytorch/issues/182554,Release 2.12 validations checklist and cherry-picks,triaged|release tracker,precision_tolerance,crash_compile,dtype_casting,nan_inf,2,1,ensemble_disagrees_with_current_gold|candidate_label_disagrees_with_current_gold|low_ensemble_vote_count|low_ensemble_margin,not_numerical_failure,no,medium,The issue does not show an explicit numerical correctness failure.
V2-ADJ-039,EGNF1000-0344-80405f35,rapidsai/cudf,11247,https://github.com/rapidsai/cudf/issues/11247,[BUG] AllocateLikeTest fails when run with CUDA memory resource,bug|libcudf,crash_compile,needs_review,not_numerical_failure,not_numerical_failure,2,1,ensemble_disagrees_with_current_gold|candidate_label_disagrees_with_current_gold|low_ensemble_vote_count|low_ensemble_margin,crash_compile,no,high,"The dominant user-visible failure is a compile, build, runtime exception, or crash."
V2-ADJ-040,EGNF1000-0346-65022442,rapidsai/cudf,14676,https://github.com/rapidsai/cudf/issues/14676,[DOC] `10 Minutes to cuDF And Dask-cuDF` notebook shows jitify warning,doc,precision_tolerance,needs_review,not_numerical_failure,not_numerical_failure,2,0,ensemble_disagrees_with_current_gold|candidate_label_disagrees_with_current_gold|low_ensemble_vote_count|low_ensemble_margin,not_numerical_failure,no,high,The report is primarily documentation-related rather than a numerical failure.
V2-ADJ-041,GNF-0176-0884dd43,rapidsai/cudf,28,https://github.com/rapidsai/cudf/issues/28,Support for windows?,feature request|Python|CMake,precision_tolerance,needs_review,performance_only,dtype_casting,2,1,ensemble_disagrees_with_current_gold|candidate_label_disagrees_with_current_gold|low_ensemble_vote_count|low_ensemble_margin,not_numerical_failure,no,high,The report is primarily a feature or design request rather than a numerical failure.
V2-ADJ-042,EGNF1000-0251-e6604485,rapidsai/cuml,3577,https://github.com/rapidsai/cuml/issues/3577,[FEA] In-place k-select for sparse knn on string matching,feature request|inactive-30d|inactive-90d,precision_tolerance,performance_only,not_numerical_failure,overflow_underflow,2,1,ensemble_disagrees_with_current_gold|candidate_label_disagrees_with_current_gold|low_ensemble_vote_count|low_ensemble_margin,not_numerical_failure,no,high,The report is primarily a feature or design request rather than a numerical failure.
V2-ADJ-043,EGNF1000-0949-b0380285,rapidsai/cuml,7705,https://github.com/rapidsai/cuml/issues/7705,[CI] Flaky SG_TSNE_TEST failure with BreastCancer dataset and KNN Barnes-Hut,bug|ci|flaky,crash_compile,precision_tolerance,precision_tolerance,precision_tolerance,3,1,ensemble_disagrees_with_current_gold|candidate_label_disagrees_with_current_gold|low_ensemble_vote_count|low_ensemble_margin,crash_compile,no,high,"The dominant user-visible failure is a compile, build, runtime exception, or crash."
V2-ADJ-044,GNF-0118-6cddc10b,triton-lang/triton,506,https://github.com/triton-lang/triton/issues/506,[Feature Request] Support `__pow__` builtin,enhancement,nan_inf,crash_compile,dtype_casting,crash_compile,3,1,ensemble_disagrees_with_current_gold|candidate_label_disagrees_with_current_gold|low_ensemble_vote_count|low_ensemble_margin,not_numerical_failure,no,high,The report is primarily a feature or design request rather than a numerical failure.
V2-ADJ-045,EGNF1000-0918-19d5d210,cupy/cupy,8633,https://github.com/cupy/cupy/issues/8633,Can't compile on Arch Linux with `cudnn 9.2.1.18` and cuda `12.6.1`,issue-checked,overflow_underflow,overflow_underflow,precision_tolerance,precision_tolerance,3,1,ensemble_disagrees_with_current_gold|low_ensemble_vote_count|low_ensemble_margin|review_priority_class,crash_compile,no,high,"The dominant user-visible failure is a compile, build, runtime exception, or crash."
V2-ADJ-046,GNF-0005-80aeca70,cupy/cupy,6715,https://github.com/cupy/cupy/issues/6715,Wrong overflow with matmul of uint16 arrays,cat:bug|prio:high,overflow_underflow,overflow_underflow,dtype_casting,dtype_casting,3,1,ensemble_disagrees_with_current_gold|low_ensemble_vote_count|low_ensemble_margin|review_priority_class,overflow_underflow,yes,high,"The visible numerical symptom is overflow, underflow, saturation, or out-of-range behavior."
V2-ADJ-047,GNF-0112-9ee80d72,cupy/cupy,9558,https://github.com/cupy/cupy/issues/9558,Make CCCL compilation warning-free,contribution welcome|prio:low|cat:code-fix,dtype_casting,crash_compile,overflow_underflow,overflow_underflow,3,2,ensemble_disagrees_with_current_gold|candidate_label_disagrees_with_current_gold|low_ensemble_vote_count|review_priority_class,not_numerical_failure,no,medium,The issue does not show an explicit numerical correctness failure.
V2-ADJ-048,GNF-0127-32017a62,cupy/cupy,5424,https://github.com/cupy/cupy/issues/5424,cupy gives Unknown error,issue-checked,overflow_underflow,overflow_underflow,dtype_casting,dtype_casting,3,1,ensemble_disagrees_with_current_gold|low_ensemble_vote_count|low_ensemble_margin|review_priority_class,crash_compile,no,high,"The dominant user-visible failure is a compile, build, runtime exception, or crash."
V2-ADJ-049,GNF-0133-3e76eecf,cupy/cupy,6535,https://github.com/cupy/cupy/issues/6535,```cupyx.scipy.ndimage.zoom``` returns incorrect values,cat:bug,overflow_underflow,dtype_casting,nan_inf,nan_inf,3,2,ensemble_disagrees_with_current_gold|candidate_label_disagrees_with_current_gold|low_ensemble_vote_count|review_priority_class,precision_tolerance,yes,high,"The report centers on wrong numerical output, accuracy, tolerance, nondeterminism, or approximate arithmetic."
V2-ADJ-050,GNF-0136-a301f54e,cupy/cupy,7978,https://github.com/cupy/cupy/issues/7978,Performance Degradation in CuPy cuFFT: Runtime Increases from 6 Minutes to 10 Hours After Doubling Input Array Size,issue-checked,overflow_underflow,performance_only,dtype_casting,dtype_casting,3,2,ensemble_disagrees_with_current_gold|candidate_label_disagrees_with_current_gold|low_ensemble_vote_count|review_priority_class,performance_only,no,high,"The dominant reported problem is speed, memory use, scheduling, or throughput rather than numerical correctness."
V2-ADJ-051,GNF-0137-1f5e2c55,cupy/cupy,7058,https://github.com/cupy/cupy/issues/7058,`cupyx.scipy.sparse.block_diag` working with cupy sparse matrix on GPU,contribution welcome|cat:feature|good first issue,performance_only,performance_only,dtype_casting,dtype_casting,2,0,ensemble_disagrees_with_current_gold|low_ensemble_vote_count|low_ensemble_margin|review_priority_class,performance_only,no,high,"The dominant reported problem is speed, memory use, scheduling, or throughput rather than numerical correctness."
V2-ADJ-052,GNF-0187-2664d182,cupy/cupy,2742,https://github.com/cupy/cupy/issues/2742,Discussion on multi-GPU support for cuFFT and cuSOLVER,cat:feature|pr-ongoing,overflow_underflow,performance_only,not_numerical_failure,not_numerical_failure,3,2,ensemble_disagrees_with_current_gold|candidate_label_disagrees_with_current_gold|low_ensemble_vote_count|review_priority_class,not_numerical_failure,no,high,The report is primarily a feature or design request rather than a numerical failure.
V2-ADJ-053,EGNF1000-0227-0d31e64e,jax-ml/jax,37412,https://github.com/jax-ml/jax/issues/37412,jaxlib: malformed pickled PyTreeDef can crash flatten_up_to,bug,overflow_underflow,crash_compile,overflow_underflow,crash_compile,3,2,ensemble_disagrees_with_current_gold|candidate_label_disagrees_with_current_gold|low_ensemble_vote_count|review_priority_class,crash_compile,no,high,"The dominant user-visible failure is a compile, build, runtime exception, or crash."
V2-ADJ-054,EGNF1000-0537-e2722855,jax-ml/jax,18874,https://github.com/jax-ml/jax/issues/18874,Segfault when using debug callback,bug|needs info|TPU,overflow_underflow,overflow_underflow,precision_tolerance,precision_tolerance,3,1,ensemble_disagrees_with_current_gold|low_ensemble_vote_count|low_ensemble_margin|review_priority_class,crash_compile,no,medium,"The dominant user-visible failure is a compile, build, runtime exception, or crash."
V2-ADJ-055,EGNF1000-0611-69dad14f,jax-ml/jax,23337,https://github.com/jax-ml/jax/issues/23337,`jnp.pow()` triggers dtype promotion when it should not,bug,dtype_casting,dtype_casting,precision_tolerance,precision_tolerance,3,1,ensemble_disagrees_with_current_gold|low_ensemble_vote_count|low_ensemble_margin|review_priority_class,dtype_casting,yes,high,"The report centers on dtype support, conversion, promotion, or type-specific behavior."
V2-ADJ-056,EGNF1000-0711-53cec17c,jax-ml/jax,12145,https://github.com/jax-ml/jax/issues/12145,Float16 behavior affect by jax_enable_x64,bug,dtype_casting,dtype_casting,dtype_casting,precision_tolerance,3,1,ensemble_disagrees_with_current_gold|low_ensemble_vote_count|low_ensemble_margin|review_priority_class,dtype_casting,yes,high,"The report centers on dtype support, conversion, promotion, or type-specific behavior."
V2-ADJ-057,GNF-0052-c0b07407,jax-ml/jax,36886,https://github.com/jax-ml/jax/issues/36886,shard_map + grad produces unexpected results on multi-device,bug,dtype_casting,precision_tolerance,not_numerical_failure,not_numerical_failure,3,2,ensemble_disagrees_with_current_gold|candidate_label_disagrees_with_current_gold|low_ensemble_vote_count|review_priority_class,dtype_casting,yes,high,"The report centers on dtype support, conversion, promotion, or type-specific behavior."
V2-ADJ-058,GNF-0074-c730bac3,jax-ml/jax,30874,https://github.com/jax-ml/jax/issues/30874,Conda Installation with Cuda,,not_numerical_failure,overflow_underflow,dtype_casting,dtype_casting,3,2,ensemble_disagrees_with_current_gold|candidate_label_disagrees_with_current_gold|low_ensemble_vote_count|review_priority_class,not_numerical_failure,no,high,The issue does not show an explicit numerical correctness failure.
V2-ADJ-059,GNF-0123-b044c5aa,jax-ml/jax,24680,https://github.com/jax-ml/jax/issues/24680,DLPack Support for np.uint16 seems broken,bug,dtype_casting,dtype_casting,not_numerical_failure,not_numerical_failure,2,0,ensemble_disagrees_with_current_gold|low_ensemble_vote_count|low_ensemble_margin|review_priority_class,not_numerical_failure,no,high,The report is a support/API question without an explicit numerical failure.
V2-ADJ-060,GNF-0051-53841ba4,numba/numba,4713,https://github.com/numba/numba/issues/4713,Numba is not detecting the icc_rt libraries when installed with pip,wheels|installation,not_numerical_failure,crash_compile,crash_compile,crash_compile,3,2,ensemble_disagrees_with_current_gold|candidate_label_disagrees_with_current_gold|low_ensemble_vote_count|review_priority_class,not_numerical_failure,no,high,The issue does not show an explicit numerical correctness failure.
V2-ADJ-061,GNF-0055-6da9303a,numba/numba,2011,https://github.com/numba/numba/issues/2011,improve cuda gufunc: multiple output arguments,feature_request|CUDA,not_numerical_failure,dtype_casting,nan_inf,nan_inf,3,2,ensemble_disagrees_with_current_gold|candidate_label_disagrees_with_current_gold|low_ensemble_vote_count|review_priority_class,not_numerical_failure,no,high,The report is primarily a feature or design request rather than a numerical failure.
V2-ADJ-062,GNF-0068-abb65bf7,numba/numba,7324,https://github.com/numba/numba/issues/7324,fast_matmul in docs example not working properly - returning wrong results,CUDA|bug - incorrect behavior|bug - documentation incorrect,dtype_casting,dtype_casting,precision_tolerance,precision_tolerance,3,1,ensemble_disagrees_with_current_gold|low_ensemble_vote_count|low_ensemble_margin|review_priority_class,not_numerical_failure,no,high,The report is primarily documentation-related rather than a numerical failure.
V2-ADJ-063,GNF-0107-36abe955,numba/numba,4247,https://github.com/numba/numba/issues/4247,Dead Kernel WSL Debian on np.arctan(),bug|windows,not_numerical_failure,needs_review,nan_inf,nan_inf,3,2,ensemble_disagrees_with_current_gold|candidate_label_disagrees_with_current_gold|low_ensemble_vote_count|review_priority_class,not_numerical_failure,no,high,The issue does not show an explicit numerical correctness failure.
V2-ADJ-064,GNF-0116-96b537db,numba/numba,4449,https://github.com/numba/numba/issues/4449,Incorrect output dtype for operations on arrays and scalars,bug,dtype_casting,precision_tolerance,dtype_casting,overflow_underflow,3,2,ensemble_disagrees_with_current_gold|candidate_label_disagrees_with_current_gold|low_ensemble_vote_count|review_priority_class,dtype_casting,yes,high,"The report centers on dtype support, conversion, promotion, or type-specific behavior."
V2-ADJ-065,GNF-0174-e7b5adf3,numba/numba,9109,https://github.com/numba/numba/issues/9109,various seg faults on Debian arm64 with numba 0.57.1,bug - segfault,overflow_underflow,crash_compile,dtype_casting,dtype_casting,3,2,ensemble_disagrees_with_current_gold|candidate_label_disagrees_with_current_gold|low_ensemble_vote_count|review_priority_class,overflow_underflow,yes,high,"The visible numerical symptom is overflow, underflow, saturation, or out-of-range behavior."
V2-ADJ-066,EGNF1000-0324-3cf41050,pytorch/pytorch,115416,https://github.com/pytorch/pytorch/issues/115416,torch.nn.functional.embedding segmentation fault on large negative ids,module: crash|triaged|module: int overflow|module: edge cases,overflow_underflow,dtype_casting,nan_inf,nan_inf,3,2,ensemble_disagrees_with_current_gold|candidate_label_disagrees_with_current_gold|low_ensemble_vote_count|review_priority_class,crash_compile,no,high,"The dominant user-visible failure is a compile, build, runtime exception, or crash."
V2-ADJ-067,EGNF1000-0332-2fb17776,pytorch/pytorch,153071,https://github.com/pytorch/pytorch/issues/153071,Link check fails on link from comment in torch/_inductor/codegen/cpp.py to Stack Overflow,module: lint|triaged|actionable,overflow_underflow,overflow_underflow,overflow_underflow,precision_tolerance,3,1,ensemble_disagrees_with_current_gold|low_ensemble_vote_count|low_ensemble_margin|review_priority_class,overflow_underflow,yes,high,"The visible numerical symptom is overflow, underflow, saturation, or out-of-range behavior."
V2-ADJ-068,EGNF1000-0575-08702b00,pytorch/pytorch,65815,https://github.com/pytorch/pytorch/issues/65815,Overflow error in torch.linalg uncaught,high priority|module: numerical-stability|triaged|module: multithreading|module: linear algebra|module: correctness (silent)|module: reductions,overflow_underflow,overflow_underflow,overflow_underflow,precision_tolerance,3,1,ensemble_disagrees_with_current_gold|low_ensemble_vote_count|low_ensemble_margin|review_priority_class,overflow_underflow,yes,high,"The visible numerical symptom is overflow, underflow, saturation, or out-of-range behavior."
V2-ADJ-069,EGNF1000-0627-71bd8bb3,pytorch/pytorch,149187,https://github.com/pytorch/pytorch/issues/149187,Issue with Shared CUDA Tensor Reference Counting in Multi-Processing,module: multiprocessing|module: cuda|triaged,not_numerical_failure,dtype_casting,crash_compile,crash_compile,3,2,ensemble_disagrees_with_current_gold|candidate_label_disagrees_with_current_gold|low_ensemble_vote_count|review_priority_class,not_numerical_failure,no,high,The issue does not show an explicit numerical correctness failure.
V2-ADJ-070,EGNF1000-0678-588c853d,pytorch/pytorch,180019,https://github.com/pytorch/pytorch/issues/180019,DISABLED test_combo_kernel_yz_overflow (__main__.ComboKernelTests),module: rocm|module: tests|triaged|skipped|oncall: pt2|module: inductor|bot-triaged,overflow_underflow,needs_review,precision_tolerance,precision_tolerance,3,2,ensemble_disagrees_with_current_gold|candidate_label_disagrees_with_current_gold|low_ensemble_vote_count|review_priority_class,overflow_underflow,yes,high,"The visible numerical symptom is overflow, underflow, saturation, or out-of-range behavior."
V2-ADJ-071,EGNF1000-0684-0fa9d591,pytorch/pytorch,182766,https://github.com/pytorch/pytorch/issues/182766,`torch.compile` crashes on SDPA backward when head_dim is not a multiple of 16,triage review|triaged|oncall: pt2|module: inductor|module: sdpa|bot-triaged,overflow_underflow,dtype_casting,nan_inf,precision_tolerance,3,2,ensemble_disagrees_with_current_gold|candidate_label_disagrees_with_current_gold|low_ensemble_vote_count|review_priority_class,crash_compile,no,high,"The dominant user-visible failure is a compile, build, runtime exception, or crash."
V2-ADJ-072,EGNF1000-0732-9a4c7802,pytorch/pytorch,129122,https://github.com/pytorch/pytorch/issues/129122,Questions about CVE-2024-31583 and CVE-2024-31580,module: docs|triaged|security,overflow_underflow,overflow_underflow,precision_tolerance,precision_tolerance,3,1,ensemble_disagrees_with_current_gold|low_ensemble_vote_count|low_ensemble_margin|review_priority_class,not_numerical_failure,no,high,The report is primarily documentation-related rather than a numerical failure.
V2-ADJ-073,EGNF1000-0781-b2b5ad54,pytorch/pytorch,176975,https://github.com/pytorch/pytorch/issues/176975,DISABLED test_nan_assert_float8_e5m2 (__main__.ProcessGroupNCCLGroupTest),oncall: distributed|module: flaky-tests|skipped,dtype_casting,needs_review,precision_tolerance,precision_tolerance,3,2,ensemble_disagrees_with_current_gold|candidate_label_disagrees_with_current_gold|low_ensemble_vote_count|review_priority_class,dtype_casting,yes,high,"The report centers on dtype support, conversion, promotion, or type-specific behavior."
V2-ADJ-074,EGNF1000-0782-ef06f89e,pytorch/pytorch,177006,https://github.com/pytorch/pytorch/issues/177006,DISABLED test_nan_assert_float32 (__main__.ProcessGroupNCCLGroupTest),oncall: distributed|module: flaky-tests|skipped,not_numerical_failure,needs_review,crash_compile,dtype_casting,3,2,ensemble_disagrees_with_current_gold|candidate_label_disagrees_with_current_gold|low_ensemble_vote_count|review_priority_class,dtype_casting,yes,medium,"The report centers on dtype support, conversion, promotion, or type-specific behavior."
V2-ADJ-075,EGNF1000-0783-55e18c5b,pytorch/pytorch,177007,https://github.com/pytorch/pytorch/issues/177007,DISABLED test_nan_assert_float8_e4m3fn (__main__.ProcessGroupNCCLGroupTest),oncall: distributed|module: flaky-tests|skipped,dtype_casting,needs_review,precision_tolerance,precision_tolerance,3,2,ensemble_disagrees_with_current_gold|candidate_label_disagrees_with_current_gold|low_ensemble_vote_count|review_priority_class,dtype_casting,yes,high,"The report centers on dtype support, conversion, promotion, or type-specific behavior."
V2-ADJ-076,EGNF1000-0837-98351031,pytorch/pytorch,182446,https://github.com/pytorch/pytorch/issues/182446,Missing bounds check in round_size() causes zero-size block and double allocation,triage review|module: crash|module: cuda|module: correctness (silent)|module: int overflow|module: CUDACachingAllocator,overflow_underflow,overflow_underflow,nan_inf,nan_inf,3,1,ensemble_disagrees_with_current_gold|low_ensemble_vote_count|low_ensemble_margin|review_priority_class,overflow_underflow,yes,high,"The visible numerical symptom is overflow, underflow, saturation, or out-of-range behavior."
V2-ADJ-077,GNF-0135-51861a93,pytorch/pytorch,143288,https://github.com/pytorch/pytorch/issues/143288,EXCEPTION : /python3.11/distutils/core.py,needs reproduction|triaged|module: third_party|oncall: pt2,overflow_underflow,crash_compile,dtype_casting,dtype_casting,3,2,ensemble_disagrees_with_current_gold|candidate_label_disagrees_with_current_gold|low_ensemble_vote_count|review_priority_class,crash_compile,no,high,"The dominant user-visible failure is a compile, build, runtime exception, or crash."
V2-ADJ-078,EGNF1000-0444-321a4026,rapidsai/cudf,10426,https://github.com/rapidsai/cudf/issues/10426,[BUG] .to_parquet() and .to_csv() fails and get OOM with large DataFrames.,bug|libcudf|Python|cuIO|Performance,dtype_casting,dtype_casting,overflow_underflow,crash_compile,2,1,ensemble_disagrees_with_current_gold|low_ensemble_vote_count|low_ensemble_margin|review_priority_class,performance_only,no,high,"The dominant reported problem is speed, memory use, scheduling, or throughput rather than numerical correctness."
V2-ADJ-079,GNF-0026-8ee693c5,rapidsai/cudf,2283,https://github.com/rapidsai/cudf/issues/2283,[BUG] `len` after `fillna` operation uses way more memory than expected,bug|dask,performance_only,performance_only,dtype_casting,dtype_casting,2,0,ensemble_disagrees_with_current_gold|low_ensemble_vote_count|low_ensemble_margin|review_priority_class,performance_only,no,high,"The dominant reported problem is speed, memory use, scheduling, or throughput rather than numerical correctness."
V2-ADJ-080,GNF-0108-049dae8c,rapidsai/cudf,21095,https://github.com/rapidsai/cudf/issues/21095,[BUG] Transpose result of the DataFrame is incorrect,bug|Python|cudf.pandas,not_numerical_failure,overflow_underflow,overflow_underflow,overflow_underflow,3,2,ensemble_disagrees_with_current_gold|candidate_label_disagrees_with_current_gold|low_ensemble_vote_count|review_priority_class,precision_tolerance,yes,high,"The report centers on wrong numerical output, accuracy, tolerance, nondeterminism, or approximate arithmetic."
V2-ADJ-081,GNF-0145-13ae4b2a,rapidsai/cudf,18356,https://github.com/rapidsai/cudf/issues/18356,[QST] [Performance in pylibcudf with stream] Unexpected GIL ThreadSync and CUDASync in pylibcudf Parquet Reading,question,dtype_casting,performance_only,not_numerical_failure,not_numerical_failure,3,2,ensemble_disagrees_with_current_gold|candidate_label_disagrees_with_current_gold|low_ensemble_vote_count|review_priority_class,not_numerical_failure,no,high,The report is a support/API question without an explicit numerical failure.
V2-ADJ-082,GNF-0185-120804a6,rapidsai/cudf,20265,https://github.com/rapidsai/cudf/issues/20265,[BUG] Integer overflow in write_parquet for large tables.,bug|libcudf|cuIO,overflow_underflow,overflow_underflow,nan_inf,nan_inf,2,1,ensemble_disagrees_with_current_gold|low_ensemble_vote_count|low_ensemble_margin|review_priority_class,overflow_underflow,yes,high,"The visible numerical symptom is overflow, underflow, saturation, or out-of-range behavior."
V2-ADJ-083,EGNF1000-0213-80c94e48,rapidsai/cuml,1196,https://github.com/rapidsai/cuml/issues/1196,[BUG] [DEBT] THROW macro is unsafe,bug|? - Needs Triage|CUDA / C++|Tech Debt,overflow_underflow,crash_compile,overflow_underflow,precision_tolerance,3,2,ensemble_disagrees_with_current_gold|candidate_label_disagrees_with_current_gold|low_ensemble_vote_count|review_priority_class,overflow_underflow,yes,high,"The visible numerical symptom is overflow, underflow, saturation, or out-of-range behavior."
V2-ADJ-084,EGNF1000-0195-fc65d4ee,triton-lang/triton,1756,https://github.com/triton-lang/triton/issues/1756,triton always reports >0 register spills for kernels using sin/cos,,performance_only,precision_tolerance,crash_compile,crash_compile,3,2,ensemble_disagrees_with_current_gold|candidate_label_disagrees_with_current_gold|low_ensemble_vote_count|review_priority_class,performance_only,no,high,"The dominant reported problem is speed, memory use, scheduling, or throughput rather than numerical correctness."
V2-ADJ-085,EGNF1000-0530-610f50bc,triton-lang/triton,1942,https://github.com/triton-lang/triton/issues/1942,"fp16 tl.sigmoid: ""Failed to translate TritonGPU to LLVM IR""",,dtype_casting,dtype_casting,dtype_casting,precision_tolerance,3,1,ensemble_disagrees_with_current_gold|low_ensemble_vote_count|low_ensemble_margin|review_priority_class,dtype_casting,yes,high,"The report centers on dtype support, conversion, promotion, or type-specific behavior."
V2-ADJ-086,EGNF1000-0534-08710a68,triton-lang/triton,5632,https://github.com/triton-lang/triton/issues/5632,BarrierOp in AssertOp lowering can cause deadlock,bug,overflow_underflow,overflow_underflow,precision_tolerance,precision_tolerance,3,1,ensemble_disagrees_with_current_gold|low_ensemble_vote_count|low_ensemble_margin|review_priority_class,performance_only,no,medium,"The dominant reported problem is speed, memory use, scheduling, or throughput rather than numerical correctness."
V2-ADJ-087,EGNF1000-0599-9371918f,triton-lang/triton,2296,https://github.com/triton-lang/triton/issues/2296,INT8 overflow on matmul,,overflow_underflow,overflow_underflow,overflow_underflow,precision_tolerance,3,1,ensemble_disagrees_with_current_gold|low_ensemble_vote_count|low_ensemble_margin|review_priority_class,overflow_underflow,yes,high,"The visible numerical symptom is overflow, underflow, saturation, or out-of-range behavior."
V2-ADJ-088,EGNF1000-0664-a1d2fd78,triton-lang/triton,8518,https://github.com/triton-lang/triton/issues/8518,"For split_k > 1, microscaling works incorrectly.",bug,not_numerical_failure,dtype_casting,not_numerical_failure,crash_compile,3,2,ensemble_disagrees_with_current_gold|candidate_label_disagrees_with_current_gold|low_ensemble_vote_count|review_priority_class,precision_tolerance,yes,high,"The report centers on wrong numerical output, accuracy, tolerance, nondeterminism, or approximate arithmetic."
V2-ADJ-089,GNF-0094-5130df2b,triton-lang/triton,6054,https://github.com/triton-lang/triton/issues/6054,Microscaling dtypes in triton?,,overflow_underflow,needs_review,dtype_casting,dtype_casting,3,2,ensemble_disagrees_with_current_gold|candidate_label_disagrees_with_current_gold|low_ensemble_vote_count|review_priority_class,dtype_casting,yes,high,"The report centers on dtype support, conversion, promotion, or type-specific behavior."
V2-ADJ-090,EGNF1000-0009-39f6b041,jax-ml/jax,23007,https://github.com/jax-ml/jax/issues/23007,Finite precision error calculations always 0 under JIT with bfloat16,bug,precision_tolerance,precision_tolerance,dtype_casting,dtype_casting,3,1,ensemble_disagrees_with_current_gold|low_ensemble_vote_count|low_ensemble_margin,dtype_casting,yes,medium,"The report centers on dtype support, conversion, promotion, or type-specific behavior."
V2-ADJ-091,EGNF1000-0076-d51cfae4,jax-ml/jax,4115,https://github.com/jax-ml/jax/issues/4115,Performance of index_update on GPU with complex double data type,enhancement|performance|XLA|P2 (eventual)|NVIDIA GPU,precision_tolerance,precision_tolerance,dtype_casting,dtype_casting,3,1,ensemble_disagrees_with_current_gold|low_ensemble_vote_count|low_ensemble_margin,performance_only,no,high,"The dominant reported problem is speed, memory use, scheduling, or throughput rather than numerical correctness."
V2-ADJ-092,EGNF1000-0120-ebe1e750,jax-ml/jax,28416,https://github.com/jax-ml/jax/issues/28416,Unsupported conversion from f8E4M3FN to bf16 with rounding mode rtne,bug,precision_tolerance,precision_tolerance,precision_tolerance,dtype_casting,3,1,ensemble_disagrees_with_current_gold|low_ensemble_vote_count|low_ensemble_margin,dtype_casting,yes,high,"The report centers on dtype support, conversion, promotion, or type-specific behavior."
V2-ADJ-093,EGNF1000-0173-0cac6d02,jax-ml/jax,6685,https://github.com/jax-ml/jax/issues/6685,Caching bug for jax.experimental.callback.rewrite for `jit` call inside `custom_gradient`,bug|P2 (eventual),precision_tolerance,precision_tolerance,precision_tolerance,dtype_casting,3,1,ensemble_disagrees_with_current_gold|low_ensemble_vote_count|low_ensemble_margin,precision_tolerance,yes,high,"The report centers on wrong numerical output, accuracy, tolerance, nondeterminism, or approximate arithmetic."
V2-ADJ-094,EGNF1000-0306-88f8d112,jax-ml/jax,22249,https://github.com/jax-ml/jax/issues/22249,Incorrect cost_analysis() Flop Count on GPU for Dense layer/Dot product,duplicate,crash_compile,needs_review,not_numerical_failure,not_numerical_failure,3,2,ensemble_disagrees_with_current_gold|candidate_label_disagrees_with_current_gold|low_ensemble_vote_count,precision_tolerance,yes,high,"The report centers on wrong numerical output, accuracy, tolerance, nondeterminism, or approximate arithmetic."
V2-ADJ-095,EGNF1000-0400-e2904819,jax-ml/jax,24059,https://github.com/jax-ml/jax/issues/24059,Edge case: Normal CDF incorrect when called with extremely small integer value if location is specified as integer array,bug|needs info,nan_inf,nan_inf,precision_tolerance,precision_tolerance,3,1,ensemble_disagrees_with_current_gold|low_ensemble_vote_count|low_ensemble_margin,precision_tolerance,yes,high,"The report centers on wrong numerical output, accuracy, tolerance, nondeterminism, or approximate arithmetic."
V2-ADJ-096,EGNF1000-0668-a12f97c0,jax-ml/jax,23689,https://github.com/jax-ml/jax/issues/23689,Build issues with local CUDA installation,bug,precision_tolerance,needs_review,crash_compile,crash_compile,3,2,ensemble_disagrees_with_current_gold|candidate_label_disagrees_with_current_gold|low_ensemble_vote_count,precision_tolerance,yes,high,"The report centers on wrong numerical output, accuracy, tolerance, nondeterminism, or approximate arithmetic."
V2-ADJ-097,EGNF1000-0710-c692fe66,jax-ml/jax,10374,https://github.com/jax-ml/jax/issues/10374,"numerical instability under different shapes in `jnp.linalg.norm` when `ord=""fro""`",bug,precision_tolerance,dtype_casting,precision_tolerance,nan_inf,3,2,ensemble_disagrees_with_current_gold|candidate_label_disagrees_with_current_gold|low_ensemble_vote_count,precision_tolerance,yes,high,"The report centers on wrong numerical output, accuracy, tolerance, nondeterminism, or approximate arithmetic."
V2-ADJ-098,EGNF1000-0011-4ba5974e,numba/numba,7063,https://github.com/numba/numba/issues/7063,Numba installation scripts exhibit a race condition during parallel builds,bug - incorrect behavior,crash_compile,crash_compile,precision_tolerance,precision_tolerance,3,1,ensemble_disagrees_with_current_gold|low_ensemble_vote_count|low_ensemble_margin,crash_compile,no,high,"The dominant user-visible failure is a compile, build, runtime exception, or crash."
V2-ADJ-099,GNF-0096-cc3502f6,numba/numba,7095,https://github.com/numba/numba/issues/7095,numba build fails with TBB,question,precision_tolerance,needs_review,crash_compile,crash_compile,3,2,ensemble_disagrees_with_current_gold|candidate_label_disagrees_with_current_gold|low_ensemble_vote_count,not_numerical_failure,no,high,The report is a support/API question without an explicit numerical failure.
V2-ADJ-100,EGNF1000-0077-f00ad38d,pytorch/pytorch,183391,https://github.com/pytorch/pytorch/issues/183391,"torch.fmin with CUDA out=int16 casts inputs before computation, producing incorrect result",triage review|module: cuda|module: type promotion|module: edge cases|bot-triaged,precision_tolerance,precision_tolerance,nan_inf,nan_inf,3,1,ensemble_disagrees_with_current_gold|low_ensemble_vote_count|low_ensemble_margin,dtype_casting,yes,high,"The report centers on dtype support, conversion, promotion, or type-specific behavior."
V2-ADJ-101,EGNF1000-0126-aff4b1ad,pytorch/pytorch,181807,https://github.com/pytorch/pytorch/issues/181807,torch.linspace with integer dtype produces inconsistent results on CPU and CUDA,module: cuda|module: cpu|triaged|module: tensor creation|module: edge cases|bot-triaged|bot-mislabeled,precision_tolerance,precision_tolerance,overflow_underflow,overflow_underflow,3,1,ensemble_disagrees_with_current_gold|low_ensemble_vote_count|low_ensemble_margin,dtype_casting,yes,high,"The report centers on dtype support, conversion, promotion, or type-specific behavior."
V2-ADJ-102,EGNF1000-0325-a7b40dc1,pytorch/pytorch,135150,https://github.com/pytorch/pytorch/issues/135150,Undocumented fast pass behavior in nn.TransformerEncoderLayer causes failures in test_transformerencoderlayer_cuda_float32 (__main__.TestNNDeviceTypeCUDA),module: nn|triaged,nan_inf,nan_inf,nan_inf,precision_tolerance,3,1,ensemble_disagrees_with_current_gold|low_ensemble_vote_count|low_ensemble_margin,dtype_casting,yes,medium,"The report centers on dtype support, conversion, promotion, or type-specific behavior."
V2-ADJ-103,EGNF1000-0340-171b578f,pytorch/pytorch,178447,https://github.com/pytorch/pytorch/issues/178447,Dynamo `TritonHOPifier.call_run` doesn't propagate kernel_source -> `AssertionError`: Can't construct an AttrSource without a valid base source,triaged|has workaround|oncall: pt2|module: dynamo|module: user triton|bot-triaged,crash_compile,overflow_underflow,precision_tolerance,precision_tolerance,3,2,ensemble_disagrees_with_current_gold|candidate_label_disagrees_with_current_gold|low_ensemble_vote_count,crash_compile,no,high,"The dominant user-visible failure is a compile, build, runtime exception, or crash."
V2-ADJ-104,EGNF1000-0394-0478f57e,pytorch/pytorch,180156,https://github.com/pytorch/pytorch/issues/180156,GPU two-pass variance: intermediate squared values overflow float32. CPU Welford online algorithm avoids overflow.,module: numerical-stability|module: cuda|triaged|module: edge cases|bot-triaged,nan_inf,nan_inf,overflow_underflow,overflow_underflow,3,1,ensemble_disagrees_with_current_gold|low_ensemble_vote_count|low_ensemble_margin,overflow_underflow,yes,high,"The visible numerical symptom is overflow, underflow, saturation, or out-of-range behavior."
V2-ADJ-105,EGNF1000-0836-19f9c09a,pytorch/pytorch,181864,https://github.com/pytorch/pytorch/issues/181864,[Inductor] User kernel pointer arg with no `tl.load`/`tl.store` incorrectly eliminated when epilogue fusion enabled,triaged|oncall: pt2|module: inductor|bot-mislabeled,crash_compile,overflow_underflow,precision_tolerance,precision_tolerance,3,2,ensemble_disagrees_with_current_gold|candidate_label_disagrees_with_current_gold|low_ensemble_vote_count,precision_tolerance,yes,high,"The report centers on wrong numerical output, accuracy, tolerance, nondeterminism, or approximate arithmetic."
V2-ADJ-106,GNF-0073-9d1db2bf,pytorch/pytorch,182928,https://github.com/pytorch/pytorch/issues/182928,[Inductor] Filter extremely bad triton configs by device information for triton heuristics,module: performance|feature|triaged|oncall: pt2|module: inductor|bot-triaged,crash_compile,dtype_casting,performance_only,dtype_casting,3,2,ensemble_disagrees_with_current_gold|candidate_label_disagrees_with_current_gold|low_ensemble_vote_count,crash_compile,no,high,"The dominant user-visible failure is a compile, build, runtime exception, or crash."
V2-ADJ-107,EGNF1000-0503-7bb264d7,rapidsai/cudf,9065,https://github.com/rapidsai/cudf/issues/9065,[BUG] `cudaErrorInvalidValue` when creating cudf.Series from float16 CuPy Series,bug|Python,nan_inf,nan_inf,nan_inf,dtype_casting,3,1,ensemble_disagrees_with_current_gold|low_ensemble_vote_count|low_ensemble_margin,dtype_casting,yes,medium,"The report centers on dtype support, conversion, promotion, or type-specific behavior."
V2-ADJ-108,EGNF1000-0751-57f3c6c2,rapidsai/cudf,20752,https://github.com/rapidsai/cudf/issues/20752,[BUG] `cudf` and `cudf.pandas` error read mixed numeric and boolean data from csv,bug,crash_compile,overflow_underflow,precision_tolerance,precision_tolerance,3,2,ensemble_disagrees_with_current_gold|candidate_label_disagrees_with_current_gold|low_ensemble_vote_count,crash_compile,no,high,"The dominant user-visible failure is a compile, build, runtime exception, or crash."
V2-ADJ-109,GNF-0062-3cbef3ba,rapidsai/cudf,3554,https://github.com/rapidsai/cudf/issues/3554,cuDF failure when reading Avro files (Cannot parse metadata),bug|cuIO,nan_inf,nan_inf,not_numerical_failure,dtype_casting,2,1,ensemble_disagrees_with_current_gold|low_ensemble_vote_count|low_ensemble_margin,crash_compile,no,high,"The dominant user-visible failure is a compile, build, runtime exception, or crash."
V2-ADJ-110,GNF-0154-a389b1a4,rapidsai/cudf,15750,https://github.com/rapidsai/cudf/issues/15750,[BUG] double free or memory corruption when parsing some JSON,bug|libcudf|cuIO,nan_inf,needs_review,dtype_casting,dtype_casting,3,2,ensemble_disagrees_with_current_gold|candidate_label_disagrees_with_current_gold|low_ensemble_vote_count,nan_inf,yes,high,"The visible numerical symptom is NaN, Inf, or another non-finite value."
V2-ADJ-111,EGNF1000-0425-901b0426,rapidsai/cuml,5338,https://github.com/rapidsai/cuml/issues/5338,Got issue with OneHotEncoder output's datatype,information-requested|? - Needs Triage,nan_inf,nan_inf,nan_inf,precision_tolerance,3,1,ensemble_disagrees_with_current_gold|low_ensemble_vote_count|low_ensemble_margin,nan_inf,yes,high,"The visible numerical symptom is NaN, Inf, or another non-finite value."
V2-ADJ-112,EGNF1000-0446-fc8df679,rapidsai/cuml,4962,https://github.com/rapidsai/cuml/issues/4962,[BUG] Linear Regression: Hangs on non-finite inputs,bug|? - Needs Triage|Needs Reproducer|algo: linear-model,nan_inf,nan_inf,crash_compile,crash_compile,2,0,ensemble_disagrees_with_current_gold|low_ensemble_vote_count|low_ensemble_margin,nan_inf,yes,high,"The visible numerical symptom is NaN, Inf, or another non-finite value."
V2-ADJ-113,EGNF1000-0012-0d4ce1cb,triton-lang/triton,1393,https://github.com/triton-lang/triton/issues/1393,Stream-k matmul implementation very slow mostly because of if/else inside for loop,enhancement,precision_tolerance,precision_tolerance,crash_compile,crash_compile,2,0,ensemble_disagrees_with_current_gold|low_ensemble_vote_count|low_ensemble_margin,performance_only,no,high,"The dominant reported problem is speed, memory use, scheduling, or throughput rather than numerical correctness."
V2-ADJ-114,EGNF1000-0253-4e82cb3f,triton-lang/triton,2200,https://github.com/triton-lang/triton/issues/2200,feat(examples): implement vllm in triton,,precision_tolerance,performance_only,overflow_underflow,overflow_underflow,3,2,ensemble_disagrees_with_current_gold|candidate_label_disagrees_with_current_gold|low_ensemble_vote_count,precision_tolerance,yes,high,"The report centers on wrong numerical output, accuracy, tolerance, nondeterminism, or approximate arithmetic."
V2-ADJ-115,EGNF1000-0254-b4436a76,triton-lang/triton,237,https://github.com/triton-lang/triton/issues/237,Segfault when using blocksparse matmul in attention,,crash_compile,crash_compile,dtype_casting,dtype_casting,2,0,ensemble_disagrees_with_current_gold|low_ensemble_vote_count|low_ensemble_margin,crash_compile,no,high,"The dominant user-visible failure is a compile, build, runtime exception, or crash."
V2-ADJ-116,EGNF1000-0426-11b9f22d,triton-lang/triton,3491,https://github.com/triton-lang/triton/issues/3491,triton generates unnecessary shared memory stores/loads,performance,nan_inf,nan_inf,nan_inf,precision_tolerance,3,1,ensemble_disagrees_with_current_gold|low_ensemble_vote_count|low_ensemble_margin,performance_only,no,high,"The dominant reported problem is speed, memory use, scheduling, or throughput rather than numerical correctness."
V2-ADJ-117,EGNF1000-0475-84c6adf9,triton-lang/triton,9310,https://github.com/triton-lang/triton/issues/9310,[Bug] Numerical Overflow in nvfp4 Block-Scaled MMA: Accumulator Saturation at High Scale Factors,bug,nan_inf,nan_inf,overflow_underflow,overflow_underflow,2,0,ensemble_disagrees_with_current_gold|low_ensemble_vote_count|low_ensemble_margin,overflow_underflow,yes,high,"The visible numerical symptom is overflow, underflow, saturation, or out-of-range behavior."
V2-ADJ-118,EGNF1000-0662-1807e81a,triton-lang/triton,5522,https://github.com/triton-lang/triton/issues/5522,"max(tensor, axis = 1) doesn't work without TRITON_INTERPRET=1",bug|needs reproducer,nan_inf,nan_inf,precision_tolerance,precision_tolerance,3,1,ensemble_disagrees_with_current_gold|low_ensemble_vote_count|low_ensemble_margin,nan_inf,yes,high,"The visible numerical symptom is NaN, Inf, or another non-finite value."
V2-ADJ-119,EGNF1000-0863-760b7fec,triton-lang/triton,4219,https://github.com/triton-lang/triton/issues/4219,cross-compile triton kernels with tools/compile.py,,precision_tolerance,needs_review,overflow_underflow,overflow_underflow,3,2,ensemble_disagrees_with_current_gold|candidate_label_disagrees_with_current_gold|low_ensemble_vote_count,crash_compile,no,high,"The dominant user-visible failure is a compile, build, runtime exception, or crash."
V2-ADJ-120,EGNF1000-0956-fefca249,triton-lang/triton,4475,https://github.com/triton-lang/triton/issues/4475,[Bug] Compiler error in 06-fused-attention.py,,precision_tolerance,precision_tolerance,nan_inf,nan_inf,3,1,ensemble_disagrees_with_current_gold|low_ensemble_vote_count|low_ensemble_margin,crash_compile,no,high,"The dominant user-visible failure is a compile, build, runtime exception, or crash."
V2-ADJ-121,GNF-0019-965637d3,triton-lang/triton,10106,https://github.com/triton-lang/triton/issues/10106,[Bug] gluon warp specialized pipeline load nan from TMA input in certain cases,bug,nan_inf,nan_inf,performance_only,performance_only,2,0,ensemble_disagrees_with_current_gold|low_ensemble_vote_count|low_ensemble_margin,nan_inf,yes,high,"The visible numerical symptom is NaN, Inf, or another non-finite value."
V2-ADJ-122,GNF-0092-350f027f,triton-lang/triton,1670,https://github.com/triton-lang/triton/issues/1670,Functional Regression in Latest Main,bug,nan_inf,crash_compile,dtype_casting,dtype_casting,3,2,ensemble_disagrees_with_current_gold|candidate_label_disagrees_with_current_gold|low_ensemble_vote_count,nan_inf,yes,high,"The visible numerical symptom is NaN, Inf, or another non-finite value."
V2-ADJ-123,EGNF1000-0919-88e41cff,cupy/cupy,8731,https://github.com/cupy/cupy/issues/8731,Sparse CS Matrices: Index int32 dtype can overflow during concatenation,issue-checked,overflow_underflow,overflow_underflow,dtype_casting,precision_tolerance,3,2,ensemble_disagrees_with_current_gold|low_ensemble_vote_count|review_priority_class,overflow_underflow,yes,high,"The visible numerical symptom is overflow, underflow, saturation, or out-of-range behavior."
V2-ADJ-124,GNF-0113-e024c338,cupy/cupy,9785,https://github.com/cupy/cupy/issues/9785,Create a numpy_cupy_allclose with `NULP` (or similar) mechanism,cat:enhancement|prio:medium,dtype_casting,precision_tolerance,precision_tolerance,precision_tolerance,5,5,ensemble_disagrees_with_current_gold|candidate_label_disagrees_with_current_gold|review_priority_class,not_numerical_failure,no,medium,The issue does not show an explicit numerical correctness failure.
V2-ADJ-125,EGNF1000-0713-ec12f682,jax-ml/jax,12774,https://github.com/jax-ml/jax/issues/12774,Faster histogram implementation and slow existing JAX implementation,enhancement,overflow_underflow,overflow_underflow,nan_inf,nan_inf,3,2,ensemble_disagrees_with_current_gold|low_ensemble_vote_count|review_priority_class,performance_only,no,high,"The dominant reported problem is speed, memory use, scheduling, or throughput rather than numerical correctness."
V2-ADJ-126,EGNF1000-0777-bbe6c72c,jax-ml/jax,34269,https://github.com/jax-ml/jax/issues/34269,RNN tests failing on ROCm,bug|AMD GPU,overflow_underflow,needs_review,precision_tolerance,precision_tolerance,4,3,ensemble_disagrees_with_current_gold|candidate_label_disagrees_with_current_gold|review_priority_class,overflow_underflow,yes,high,"The visible numerical symptom is overflow, underflow, saturation, or out-of-range behavior."
V2-ADJ-127,EGNF1000-0920-da5f7b97,jax-ml/jax,37006,https://github.com/jax-ml/jax/issues/37006,`jnp.take_along_axis` fails to lower in Mosaic TPU,bug,dtype_casting,precision_tolerance,precision_tolerance,precision_tolerance,5,5,ensemble_disagrees_with_current_gold|candidate_label_disagrees_with_current_gold|review_priority_class,crash_compile,no,medium,"The dominant user-visible failure is a compile, build, runtime exception, or crash."
V2-ADJ-128,GNF-0046-21fccfc5,jax-ml/jax,3411,https://github.com/jax-ml/jax/issues/3411,Initial benchmarking of jax on some simple kernels,performance,dtype_casting,precision_tolerance,precision_tolerance,precision_tolerance,5,5,ensemble_disagrees_with_current_gold|candidate_label_disagrees_with_current_gold|review_priority_class,performance_only,no,high,"The dominant reported problem is speed, memory use, scheduling, or throughput rather than numerical correctness."
V2-ADJ-129,GNF-0162-297471a6,jax-ml/jax,32411,https://github.com/jax-ml/jax/issues/32411,vjp3 + array refs produce incorrect gradient,bug,not_numerical_failure,crash_compile,nan_inf,nan_inf,4,3,ensemble_disagrees_with_current_gold|candidate_label_disagrees_with_current_gold|review_priority_class,precision_tolerance,yes,high,"The report centers on wrong numerical output, accuracy, tolerance, nondeterminism, or approximate arithmetic."
V2-ADJ-130,GNF-0171-20358422,jax-ml/jax,9591,https://github.com/jax-ml/jax/issues/9591,Attempt to perform FFT requiring batched cufft plan of size > 4 GB causes coredump,bug|XLA|P1 (soon)|NVIDIA GPU,dtype_casting,dtype_casting,overflow_underflow,precision_tolerance,3,2,ensemble_disagrees_with_current_gold|low_ensemble_vote_count|review_priority_class,dtype_casting,yes,high,"The report centers on dtype support, conversion, promotion, or type-specific behavior."
V2-ADJ-131,EGNF1000-0284-edad17f7,numba/numba,5139,https://github.com/numba/numba/issues/5139,Numba can't vectorize simple loop,llvm|performance,performance_only,crash_compile,not_numerical_failure,not_numerical_failure,4,3,ensemble_disagrees_with_current_gold|candidate_label_disagrees_with_current_gold|review_priority_class,performance_only,no,high,"The dominant reported problem is speed, memory use, scheduling, or throughput rather than numerical correctness."
V2-ADJ-132,EGNF1000-0372-14a7ddc5,numba/numba,4438,https://github.com/numba/numba/issues/4438,paralled numpy array error:,bug|ParallelAccelerator,not_numerical_failure,needs_review,crash_compile,crash_compile,4,3,ensemble_disagrees_with_current_gold|candidate_label_disagrees_with_current_gold|review_priority_class,crash_compile,no,high,"The dominant user-visible failure is a compile, build, runtime exception, or crash."
V2-ADJ-133,EGNF1000-0377-e9c1c448,numba/numba,9381,https://github.com/numba/numba/issues/9381,"Unexpected ""CUDA error: the launch timed out and was terminated"" or `CUDA_ERROR_LAUNCH_TIMEOUT`",question,not_numerical_failure,needs_review,crash_compile,crash_compile,4,3,ensemble_disagrees_with_current_gold|candidate_label_disagrees_with_current_gold|review_priority_class,not_numerical_failure,no,high,The report is a support/API question without an explicit numerical failure.
V2-ADJ-134,EGNF1000-0796-dbcc370b,numba/numba,3898,https://github.com/numba/numba/issues/3898,np.ediff1d stricter type checking than numpy,bug|numpy,dtype_casting,overflow_underflow,precision_tolerance,overflow_underflow,4,3,ensemble_disagrees_with_current_gold|candidate_label_disagrees_with_current_gold|review_priority_class,dtype_casting,yes,high,"The report centers on dtype support, conversion, promotion, or type-specific behavior."
V2-ADJ-135,EGNF1000-0875-f49450f5,numba/numba,6067,https://github.com/numba/numba/issues/6067,Failure to spot runaway recursion,bug|bug - segfault,overflow_underflow,overflow_underflow,precision_tolerance,precision_tolerance,3,2,ensemble_disagrees_with_current_gold|low_ensemble_vote_count|review_priority_class,crash_compile,no,high,"The dominant user-visible failure is a compile, build, runtime exception, or crash."
V2-ADJ-136,GNF-0012-d3d20064,numba/numba,2988,https://github.com/numba/numba/issues/2988,Support For CPU Atomics,feature_request,performance_only,performance_only,not_numerical_failure,not_numerical_failure,3,2,ensemble_disagrees_with_current_gold|low_ensemble_vote_count|review_priority_class,not_numerical_failure,no,high,The report is primarily a feature or design request rather than a numerical failure.
V2-ADJ-137,GNF-0071-ca4885e3,numba/numba,4954,https://github.com/numba/numba/issues/4954,Running only CUDA tests results in strange crashes / failures,needtriage|CUDA,dtype_casting,crash_compile,crash_compile,crash_compile,4,3,ensemble_disagrees_with_current_gold|candidate_label_disagrees_with_current_gold|review_priority_class,crash_compile,no,high,"The dominant user-visible failure is a compile, build, runtime exception, or crash."
V2-ADJ-138,GNF-0098-a1e24269,numba/numba,2451,https://github.com/numba/numba/issues/2451,test case failure ( segmentation fault ) in ppc64le,,overflow_underflow,needs_review,dtype_casting,dtype_casting,4,3,ensemble_disagrees_with_current_gold|candidate_label_disagrees_with_current_gold|review_priority_class,crash_compile,no,high,"The dominant user-visible failure is a compile, build, runtime exception, or crash."
V2-ADJ-139,EGNF1000-0182-2ea1e93e,pytorch/pytorch,180026,https://github.com/pytorch/pytorch/issues/180026,DISABLED test_combo_kernel_yz_overflow (__main__.ComboKernelTestsPerSubkernelBlocks),module: rocm|module: tests|triaged|module: regression|skipped|oncall: pt2|module: inductor|bot-triaged,overflow_underflow,performance_only,precision_tolerance,precision_tolerance,4,3,ensemble_disagrees_with_current_gold|candidate_label_disagrees_with_current_gold|review_priority_class,overflow_underflow,yes,high,"The visible numerical symptom is overflow, underflow, saturation, or out-of-range behavior."
V2-ADJ-140,EGNF1000-0185-b933d61a,pytorch/pytorch,56440,https://github.com/pytorch/pytorch/issues/56440,Raise exception when torch.clamp min value underflows the input tensor's dtype,module: error checking|triaged,overflow_underflow,precision_tolerance,precision_tolerance,precision_tolerance,5,5,ensemble_disagrees_with_current_gold|candidate_label_disagrees_with_current_gold|review_priority_class,overflow_underflow,yes,high,"The visible numerical symptom is overflow, underflow, saturation, or out-of-range behavior."
V2-ADJ-141,EGNF1000-0209-4f218aa6,pytorch/pytorch,143821,https://github.com/pytorch/pytorch/issues/143821,triton.codegen_upcast_to_fp32 breaks bitcast/bitwise ops,triaged|module: type promotion|oncall: pt2|module: inductor,dtype_casting,overflow_underflow,precision_tolerance,precision_tolerance,4,3,ensemble_disagrees_with_current_gold|candidate_label_disagrees_with_current_gold|review_priority_class,dtype_casting,yes,high,"The report centers on dtype support, conversion, promotion, or type-specific behavior."
V2-ADJ-142,EGNF1000-0330-b37b173e,pytorch/pytorch,141749,https://github.com/pytorch/pytorch/issues/141749,Incorrect error message on incorrect byte boundries on _scaled_mm on fp8,triaged|module: floatx (formerly float8),dtype_casting,overflow_underflow,precision_tolerance,precision_tolerance,4,3,ensemble_disagrees_with_current_gold|candidate_label_disagrees_with_current_gold|review_priority_class,precision_tolerance,yes,high,"The report centers on wrong numerical output, accuracy, tolerance, nondeterminism, or approximate arithmetic."
V2-ADJ-143,EGNF1000-0417-da0aa931,pytorch/pytorch,153044,https://github.com/pytorch/pytorch/issues/153044,Unexpected float32 overflow for amp training with torch.compile,high priority|triaged|months|oncall: pt2|module: pt2-dispatcher|PT2-Bug-Bash,overflow_underflow,nan_inf,precision_tolerance,nan_inf,4,3,ensemble_disagrees_with_current_gold|candidate_label_disagrees_with_current_gold|review_priority_class,overflow_underflow,yes,high,"The visible numerical symptom is overflow, underflow, saturation, or out-of-range behavior."
V2-ADJ-144,EGNF1000-0626-c9ee41e8,pytorch/pytorch,146129,https://github.com/pytorch/pytorch/issues/146129,torch.compile on Mamba2 model produces NaNs,triaged|oncall: pt2|module: dynamo,dtype_casting,nan_inf,precision_tolerance,precision_tolerance,4,3,ensemble_disagrees_with_current_gold|candidate_label_disagrees_with_current_gold|review_priority_class,crash_compile,no,high,"The dominant user-visible failure is a compile, build, runtime exception, or crash."
V2-ADJ-145,EGNF1000-0734-bed1028a,pytorch/pytorch,146508,https://github.com/pytorch/pytorch/issues/146508,Something very wrong with float16 CPU implementation,module: performance|module: cpu|triaged|module: half,dtype_casting,overflow_underflow,precision_tolerance,precision_tolerance,4,3,ensemble_disagrees_with_current_gold|candidate_label_disagrees_with_current_gold|review_priority_class,dtype_casting,yes,high,"The report centers on dtype support, conversion, promotion, or type-specific behavior."
V2-ADJ-146,EGNF1000-0737-21e044b8,pytorch/pytorch,181663,https://github.com/pytorch/pytorch/issues/181663,torch.softmax is not a true alias for torch.nn.functional.softmax,module: nn|triaged|enhancement|module: ux|bot-triaged,dtype_casting,dtype_casting,nan_inf,nan_inf,3,2,ensemble_disagrees_with_current_gold|low_ensemble_vote_count|review_priority_class,not_numerical_failure,no,medium,The issue does not show an explicit numerical correctness failure.
V2-ADJ-147,EGNF1000-0927-72bc4252,pytorch/pytorch,29528,https://github.com/pytorch/pytorch/issues/29528,Half precision cdist,module: cuda|triaged|module: half|function request|module: distance functions,not_numerical_failure,precision_tolerance,precision_tolerance,precision_tolerance,4,3,ensemble_disagrees_with_current_gold|candidate_label_disagrees_with_current_gold|review_priority_class,dtype_casting,yes,high,"The report centers on dtype support, conversion, promotion, or type-specific behavior."
V2-ADJ-148,GNF-0007-5a435abf,pytorch/pytorch,175156,https://github.com/pytorch/pytorch/issues/175156,[inductor] Multiple randint calls cause inconsistent RNG results between eager and compiled mode after fixing the rng seed,high priority|triaged|module: random|oncall: pt2|module: inductor|PT2-Bug-Bash,dtype_casting,precision_tolerance,precision_tolerance,precision_tolerance,5,5,ensemble_disagrees_with_current_gold|candidate_label_disagrees_with_current_gold|review_priority_class,crash_compile,no,high,"The dominant user-visible failure is a compile, build, runtime exception, or crash."
V2-ADJ-149,GNF-0061-039345f1,pytorch/pytorch,156786,https://github.com/pytorch/pytorch/issues/156786,[inductor] [cpu] `torch.nn.Embedding-torch.index_copy` outputs inconsistent results on cpu inductor,oncall: pt2|oncall: cpu inductor,not_numerical_failure,precision_tolerance,precision_tolerance,precision_tolerance,5,5,ensemble_disagrees_with_current_gold|candidate_label_disagrees_with_current_gold|review_priority_class,not_numerical_failure,no,high,The issue does not show an explicit numerical correctness failure.
V2-ADJ-150,GNF-0063-a5f90bd9,pytorch/pytorch,142388,https://github.com/pytorch/pytorch/issues/142388,User-defined way to hook into Inductor autotuning (+ custom op),feature|triaged|module: custom-operators|oncall: pt2|module: inductor|module: pt2-dispatcher,not_numerical_failure,needs_review,precision_tolerance,precision_tolerance,4,3,ensemble_disagrees_with_current_gold|candidate_label_disagrees_with_current_gold|review_priority_class,not_numerical_failure,no,high,The report is primarily a feature or design request rather than a numerical failure.
V2-ADJ-151,GNF-0134-2006d4e1,pytorch/pytorch,180807,https://github.com/pytorch/pytorch/issues/180807,[inductor][static launcher] Missing runtime dtype validation for pointer-typed Triton args can silently produce incorrect results,triaged|module: correctness (silent)|oncall: pt2|module: inductor|bot-triaged,dtype_casting,precision_tolerance,precision_tolerance,precision_tolerance,4,3,ensemble_disagrees_with_current_gold|candidate_label_disagrees_with_current_gold|review_priority_class,dtype_casting,yes,high,"The report centers on dtype support, conversion, promotion, or type-specific behavior."
V2-ADJ-152,EGNF1000-0250-384bc5bd,rapidsai/cudf,21082,https://github.com/rapidsai/cudf/issues/21082,[BUG] `numeric_only=True` setting in `.count()` is ineffective,bug|Python,dtype_casting,overflow_underflow,precision_tolerance,precision_tolerance,4,3,ensemble_disagrees_with_current_gold|candidate_label_disagrees_with_current_gold|review_priority_class,dtype_casting,yes,high,"The report centers on dtype support, conversion, promotion, or type-specific behavior."
V2-ADJ-153,EGNF1000-0585-e83587d7,rapidsai/cudf,20720,https://github.com/rapidsai/cudf/issues/20720,[BUG] Series setitem raises for safe cases in pandas compatibility mode,bug|Python|cudf.pandas,not_numerical_failure,dtype_casting,dtype_casting,dtype_casting,5,5,ensemble_disagrees_with_current_gold|candidate_label_disagrees_with_current_gold|review_priority_class,not_numerical_failure,no,high,The issue does not show an explicit numerical correctness failure.
V2-ADJ-154,EGNF1000-0764-6ee6b355,rapidsai/cudf,8915,https://github.com/rapidsai/cudf/issues/8915,[FEA] A `cudf.dtype` function similar to `np.dtype(...)`,feature request|Python,not_numerical_failure,dtype_casting,dtype_casting,dtype_casting,5,5,ensemble_disagrees_with_current_gold|candidate_label_disagrees_with_current_gold|review_priority_class,not_numerical_failure,no,high,The report is primarily a feature or design request rather than a numerical failure.
V2-ADJ-155,EGNF1000-0852-8a1e9435,rapidsai/cudf,3719,https://github.com/rapidsai/cudf/issues/3719,"[BUG] dask groupby-aggregation results are missing keys, causing incorrect values",bug,not_numerical_failure,needs_review,dtype_casting,dtype_casting,4,3,ensemble_disagrees_with_current_gold|candidate_label_disagrees_with_current_gold|review_priority_class,precision_tolerance,yes,high,"The report centers on wrong numerical output, accuracy, tolerance, nondeterminism, or approximate arithmetic."
V2-ADJ-156,GNF-0003-eaa63fac,rapidsai/cudf,13748,https://github.com/rapidsai/cudf/issues/13748,[BUG] Intermittent failures in test_jaccard_index_random_strings,bug,dtype_casting,performance_only,not_numerical_failure,not_numerical_failure,4,3,ensemble_disagrees_with_current_gold|candidate_label_disagrees_with_current_gold|review_priority_class,crash_compile,no,high,"The dominant user-visible failure is a compile, build, runtime exception, or crash."
V2-ADJ-157,GNF-0008-4625af98,rapidsai/cudf,6227,https://github.com/rapidsai/cudf/issues/6227,[BUG] csv writer truncating timestamp data while writing to csv file,bug|libcudf|cuIO,dtype_casting,precision_tolerance,nan_inf,nan_inf,4,3,ensemble_disagrees_with_current_gold|candidate_label_disagrees_with_current_gold|review_priority_class,dtype_casting,yes,high,"The report centers on dtype support, conversion, promotion, or type-specific behavior."
V2-ADJ-158,GNF-0029-5f61e128,rapidsai/cudf,16029,https://github.com/rapidsai/cudf/issues/16029,"[QST] TypeError: Argument 'real' has incorrect type (expected numpy.ndarray, got ndarray)",question,not_numerical_failure,crash_compile,dtype_casting,dtype_casting,4,3,ensemble_disagrees_with_current_gold|candidate_label_disagrees_with_current_gold|review_priority_class,not_numerical_failure,no,high,The report is a support/API question without an explicit numerical failure.
V2-ADJ-159,GNF-0072-9fba4417,rapidsai/cudf,7088,https://github.com/rapidsai/cudf/issues/7088,[BUG] Overflow ints with nulls is being inferred as float column in CSV reader,bug|libcudf|Python|cuIO,overflow_underflow,overflow_underflow,dtype_casting,dtype_casting,3,2,ensemble_disagrees_with_current_gold|low_ensemble_vote_count|review_priority_class,overflow_underflow,yes,high,"The visible numerical symptom is overflow, underflow, saturation, or out-of-range behavior."
V2-ADJ-160,GNF-0085-b4ddcf4b,rapidsai/cudf,406,https://github.com/rapidsai/cudf/issues/406,cuDF printing mismatches formatting precision of Pandas DF printing,feature request|Python,dtype_casting,precision_tolerance,dtype_casting,precision_tolerance,4,3,ensemble_disagrees_with_current_gold|candidate_label_disagrees_with_current_gold|review_priority_class,not_numerical_failure,no,high,The report is primarily a feature or design request rather than a numerical failure.
V2-ADJ-161,GNF-0122-2172f7de,rapidsai/cudf,17448,https://github.com/rapidsai/cudf/issues/17448,[BUG] Decimal division loses precision when dividing by decimals with fractional parts,question|Python,dtype_casting,precision_tolerance,precision_tolerance,precision_tolerance,4,3,ensemble_disagrees_with_current_gold|candidate_label_disagrees_with_current_gold|review_priority_class,not_numerical_failure,no,high,The report is a support/API question without an explicit numerical failure.
V2-ADJ-162,GNF-0144-bd760235,rapidsai/cudf,22157,https://github.com/rapidsai/cudf/issues/22157,"[FEA] libcudf implementation of ""intuitive"" decimal division",feature request,overflow_underflow,overflow_underflow,not_numerical_failure,not_numerical_failure,3,2,ensemble_disagrees_with_current_gold|low_ensemble_vote_count|review_priority_class,not_numerical_failure,no,high,The report is primarily a feature or design request rather than a numerical failure.
V2-ADJ-163,EGNF1000-0139-5e05ba2a,rapidsai/cuml,5838,https://github.com/rapidsai/cuml/issues/5838,[BUG]Unexpectedly High Forecast Values in Batch Prediction with cuML's Auto ARIMA,bug|? - Needs Triage,dtype_casting,crash_compile,precision_tolerance,precision_tolerance,4,3,ensemble_disagrees_with_current_gold|candidate_label_disagrees_with_current_gold|review_priority_class,dtype_casting,yes,high,"The report centers on dtype support, conversion, promotion, or type-specific behavior."
V2-ADJ-164,EGNF1000-0240-3f72ab7f,rapidsai/cuml,4359,https://github.com/rapidsai/cuml/issues/4359,[BUG] double free error on CentOS when import after torchvision.,bug|? - Needs Triage|inactive-30d|inactive-90d,not_numerical_failure,crash_compile,crash_compile,crash_compile,4,3,ensemble_disagrees_with_current_gold|candidate_label_disagrees_with_current_gold|review_priority_class,crash_compile,no,high,"The dominant user-visible failure is a compile, build, runtime exception, or crash."
V2-ADJ-165,EGNF1000-0243-c438c027,rapidsai/cuml,7020,https://github.com/rapidsai/cuml/issues/7020,[BUG] Static build of CUML fails with cuvs::cuvs missing target,bug,performance_only,crash_compile,crash_compile,crash_compile,5,5,ensemble_disagrees_with_current_gold|candidate_label_disagrees_with_current_gold|review_priority_class,crash_compile,no,medium,"The dominant user-visible failure is a compile, build, runtime exception, or crash."
V2-ADJ-166,EGNF1000-0652-8b3596cf,rapidsai/cuml,6694,https://github.com/rapidsai/cuml/issues/6694,[dask-cuda] Memory corruption and worker crashes in cuML KMeans with large datasets,bug|Dask / cuml.dask,dtype_casting,overflow_underflow,precision_tolerance,precision_tolerance,4,3,ensemble_disagrees_with_current_gold|candidate_label_disagrees_with_current_gold|review_priority_class,crash_compile,no,high,"The dominant user-visible failure is a compile, build, runtime exception, or crash."
V2-ADJ-167,EGNF1000-0994-14243767,rapidsai/cuml,3580,https://github.com/rapidsai/cuml/issues/3580,[FEA] Support cuDF dataframes with Decimal dtype columns as input to estimators,feature request|Tracker|inactive-30d|inactive-90d,performance_only,precision_tolerance,precision_tolerance,precision_tolerance,5,5,ensemble_disagrees_with_current_gold|candidate_label_disagrees_with_current_gold|review_priority_class,not_numerical_failure,no,high,The report is primarily a feature or design request rather than a numerical failure.
V2-ADJ-168,EGNF1000-0355-836d146e,triton-lang/triton,6293,https://github.com/triton-lang/triton/issues/6293,[AMD] Enable BufferOps Support with tl.make_block_ptr,performance,dtype_casting,overflow_underflow,overflow_underflow,overflow_underflow,4,3,ensemble_disagrees_with_current_gold|candidate_label_disagrees_with_current_gold|review_priority_class,performance_only,no,high,"The dominant reported problem is speed, memory use, scheduling, or throughput rather than numerical correctness."
V2-ADJ-169,EGNF1000-0505-f9822e00,triton-lang/triton,5446,https://github.com/triton-lang/triton/issues/5446,Triton generates incorrect MLIR code when assigning values to elements of a `tuple` in the body of an `if` statement,bug,dtype_casting,overflow_underflow,overflow_underflow,overflow_underflow,4,3,ensemble_disagrees_with_current_gold|candidate_label_disagrees_with_current_gold|review_priority_class,precision_tolerance,yes,high,"The report centers on wrong numerical output, accuracy, tolerance, nondeterminism, or approximate arithmetic."
V2-ADJ-170,EGNF1000-0905-a5c799ec,triton-lang/triton,7982,https://github.com/triton-lang/triton/issues/7982,Bug: tt.dot_scaled fails with multi-CTA (num_ctas > 1),bug,not_numerical_failure,needs_review,crash_compile,crash_compile,4,3,ensemble_disagrees_with_current_gold|candidate_label_disagrees_with_current_gold|review_priority_class,crash_compile,no,medium,"The dominant user-visible failure is a compile, build, runtime exception, or crash."
V2-ADJ-171,GNF-0077-892468a4,triton-lang/triton,5065,https://github.com/triton-lang/triton/issues/5065,triton 3.0.0 got FP8 GEMM precision issue with CUDA sm89,,dtype_casting,precision_tolerance,precision_tolerance,precision_tolerance,5,5,ensemble_disagrees_with_current_gold|candidate_label_disagrees_with_current_gold|review_priority_class,dtype_casting,yes,high,"The report centers on dtype support, conversion, promotion, or type-specific behavior."
V2-ADJ-172,GNF-0079-ec781ba7,triton-lang/triton,2398,https://github.com/triton-lang/triton/issues/2398,`realloc(): invalid pointer` when parsing when Triton is built with clang,,overflow_underflow,crash_compile,dtype_casting,dtype_casting,4,3,ensemble_disagrees_with_current_gold|candidate_label_disagrees_with_current_gold|review_priority_class,overflow_underflow,yes,high,"The visible numerical symptom is overflow, underflow, saturation, or out-of-range behavior."
V2-ADJ-173,GNF-0140-0369d89c,triton-lang/triton,187,https://github.com/triton-lang/triton/issues/187,RuntimeError when running matrix mutliplication example : CUDA: Error- invalid ptx,,overflow_underflow,dtype_casting,dtype_casting,dtype_casting,5,5,ensemble_disagrees_with_current_gold|candidate_label_disagrees_with_current_gold|review_priority_class,crash_compile,no,high,"The dominant user-visible failure is a compile, build, runtime exception, or crash."
V2-ADJ-174,GNF-0148-5dbeb416,triton-lang/triton,2513,https://github.com/triton-lang/triton/issues/2513,Understanding Triton GEMM FP8 performance,,dtype_casting,performance_only,performance_only,performance_only,4,3,ensemble_disagrees_with_current_gold|candidate_label_disagrees_with_current_gold|review_priority_class,performance_only,no,high,"The dominant reported problem is speed, memory use, scheduling, or throughput rather than numerical correctness."
V2-ADJ-175,EGNF1000-0903-c608ae65,cupy/cupy,8261,https://github.com/cupy/cupy/issues/8261,`cupy.cuda.compile_with_cache` vs `cupy.RawModule`,contribution welcome|cat:document,precision_tolerance,needs_review,overflow_underflow,overflow_underflow,4,3,ensemble_disagrees_with_current_gold|candidate_label_disagrees_with_current_gold,not_numerical_failure,no,high,The report is primarily documentation-related rather than a numerical failure.
V2-ADJ-176,GNF-0023-93595bc9,cupy/cupy,9907,https://github.com/cupy/cupy/issues/9907,`cupyx.scipy.special.erfcx` not working,contribution welcome|cat:numpy-compat|prio:medium,crash_compile,dtype_casting,dtype_casting,dtype_casting,5,5,ensemble_disagrees_with_current_gold|candidate_label_disagrees_with_current_gold,crash_compile,no,high,"The dominant user-visible failure is a compile, build, runtime exception, or crash."
V2-ADJ-177,GNF-0039-1a4af8a4,cupy/cupy,9777,https://github.com/cupy/cupy/issues/9777,CuPy v14.0.0+ is buggy in a conda env,cat:bug,dtype_casting,needs_review,dtype_casting,dtype_casting,2,0,candidate_label_disagrees_with_current_gold|low_ensemble_vote_count|low_ensemble_margin|review_priority_class,dtype_casting,yes,high,"The report centers on dtype support, conversion, promotion, or type-specific behavior."
V2-ADJ-178,EGNF1000-0114-aeea4c0d,jax-ml/jax,21299,https://github.com/jax-ml/jax/issues/21299,Can't build jaxlib in GH200,bug|NVIDIA GPU,crash_compile,crash_compile,dtype_casting,not_numerical_failure,3,2,ensemble_disagrees_with_current_gold|low_ensemble_vote_count,crash_compile,no,high,"The dominant user-visible failure is a compile, build, runtime exception, or crash."
V2-ADJ-179,EGNF1000-0166-b67c222e,jax-ml/jax,27349,https://github.com/jax-ml/jax/issues/27349,Gamma variate gradients don't seem to pass check_grads,bug,crash_compile,precision_tolerance,dtype_casting,dtype_casting,4,3,ensemble_disagrees_with_current_gold|candidate_label_disagrees_with_current_gold,precision_tolerance,yes,high,"The report centers on wrong numerical output, accuracy, tolerance, nondeterminism, or approximate arithmetic."
V2-ADJ-180,EGNF1000-0317-3506c4b1,jax-ml/jax,33224,https://github.com/jax-ml/jax/issues/33224,conv_general_dilated fails on older GPUs (compute cap < 7.5),bug,crash_compile,needs_review,dtype_casting,dtype_casting,4,3,ensemble_disagrees_with_current_gold|candidate_label_disagrees_with_current_gold,crash_compile,no,high,"The dominant user-visible failure is a compile, build, runtime exception, or crash."
V2-ADJ-181,EGNF1000-0453-3486c79c,jax-ml/jax,32242,https://github.com/jax-ml/jax/issues/32242,cuDNN dot_product_attention NaNs with FP32 bias,bug,nan_inf,nan_inf,precision_tolerance,precision_tolerance,3,2,ensemble_disagrees_with_current_gold|low_ensemble_vote_count,nan_inf,yes,high,"The visible numerical symptom is NaN, Inf, or another non-finite value."
V2-ADJ-182,EGNF1000-0723-208b9941,jax-ml/jax,3302,https://github.com/jax-ml/jax/issues/3302,bfloat16/float32 memory requirements seem off,bug,precision_tolerance,dtype_casting,dtype_casting,dtype_casting,4,3,ensemble_disagrees_with_current_gold|candidate_label_disagrees_with_current_gold,dtype_casting,yes,medium,"The report centers on dtype support, conversion, promotion, or type-specific behavior."
V2-ADJ-183,EGNF1000-0944-4c50d62a,jax-ml/jax,30593,https://github.com/jax-ml/jax/issues/30593,`jax.nn.dot_product_attention` cuDNN implementation only supports bias gradient when the batch size is 1 while cuDNN frontend attention documentation states that forward and backward conditions are the same.,bug|NVIDIA GPU,dtype_casting,precision_tolerance,dtype_casting,dtype_casting,3,1,candidate_label_disagrees_with_current_gold|low_ensemble_vote_count|low_ensemble_margin|review_priority_class,not_numerical_failure,no,high,The report is primarily documentation-related rather than a numerical failure.
V2-ADJ-184,GNF-0103-f835a9bf,jax-ml/jax,4493,https://github.com/jax-ml/jax/issues/4493,Building on linux with ppc64le CPU,contributions welcome,precision_tolerance,needs_review,overflow_underflow,overflow_underflow,4,3,ensemble_disagrees_with_current_gold|candidate_label_disagrees_with_current_gold,precision_tolerance,yes,high,"The report centers on wrong numerical output, accuracy, tolerance, nondeterminism, or approximate arithmetic."
V2-ADJ-185,GNF-0152-d8097288,jax-ml/jax,28547,https://github.com/jax-ml/jax/issues/28547,"`special.betainc`, `stdtr`, and `stdtrit` are very slow",bug,not_numerical_failure,performance_only,not_numerical_failure,not_numerical_failure,2,0,candidate_label_disagrees_with_current_gold|low_ensemble_vote_count|low_ensemble_margin|review_priority_class,performance_only,no,high,"The dominant reported problem is speed, memory use, scheduling, or throughput rather than numerical correctness."
V2-ADJ-186,GNF-0156-b72349bc,jax-ml/jax,17912,https://github.com/jax-ml/jax/issues/17912,"AOT FLOPS Calculation Doesn't Work, HLO FLOPS Calculation Possibly Wrong",bug,not_numerical_failure,crash_compile,not_numerical_failure,not_numerical_failure,2,1,candidate_label_disagrees_with_current_gold|low_ensemble_vote_count|low_ensemble_margin|review_priority_class,precision_tolerance,yes,high,"The report centers on wrong numerical output, accuracy, tolerance, nondeterminism, or approximate arithmetic."
V2-ADJ-187,EGNF1000-0673-b0581928,numba/numba,9592,https://github.com/numba/numba/issues/9592,cumprod method doesn't upcast unsigned integer array,numpy|bug - numerically incorrect,precision_tolerance,overflow_underflow,nan_inf,overflow_underflow,4,3,ensemble_disagrees_with_current_gold|candidate_label_disagrees_with_current_gold,dtype_casting,yes,high,"The report centers on dtype support, conversion, promotion, or type-specific behavior."
V2-ADJ-188,GNF-0017-f27cd16b,numba/numba,5158,https://github.com/numba/numba/issues/5158,DeviceNDArray.bind() does not seem to bind the stream to self,bug|CUDA,crash_compile,dtype_casting,dtype_casting,dtype_casting,4,3,ensemble_disagrees_with_current_gold|candidate_label_disagrees_with_current_gold,crash_compile,no,high,"The dominant user-visible failure is a compile, build, runtime exception, or crash."
V2-ADJ-189,GNF-0025-d23b5aed,numba/numba,8891,https://github.com/numba/numba/issues/8891,Error when calling `nb.generated_jit` from CUDA,CUDA|question,nan_inf,nan_inf,overflow_underflow,overflow_underflow,3,2,ensemble_disagrees_with_current_gold|low_ensemble_vote_count,not_numerical_failure,no,high,The report is a support/API question without an explicit numerical failure.
V2-ADJ-190,EGNF1000-0001-826741eb,pytorch/pytorch,175409,https://github.com/pytorch/pytorch/issues/175409,Choose rounding mode when casting to dtype,module: cuda|triaged|module: type promotion|function request|oncall: pt2|module: inductor|module: floatx (formerly float8)|bot-triaged,not_numerical_failure,precision_tolerance,not_numerical_failure,not_numerical_failure,3,1,candidate_label_disagrees_with_current_gold|low_ensemble_vote_count|low_ensemble_margin|review_priority_class,dtype_casting,yes,high,"The report centers on dtype support, conversion, promotion, or type-specific behavior."
V2-ADJ-191,EGNF1000-0023-c9a13367,pytorch/pytorch,166789,https://github.com/pytorch/pytorch/issues/166789,[Flex Flash] Track down why different strided closures,triaged|topic: bug fixes|oncall: pt2|module: flex attention,precision_tolerance,precision_tolerance,dtype_casting,dtype_casting,3,2,ensemble_disagrees_with_current_gold|low_ensemble_vote_count,precision_tolerance,yes,high,"The report centers on wrong numerical output, accuracy, tolerance, nondeterminism, or approximate arithmetic."
V2-ADJ-192,EGNF1000-0181-7c505f14,pytorch/pytorch,175928,https://github.com/pytorch/pytorch/issues/175928,[release 2.11][vllm] Language Models Tests (Extra Standard) 1 test_models[float-jason9693/Qwen2.5-1.5B-apeach],high priority|oncall: releng|module: tests|triaged|module: regression|module: vllm|bot-triaged,dtype_casting,precision_tolerance,precision_tolerance,dtype_casting,3,1,candidate_label_disagrees_with_current_gold|low_ensemble_vote_count|low_ensemble_margin|review_priority_class,dtype_casting,yes,high,"The report centers on dtype support, conversion, promotion, or type-specific behavior."
V2-ADJ-193,EGNF1000-0211-58897d8f,pytorch/pytorch,163462,https://github.com/pytorch/pytorch/issues/163462,GroupedMM triton template IMAs on B200,module: cuda|triaged|module: inductor|module: user triton,not_numerical_failure,needs_review,not_numerical_failure,not_numerical_failure,2,0,candidate_label_disagrees_with_current_gold|low_ensemble_vote_count|low_ensemble_margin|review_priority_class,not_numerical_failure,no,high,The issue does not show an explicit numerical correctness failure.
V2-ADJ-194,EGNF1000-0218-13388562,pytorch/pytorch,182021,https://github.com/pytorch/pytorch/issues/182021,DISABLED test_generic_fp32_precision_propagates_to_cudnn_conv_rnn (__main__.TestFP32PrecisionFlags),module: cuda|triaged|module: flaky-tests|skipped,precision_tolerance,performance_only,dtype_casting,dtype_casting,4,3,ensemble_disagrees_with_current_gold|candidate_label_disagrees_with_current_gold,precision_tolerance,yes,high,"The report centers on wrong numerical output, accuracy, tolerance, nondeterminism, or approximate arithmetic."
V2-ADJ-195,EGNF1000-0323-bfdd4c1e,pytorch/pytorch,108378,https://github.com/pytorch/pytorch/issues/108378,NCCL ISend is not asynchronous,oncall: distributed|module: c10d|ptd-bot-triaged,crash_compile,needs_review,precision_tolerance,precision_tolerance,4,3,ensemble_disagrees_with_current_gold|candidate_label_disagrees_with_current_gold,crash_compile,no,high,"The dominant user-visible failure is a compile, build, runtime exception, or crash."
V2-ADJ-196,EGNF1000-0328-c086b924,pytorch/pytorch,141259,https://github.com/pytorch/pytorch/issues/141259,Consider relaxing torch.cond's requirement that the outputs of each branch have matching requires_grad metadata,feature|triaged|oncall: pt2|module: higher order operators|module: pt2-dispatcher,not_numerical_failure,overflow_underflow,not_numerical_failure,not_numerical_failure,2,1,candidate_label_disagrees_with_current_gold|low_ensemble_vote_count|low_ensemble_margin|review_priority_class,not_numerical_failure,no,high,The report is primarily a feature or design request rather than a numerical failure.
V2-ADJ-197,EGNF1000-0414-d40a4b00,pytorch/pytorch,115785,https://github.com/pytorch/pytorch/issues/115785,arctan2 fp16 error when optimising,module: autograd|module: optimizer|triaged|module: half,nan_inf,nan_inf,dtype_casting,precision_tolerance,3,2,ensemble_disagrees_with_current_gold|low_ensemble_vote_count,dtype_casting,yes,high,"The report centers on dtype support, conversion, promotion, or type-specific behavior."
V2-ADJ-198,EGNF1000-0418-9d93ce90,pytorch/pytorch,165892,https://github.com/pytorch/pytorch/issues/165892,"`torch.bmm`+`torch.compile` no longer works in 2.9, but worked in 2.8",high priority|module: regression|oncall: pt2|module: inductor,performance_only,overflow_underflow,performance_only,performance_only,2,0,candidate_label_disagrees_with_current_gold|low_ensemble_vote_count|low_ensemble_margin|review_priority_class,crash_compile,no,high,"The dominant user-visible failure is a compile, build, runtime exception, or crash."
V2-ADJ-199,EGNF1000-0502-2da11a06,pytorch/pytorch,85791,https://github.com/pytorch/pytorch/issues/85791,nn.CrossEntropyLoss overflow with FP16 and minibatch,module: nn|module: loss|triaged|module: edge cases,nan_inf,nan_inf,overflow_underflow,overflow_underflow,3,2,ensemble_disagrees_with_current_gold|low_ensemble_vote_count,overflow_underflow,yes,high,"The visible numerical symptom is overflow, underflow, saturation, or out-of-range behavior."
V2-ADJ-200,EGNF1000-0738-c6dd8661,pytorch/pytorch,65607,https://github.com/pytorch/pytorch/issues/65607,torch.dtype is int in JIT instead of torch.dtype,oncall: jit,precision_tolerance,dtype_casting,dtype_casting,dtype_casting,4,3,ensemble_disagrees_with_current_gold|candidate_label_disagrees_with_current_gold,dtype_casting,yes,high,"The report centers on dtype support, conversion, promotion, or type-specific behavior."
V2-ADJ-201,EGNF1000-0822-5c8abb5d,pytorch/pytorch,161132,https://github.com/pytorch/pytorch/issues/161132,The Inductor test suite test_torchinductor_opinfo was incorrectly disabled on all devices except CUDA.,module: tests|triaged|oncall: pt2|module: inductor|oncall: cpu inductor|PT2-Bug-Bash,not_numerical_failure,needs_review,not_numerical_failure,not_numerical_failure,2,1,candidate_label_disagrees_with_current_gold|low_ensemble_vote_count|low_ensemble_margin|review_priority_class,precision_tolerance,yes,high,"The report centers on wrong numerical output, accuracy, tolerance, nondeterminism, or approximate arithmetic."
V2-ADJ-202,EGNF1000-0833-141a060e,pytorch/pytorch,178145,https://github.com/pytorch/pytorch/issues/178145,"Large fp32 discrepancy in LeNet5Fashion conv2 output on CUDA eager baseline, with similar error against both CUDA compile and CPU eager",needs reproduction|triaged|bot-triaged,crash_compile,overflow_underflow,precision_tolerance,precision_tolerance,4,3,ensemble_disagrees_with_current_gold|candidate_label_disagrees_with_current_gold,crash_compile,no,high,"The dominant user-visible failure is a compile, build, runtime exception, or crash."
V2-ADJ-203,EGNF1000-0947-c623095b,pytorch/pytorch,183401,https://github.com/pytorch/pytorch/issues/183401,[inductor][cpu] resnet50_quantized_qat CPP wrapper torch._inductor.exc.InductorError: CppCompileError: C++ compile error in 2026-05-11 nightly release,module: cpu|triaged|module: regression|oncall: pt2|module: inductor|bot-triaged,performance_only,precision_tolerance,performance_only,performance_only,2,0,candidate_label_disagrees_with_current_gold|low_ensemble_vote_count|low_ensemble_margin|review_priority_class,crash_compile,no,high,"The dominant user-visible failure is a compile, build, runtime exception, or crash."
V2-ADJ-204,GNF-0015-04273d95,pytorch/pytorch,119131,https://github.com/pytorch/pytorch/issues/119131,"`scaled_dot_product_attention` produces NaNs for math backend, but not memory efficient backend when used in mixed precision.",module: numerical-stability|module: cuda|triaged|module: sdpa,nan_inf,precision_tolerance,overflow_underflow,overflow_underflow,4,3,ensemble_disagrees_with_current_gold|candidate_label_disagrees_with_current_gold,nan_inf,yes,high,"The visible numerical symptom is NaN, Inf, or another non-finite value."
V2-ADJ-205,GNF-0035-1d6522c2,pytorch/pytorch,166131,https://github.com/pytorch/pytorch/issues/166131,Return a view from tensor(requires_grad=False) in autograd function may cause incorrect requires_grad attribute.,module: autograd|triaged,precision_tolerance,crash_compile,nan_inf,nan_inf,4,3,ensemble_disagrees_with_current_gold|candidate_label_disagrees_with_current_gold,precision_tolerance,yes,high,"The report centers on wrong numerical output, accuracy, tolerance, nondeterminism, or approximate arithmetic."
V2-ADJ-206,EGNF1000-0581-48acd71e,rapidsai/cudf,14618,https://github.com/rapidsai/cudf/issues/14618,[BUG] DIV on decimal types appears to lose fractional part,bug|libcudf|Python,precision_tolerance,overflow_underflow,dtype_casting,dtype_casting,4,3,ensemble_disagrees_with_current_gold|candidate_label_disagrees_with_current_gold,precision_tolerance,yes,high,"The report centers on wrong numerical output, accuracy, tolerance, nondeterminism, or approximate arithmetic."
V2-ADJ-207,EGNF1000-0740-6d63996e,rapidsai/cudf,12274,https://github.com/rapidsai/cudf/issues/12274,[BUG] fillna with dataframe containing list dtypes fails,bug|0 - Backlog|Python,crash_compile,dtype_casting,dtype_casting,dtype_casting,5,5,ensemble_disagrees_with_current_gold|candidate_label_disagrees_with_current_gold,dtype_casting,yes,high,"The report centers on dtype support, conversion, promotion, or type-specific behavior."
V2-ADJ-208,EGNF1000-0748-0d96a78a,rapidsai/cudf,20303,https://github.com/rapidsai/cudf/issues/20303,[BUG] `cudf.read_parquet` can fail when reading files with empty DataFrame,bug|libcudf,precision_tolerance,overflow_underflow,dtype_casting,dtype_casting,4,3,ensemble_disagrees_with_current_gold|candidate_label_disagrees_with_current_gold,crash_compile,no,medium,"The dominant user-visible failure is a compile, build, runtime exception, or crash."
V2-ADJ-209,EGNF1000-0750-1cae8718,rapidsai/cudf,20728,https://github.com/rapidsai/cudf/issues/20728,[BUG] `cudf.pandas` can not cast `timestamp` value into `datetime`,bug,dtype_casting,overflow_underflow,crash_compile,dtype_casting,2,1,candidate_label_disagrees_with_current_gold|low_ensemble_vote_count|low_ensemble_margin|review_priority_class,dtype_casting,yes,high,"The report centers on dtype support, conversion, promotion, or type-specific behavior."
V2-ADJ-210,EGNF1000-0753-dcaa3685,rapidsai/cudf,21093,https://github.com/rapidsai/cudf/issues/21093,[BUG] `inplace=True` setting in `.rename()` is invalid,bug|Python|cudf.pandas,crash_compile,overflow_underflow,precision_tolerance,precision_tolerance,4,3,ensemble_disagrees_with_current_gold|candidate_label_disagrees_with_current_gold,crash_compile,no,high,"The dominant user-visible failure is a compile, build, runtime exception, or crash."
V2-ADJ-211,EGNF1000-0766-412d6486,rapidsai/cudf,9981,https://github.com/rapidsai/cudf/issues/9981,[BUG] `DataFrame.merge` does not assign `dtype` as expected in result as pandas does,bug|Python,precision_tolerance,dtype_casting,dtype_casting,dtype_casting,4,3,ensemble_disagrees_with_current_gold|candidate_label_disagrees_with_current_gold,dtype_casting,yes,high,"The report centers on dtype support, conversion, promotion, or type-specific behavior."
V2-ADJ-212,EGNF1000-0843-54d5555b,rapidsai/cudf,15156,https://github.com/rapidsai/cudf/issues/15156,[BUG] Memcheck global read error in `DistinctJoinTest.IntegerInnerJoin`,bug|libcudf,not_numerical_failure,needs_review,not_numerical_failure,not_numerical_failure,2,0,candidate_label_disagrees_with_current_gold|low_ensemble_vote_count|low_ensemble_margin|review_priority_class,crash_compile,no,high,"The dominant user-visible failure is a compile, build, runtime exception, or crash."
V2-ADJ-213,GNF-0080-d86cbc25,rapidsai/cudf,22360,https://github.com/rapidsai/cudf/issues/22360,[BUG] cudf-polars streaming-mode broadcast bug,bug,crash_compile,dtype_casting,dtype_casting,dtype_casting,5,5,ensemble_disagrees_with_current_gold|candidate_label_disagrees_with_current_gold,dtype_casting,yes,high,"The report centers on dtype support, conversion, promotion, or type-specific behavior."
V2-ADJ-214,GNF-0090-14f882db,rapidsai/cudf,21687,https://github.com/rapidsai/cudf/issues/21687,[DOC]: Update dask-cudf for dask-cuda jit-unspilling deprecation.,doc|dask,precision_tolerance,needs_review,not_numerical_failure,not_numerical_failure,4,3,ensemble_disagrees_with_current_gold|candidate_label_disagrees_with_current_gold,not_numerical_failure,no,high,The report is primarily documentation-related rather than a numerical failure.
V2-ADJ-215,GNF-0146-2fe36ae1,rapidsai/cudf,19710,https://github.com/rapidsai/cudf/issues/19710,[BUG] src/binaryop/binaryop.cpp.o compile failed jitify2 in cuda13,bug|libcudf,precision_tolerance,crash_compile,crash_compile,crash_compile,5,5,ensemble_disagrees_with_current_gold|candidate_label_disagrees_with_current_gold,crash_compile,no,high,"The dominant user-visible failure is a compile, build, runtime exception, or crash."
V2-ADJ-216,GNF-0166-2dbedde8,rapidsai/cudf,8230,https://github.com/rapidsai/cudf/issues/8230,Remove `volatile` usage in `rolling_detail.cuh` where not required,libcudf|improvement,not_numerical_failure,needs_review,not_numerical_failure,not_numerical_failure,2,1,candidate_label_disagrees_with_current_gold|low_ensemble_vote_count|low_ensemble_margin|review_priority_class,not_numerical_failure,no,high,The issue does not show an explicit numerical correctness failure.
V2-ADJ-217,EGNF1000-0137-aaa29350,rapidsai/cuml,5343,https://github.com/rapidsai/cuml/issues/5343,[BUG] `import torch` + `cuml.NearestNeighbors` leads to nondeterministic segfault during Python process exit,bug|? - Needs Triage,dtype_casting,precision_tolerance,dtype_casting,dtype_casting,2,0,candidate_label_disagrees_with_current_gold|low_ensemble_vote_count|low_ensemble_margin|review_priority_class,precision_tolerance,yes,high,"The report centers on wrong numerical output, accuracy, tolerance, nondeterminism, or approximate arithmetic."
V2-ADJ-218,EGNF1000-0445-d9c1b5a4,rapidsai/cuml,3906,https://github.com/rapidsai/cuml/issues/3906,[BUG] Sporadic RFBatchedRegTests fail in CI,bug|? - Needs Triage,nan_inf,nan_inf,precision_tolerance,precision_tolerance,3,2,ensemble_disagrees_with_current_gold|low_ensemble_vote_count,crash_compile,no,medium,"The dominant user-visible failure is a compile, build, runtime exception, or crash."
V2-ADJ-219,EGNF1000-0527-629ee76a,rapidsai/cuml,5552,https://github.com/rapidsai/cuml/issues/5552,[BUG] Dask Multi-GPU logistic regression should convert dtypes if needed rather than fail,bug|Cython / Python,performance_only,dtype_casting,performance_only,performance_only,2,0,candidate_label_disagrees_with_current_gold|low_ensemble_vote_count|low_ensemble_margin|review_priority_class,dtype_casting,yes,high,"The report centers on dtype support, conversion, promotion, or type-specific behavior."
V2-ADJ-220,EGNF1000-0860-9b12458d,rapidsai/cuml,7061,https://github.com/rapidsai/cuml/issues/7061,[Epic] Improve sklearn compatibility,sklearn-api-compat,not_numerical_failure,needs_review,not_numerical_failure,not_numerical_failure,2,0,candidate_label_disagrees_with_current_gold|low_ensemble_vote_count|low_ensemble_margin|review_priority_class,not_numerical_failure,no,high,The issue does not show an explicit numerical correctness failure.
V2-ADJ-221,EGNF1000-0893-ad885b81,rapidsai/cuml,2933,https://github.com/rapidsai/cuml/issues/2933,[BUG] Sporadic KBinsDiscretizer pytests fail with quantile strategy,bug|Cython / Python|0 - Blocked,crash_compile,needs_review,not_numerical_failure,not_numerical_failure,4,3,ensemble_disagrees_with_current_gold|candidate_label_disagrees_with_current_gold,crash_compile,no,high,"The dominant user-visible failure is a compile, build, runtime exception, or crash."
V2-ADJ-222,EGNF1000-0894-e9ac302e,rapidsai/cuml,3972,https://github.com/rapidsai/cuml/issues/3972,[BUG] cannot use local RAFT in get_raft.cmake for building cuML this support is broken,bug|CMake|inactive-90d,not_numerical_failure,needs_review,not_numerical_failure,not_numerical_failure,2,0,candidate_label_disagrees_with_current_gold|low_ensemble_vote_count|low_ensemble_margin|review_priority_class,not_numerical_failure,no,high,The report is a support/API question without an explicit numerical failure.
V2-ADJ-223,EGNF1000-0296-0d03f27d,triton-lang/triton,8775,https://github.com/triton-lang/triton/issues/8775,[RFC] Exposing Scratch Buffer in ReduceOp to Eliminate Redundant Layout Conversion,,not_numerical_failure,overflow_underflow,performance_only,not_numerical_failure,2,1,candidate_label_disagrees_with_current_gold|low_ensemble_vote_count|low_ensemble_margin|review_priority_class,not_numerical_failure,no,high,The report is primarily a feature or design request rather than a numerical failure.
V2-ADJ-224,EGNF1000-0533-4deeb5cb,triton-lang/triton,3787,https://github.com/triton-lang/triton/issues/3787,IndexError: map::at when doing torch.ops.matmul on fp32 matrices,,precision_tolerance,dtype_casting,dtype_casting,dtype_casting,5,5,ensemble_disagrees_with_current_gold|candidate_label_disagrees_with_current_gold,crash_compile,no,high,"The dominant user-visible failure is a compile, build, runtime exception, or crash."
V2-ADJ-225,EGNF1000-0705-b16bcbd0,triton-lang/triton,6224,https://github.com/triton-lang/triton/issues/6224,triton.autotune failed when the matrix's shape changed: [CUDA error] an illegal memory access was encountered,bug,precision_tolerance,dtype_casting,dtype_casting,dtype_casting,5,5,ensemble_disagrees_with_current_gold|candidate_label_disagrees_with_current_gold,crash_compile,no,high,"The dominant user-visible failure is a compile, build, runtime exception, or crash."
V2-ADJ-226,EGNF1000-0707-000d7be3,triton-lang/triton,9703,https://github.com/triton-lang/triton/issues/9703,[Perf] TMA descriptor load followed by reduce regresses in 3.6.0 compared to 3.5.1,performance,performance_only,dtype_casting,performance_only,performance_only,3,1,candidate_label_disagrees_with_current_gold|low_ensemble_vote_count|low_ensemble_margin|review_priority_class,performance_only,no,high,"The dominant reported problem is speed, memory use, scheduling, or throughput rather than numerical correctness."
V2-ADJ-227,GNF-0010-ff390b39,triton-lang/triton,1121,https://github.com/triton-lang/triton/issues/1121,Value 'sm_89' is not defined for option 'gpu-name',,nan_inf,needs_review,overflow_underflow,overflow_underflow,4,3,ensemble_disagrees_with_current_gold|candidate_label_disagrees_with_current_gold,nan_inf,yes,high,"The visible numerical symptom is NaN, Inf, or another non-finite value."
V2-ADJ-228,GNF-0033-1f6d8975,triton-lang/triton,10176,https://github.com/triton-lang/triton/issues/10176,"When upcasting bf16 to fp32 inside the kernel, triton uses TF32 path despite I pass input_precision=""ieee""",bug,dtype_casting,precision_tolerance,precision_tolerance,dtype_casting,3,1,candidate_label_disagrees_with_current_gold|low_ensemble_vote_count|low_ensemble_margin|review_priority_class,dtype_casting,yes,high,"The report centers on dtype support, conversion, promotion, or type-specific behavior."
V2-ADJ-229,GNF-0167-13076e98,triton-lang/triton,8890,https://github.com/triton-lang/triton/issues/8890,Binary `max` slow by 2.11× on size 1024,needs reproducer,nan_inf,performance_only,dtype_casting,dtype_casting,4,3,ensemble_disagrees_with_current_gold|candidate_label_disagrees_with_current_gold,performance_only,no,high,"The dominant reported problem is speed, memory use, scheduling, or throughput rather than numerical correctness."
V2-ADJ-230,GNF-0183-0f27bf2e,triton-lang/triton,1535,https://github.com/triton-lang/triton/issues/1535,Fast Math Support,,not_numerical_failure,performance_only,not_numerical_failure,not_numerical_failure,2,0,candidate_label_disagrees_with_current_gold|low_ensemble_vote_count|low_ensemble_margin|review_priority_class,not_numerical_failure,no,high,The report is a support/API question without an explicit numerical failure.
V2-ADJ-231,GNF-0189-2fcb9ca4,cupy/cupy,6229,https://github.com/cupy/cupy/issues/6229,Support more interpolation methods in `cupy.percentile` and `cupy.quantile`,contribution welcome|good first issue,nan_inf,needs_review,nan_inf,nan_inf,2,0,candidate_label_disagrees_with_current_gold|low_ensemble_vote_count|low_ensemble_margin,nan_inf,yes,high,"The visible numerical symptom is NaN, Inf, or another non-finite value."
V2-ADJ-232,EGNF1000-0020-b0121c48,jax-ml/jax,34696,https://github.com/jax-ml/jax/issues/34696,Segmentation fault after upgrading to CUDA 13,bug,crash_compile,precision_tolerance,crash_compile,crash_compile,3,1,candidate_label_disagrees_with_current_gold|low_ensemble_vote_count|low_ensemble_margin,crash_compile,no,high,"The dominant user-visible failure is a compile, build, runtime exception, or crash."
V2-ADJ-233,EGNF1000-0283-5557fff7,jax-ml/jax,24909,https://github.com/jax-ml/jax/issues/24909,Results do not match the reference. This is likely a bug/unexpected loss of precision,bug,precision_tolerance,nan_inf,precision_tolerance,precision_tolerance,2,0,candidate_label_disagrees_with_current_gold|low_ensemble_vote_count|low_ensemble_margin,precision_tolerance,yes,high,"The report centers on wrong numerical output, accuracy, tolerance, nondeterminism, or approximate arithmetic."
V2-ADJ-234,EGNF1000-0431-6a7ff4c4,jax-ml/jax,24491,https://github.com/jax-ml/jax/issues/24491,Pallas Attention Kernel Wrong results when length of query != length of KV,bug,precision_tolerance,dtype_casting,precision_tolerance,precision_tolerance,3,1,candidate_label_disagrees_with_current_gold|low_ensemble_vote_count|low_ensemble_margin,precision_tolerance,yes,high,"The report centers on wrong numerical output, accuracy, tolerance, nondeterminism, or approximate arithmetic."
V2-ADJ-235,EGNF1000-0614-7bf48825,jax-ml/jax,32941,https://github.com/jax-ml/jax/issues/32941,Implicit dtype promotion for float8 and int4,enhancement,dtype_casting,dtype_casting,precision_tolerance,precision_tolerance,4,3,ensemble_disagrees_with_current_gold|review_priority_class,dtype_casting,yes,high,"The report centers on dtype support, conversion, promotion, or type-specific behavior."
V2-ADJ-236,EGNF1000-0617-9615e701,jax-ml/jax,36799,https://github.com/jax-ml/jax/issues/36799,lax.scan with float64 3×3 matrix carry is ~10× slower on CPU in JAX 0.4.33 vs 0.4.31 (float32 unaffected),bug,dtype_casting,dtype_casting,precision_tolerance,precision_tolerance,4,3,ensemble_disagrees_with_current_gold|review_priority_class,performance_only,no,high,"The dominant reported problem is speed, memory use, scheduling, or throughput rather than numerical correctness."
V2-ADJ-237,EGNF1000-0720-f1d1cab6,jax-ml/jax,26566,https://github.com/jax-ml/jax/issues/26566,Saturating arithmetic,enhancement|P3 (no schedule),overflow_underflow,overflow_underflow,precision_tolerance,precision_tolerance,4,3,ensemble_disagrees_with_current_gold|review_priority_class,not_numerical_failure,no,medium,The issue does not show an explicit numerical correctness failure.
V2-ADJ-238,EGNF1000-0866-28aa120e,jax-ml/jax,31626,https://github.com/jax-ml/jax/issues/31626,pmap broken on 8 x NVIDIA L40s?,bug|NVIDIA GPU,precision_tolerance,needs_review,performance_only,precision_tolerance,2,1,candidate_label_disagrees_with_current_gold|low_ensemble_vote_count|low_ensemble_margin,precision_tolerance,yes,high,"The report centers on wrong numerical output, accuracy, tolerance, nondeterminism, or approximate arithmetic."
V2-ADJ-239,EGNF1000-0886-20090900,jax-ml/jax,31257,https://github.com/jax-ml/jax/issues/31257,Simple missed compiler optimization?,,crash_compile,needs_review,not_numerical_failure,crash_compile,2,1,candidate_label_disagrees_with_current_gold|low_ensemble_vote_count|low_ensemble_margin,crash_compile,no,high,"The dominant user-visible failure is a compile, build, runtime exception, or crash."
V2-ADJ-240,GNF-0042-938c1ba1,jax-ml/jax,36766,https://github.com/jax-ml/jax/issues/36766,`jnp.searchsorted` fails with symbolic shapes on the sorted dimension during `jax.export`,bug,overflow_underflow,overflow_underflow,dtype_casting,dtype_casting,4,3,ensemble_disagrees_with_current_gold|review_priority_class,crash_compile,no,medium,"The dominant user-visible failure is a compile, build, runtime exception, or crash."
V2-ADJ-241,GNF-0115-bd414dfb,jax-ml/jax,26689,https://github.com/jax-ml/jax/issues/26689,Matrix multiply incorrect for large tensors,bug,precision_tolerance,needs_review,precision_tolerance,precision_tolerance,2,0,candidate_label_disagrees_with_current_gold|low_ensemble_vote_count|low_ensemble_margin,precision_tolerance,yes,high,"The report centers on wrong numerical output, accuracy, tolerance, nondeterminism, or approximate arithmetic."
V2-ADJ-242,EGNF1000-0285-86844761,numba/numba,9484,https://github.com/numba/numba/issues/9484,math.log2 should raise exception with invalid inputs,bug - incorrect behavior|bug - numerically incorrect|NumPy 2.0,precision_tolerance,crash_compile,overflow_underflow,precision_tolerance,2,1,candidate_label_disagrees_with_current_gold|low_ensemble_vote_count|low_ensemble_margin,crash_compile,no,high,"The dominant user-visible failure is a compile, build, runtime exception, or crash."
V2-ADJ-243,GNF-0121-d1cf86e9,numba/numba,5998,https://github.com/numba/numba/issues/5998,numba installation on nvidia Jetson,question|wheels|ISA: ARM|stale,precision_tolerance,needs_review,precision_tolerance,precision_tolerance,2,1,candidate_label_disagrees_with_current_gold|low_ensemble_vote_count|low_ensemble_margin,not_numerical_failure,no,high,The report is a support/API question without an explicit numerical failure.
V2-ADJ-244,EGNF1000-0463-19ac1dbc,pytorch/pytorch,152279,https://github.com/pytorch/pytorch/issues/152279,Make scaler.step() return if step was skipped or not,module: optimizer|triaged,overflow_underflow,overflow_underflow,nan_inf,nan_inf,4,3,ensemble_disagrees_with_current_gold|review_priority_class,overflow_underflow,yes,high,"The visible numerical symptom is overflow, underflow, saturation, or out-of-range behavior."
V2-ADJ-245,EGNF1000-0470-1c19119f,pytorch/pytorch,99640,https://github.com/pytorch/pytorch/issues/99640,Ban GradScaler scale from being less than 1,triaged|module: amp (automated mixed precision),overflow_underflow,overflow_underflow,precision_tolerance,precision_tolerance,4,3,ensemble_disagrees_with_current_gold|review_priority_class,overflow_underflow,yes,high,"The visible numerical symptom is overflow, underflow, saturation, or out-of-range behavior."
V2-ADJ-246,EGNF1000-0497-7dbd0a61,pytorch/pytorch,179352,https://github.com/pytorch/pytorch/issues/179352,MPS: scaled_dot_product_attention produces incorrect results for large batch × sequence length combinations,triaged|module: correctness (silent)|module: mps|module: sdpa|bot-triaged,overflow_underflow,overflow_underflow,precision_tolerance,precision_tolerance,4,3,ensemble_disagrees_with_current_gold|review_priority_class,precision_tolerance,yes,high,"The report centers on wrong numerical output, accuracy, tolerance, nondeterminism, or approximate arithmetic."
V2-ADJ-247,EGNF1000-0632-334f4700,pytorch/pytorch,180681,https://github.com/pytorch/pytorch/issues/180681,DISABLED test_run2run_determinism_model_name_GoogleFnet_training_or_inference_inference_precision_float32 (__main__.DeterministicTest),module: rocm|triaged|module: flaky-tests|skipped|oncall: pt2|module: inductor|bot-triaged,precision_tolerance,needs_review,precision_tolerance,precision_tolerance,2,0,candidate_label_disagrees_with_current_gold|low_ensemble_vote_count|low_ensemble_margin,dtype_casting,yes,medium,"The report centers on dtype support, conversion, promotion, or type-specific behavior."
V2-ADJ-248,EGNF1000-0683-58ed32db,pytorch/pytorch,180948,https://github.com/pytorch/pytorch/issues/180948,DISABLED test_emulate_precision_casts_preserves_explicit_precision_cast_float16 (__main__.CudaReproTests),module: tests|triaged|skipped|oncall: pt2|module: inductor|module: xpu|bot-triaged,precision_tolerance,needs_review,precision_tolerance,precision_tolerance,2,0,candidate_label_disagrees_with_current_gold|low_ensemble_vote_count|low_ensemble_margin,dtype_casting,yes,high,"The report centers on dtype support, conversion, promotion, or type-specific behavior."
V2-ADJ-249,EGNF1000-0816-8eed129a,pytorch/pytorch,153737,https://github.com/pytorch/pytorch/issues/153737,SystemError: PY_SSIZE_T_CLEAN macro must be defined for '#' formats - PyTorch compile fails with Python 3.12,triaged|oncall: pt2|module: inductor|upstream triton|module: python version,overflow_underflow,overflow_underflow,precision_tolerance,precision_tolerance,4,3,ensemble_disagrees_with_current_gold|review_priority_class,crash_compile,no,high,"The dominant user-visible failure is a compile, build, runtime exception, or crash."
V2-ADJ-250,EGNF1000-0892-40f0d8e8,pytorch/pytorch,18730,https://github.com/pytorch/pytorch/issues/18730,Numerical instability KL divergence RelaxedOneHotCategorical,module: numerical-stability|module: distributions|triaged,crash_compile,needs_review,crash_compile,crash_compile,2,0,candidate_label_disagrees_with_current_gold|low_ensemble_vote_count|low_ensemble_margin,precision_tolerance,yes,high,"The report centers on wrong numerical output, accuracy, tolerance, nondeterminism, or approximate arithmetic."
V2-ADJ-251,EGNF1000-0028-3ed20a82,rapidsai/cudf,16551,https://github.com/rapidsai/cudf/issues/16551,[BUG] Consider disabling managed memory in cudf.pandas on WSL2,bug,performance_only,performance_only,not_numerical_failure,not_numerical_failure,4,3,ensemble_disagrees_with_current_gold|review_priority_class,performance_only,no,high,"The dominant reported problem is speed, memory use, scheduling, or throughput rather than numerical correctness."
V2-ADJ-252,GNF-0184-5cb52bd8,rapidsai/cudf,16004,https://github.com/rapidsai/cudf/issues/16004,[QST] cudf and kvikio? (this is actually a question about implementing RDMA in another library),question,performance_only,performance_only,not_numerical_failure,not_numerical_failure,4,3,ensemble_disagrees_with_current_gold|review_priority_class,not_numerical_failure,no,high,The report is a support/API question without an explicit numerical failure.
V2-ADJ-253,EGNF1000-0220-e3c838e9,rapidsai/cuml,2819,https://github.com/rapidsai/cuml/issues/2819,[TASK] Increase parallelism or sparse normalization prims,inactive-90d,performance_only,performance_only,not_numerical_failure,not_numerical_failure,4,3,ensemble_disagrees_with_current_gold|review_priority_class,performance_only,no,high,"The dominant reported problem is speed, memory use, scheduling, or throughput rather than numerical correctness."
V2-ADJ-254,EGNF1000-0222-f04b13e7,rapidsai/cuml,7341,https://github.com/rapidsai/cuml/issues/7341,[BUG]DBSCAN inconsistent results / hangs multiple GPUS,bug,precision_tolerance,crash_compile,precision_tolerance,precision_tolerance,3,1,candidate_label_disagrees_with_current_gold|low_ensemble_vote_count|low_ensemble_margin,precision_tolerance,yes,high,"The report centers on wrong numerical output, accuracy, tolerance, nondeterminism, or approximate arithmetic."
V2-ADJ-255,EGNF1000-0242-0fabb4c9,rapidsai/cuml,6018,https://github.com/rapidsai/cuml/issues/6018,"[BUG] Wrong cuda version is derived, causing ""No module named 'pynvjitlink'""",bug|? - Needs Triage,precision_tolerance,crash_compile,precision_tolerance,precision_tolerance,3,1,candidate_label_disagrees_with_current_gold|low_ensemble_vote_count|low_ensemble_margin,precision_tolerance,yes,high,"The report centers on wrong numerical output, accuracy, tolerance, nondeterminism, or approximate arithmetic."
V2-ADJ-256,EGNF1000-0244-f9fda636,rapidsai/cuml,7294,https://github.com/rapidsai/cuml/issues/7294,[FEA] Implement `adjusted_mutual_info_score`,feature request|good first issue,performance_only,performance_only,not_numerical_failure,not_numerical_failure,4,3,ensemble_disagrees_with_current_gold|review_priority_class,not_numerical_failure,no,high,The report is primarily a feature or design request rather than a numerical failure.
V2-ADJ-257,EGNF1000-0271-e4672126,rapidsai/cuml,2358,https://github.com/rapidsai/cuml/issues/2358,[BUG] T-SNE freezing in benchmarks,bug,performance_only,performance_only,not_numerical_failure,not_numerical_failure,4,3,ensemble_disagrees_with_current_gold|review_priority_class,performance_only,no,high,"The dominant reported problem is speed, memory use, scheduling, or throughput rather than numerical correctness."
V2-ADJ-258,EGNF1000-0593-d7e7f5f7,rapidsai/cuml,4036,https://github.com/rapidsai/cuml/issues/4036,[BUG] Calling `fit_transform` method renames columns and resets indices for multi-column input,bug|? - Needs Triage|inactive-90d,precision_tolerance,dtype_casting,precision_tolerance,precision_tolerance,3,1,candidate_label_disagrees_with_current_gold|low_ensemble_vote_count|low_ensemble_margin,precision_tolerance,yes,high,"The report centers on wrong numerical output, accuracy, tolerance, nondeterminism, or approximate arithmetic."
V2-ADJ-259,EGNF1000-0651-2c5e1d93,rapidsai/cuml,5749,https://github.com/rapidsai/cuml/issues/5749,"[DOC] On the first execution of certain cuml features, a [jitify] File Not Found error is returned",? - Needs Triage|doc,overflow_underflow,overflow_underflow,precision_tolerance,precision_tolerance,4,3,ensemble_disagrees_with_current_gold|review_priority_class,not_numerical_failure,no,high,The report is primarily documentation-related rather than a numerical failure.
V2-ADJ-260,EGNF1000-0767-eaded92c,rapidsai/cuml,1184,https://github.com/rapidsai/cuml/issues/1184,[FEA] IntType template parameter for SVM,feature request|? - Needs Triage,overflow_underflow,overflow_underflow,precision_tolerance,precision_tolerance,4,3,ensemble_disagrees_with_current_gold|review_priority_class,not_numerical_failure,no,high,The report is primarily a feature or design request rather than a numerical failure.
V2-ADJ-261,EGNF1000-0873-a6bc9fba,rapidsai/cuml,6910,https://github.com/rapidsai/cuml/issues/6910,[BUG] CUDA_ERROR_ILLEGAL_ADDRESS issue with cuML UMAP,bug|algo: umap|algo: spectral-embedding,precision_tolerance,needs_review,precision_tolerance,precision_tolerance,2,0,candidate_label_disagrees_with_current_gold|low_ensemble_vote_count|low_ensemble_margin,crash_compile,no,high,"The dominant user-visible failure is a compile, build, runtime exception, or crash."
V2-ADJ-262,EGNF1000-0293-de461d22,triton-lang/triton,2352,https://github.com/triton-lang/triton/issues/2352,Inconsistent results between torch and triton for fp16 dtype,,precision_tolerance,nan_inf,precision_tolerance,precision_tolerance,3,1,candidate_label_disagrees_with_current_gold|low_ensemble_vote_count|low_ensemble_margin,dtype_casting,yes,high,"The report centers on dtype support, conversion, promotion, or type-specific behavior."
V2-ADJ-263,EGNF1000-0529-e4e463bb,triton-lang/triton,10141,https://github.com/triton-lang/triton/issues/10141,"[jit] missing fallback mechanism for `tl.dot`, resulting in different semantics from the INTERPERTER",enhancement|interpreter,precision_tolerance,dtype_casting,precision_tolerance,precision_tolerance,3,1,candidate_label_disagrees_with_current_gold|low_ensemble_vote_count|low_ensemble_margin,not_numerical_failure,no,medium,The issue does not show an explicit numerical correctness failure.
V2-ADJ-264,EGNF1000-0531-fe93686b,triton-lang/triton,2028,https://github.com/triton-lang/triton/issues/2028,Boardcast after elementwise mul,,precision_tolerance,dtype_casting,precision_tolerance,precision_tolerance,3,1,candidate_label_disagrees_with_current_gold|low_ensemble_vote_count|low_ensemble_margin,dtype_casting,yes,high,"The report centers on dtype support, conversion, promotion, or type-specific behavior."
V2-ADJ-265,EGNF1000-0938-5b514bed,triton-lang/triton,9719,https://github.com/triton-lang/triton/issues/9719,Host TensorDescriptor vs. device tensor descriptor creation not producing similar outputs,bug|needs reproducer,crash_compile,precision_tolerance,not_numerical_failure,crash_compile,2,1,candidate_label_disagrees_with_current_gold|low_ensemble_vote_count|low_ensemble_margin,crash_compile,no,high,"The dominant user-visible failure is a compile, build, runtime exception, or crash."
V2-ADJ-266,GNF-0056-d1d1b50f,triton-lang/triton,6748,https://github.com/triton-lang/triton/issues/6748,pointer should use int64 as its latent operating data type by default to avoid overflow,bug,overflow_underflow,overflow_underflow,dtype_casting,dtype_casting,4,3,ensemble_disagrees_with_current_gold|review_priority_class,overflow_underflow,yes,high,"The visible numerical symptom is overflow, underflow, saturation, or out-of-range behavior."
V2-ADJ-267,GNF-0179-0d2d153d,triton-lang/triton,8591,https://github.com/triton-lang/triton/issues/8591,Proton buffer copyout is slower than it needs to be,performance|proton,performance_only,performance_only,nan_inf,nan_inf,4,3,ensemble_disagrees_with_current_gold|review_priority_class,performance_only,no,high,"The dominant reported problem is speed, memory use, scheduling, or throughput rather than numerical correctness."
V2-ADJ-268,GNF-0083-c671b943,cupy/cupy,2066,https://github.com/cupy/cupy/issues/2066,Should introduce NumPy fallback mode,contribution welcome|cat:feature|prio:high|pr-ongoing,overflow_underflow,performance_only,overflow_underflow,overflow_underflow,3,2,candidate_label_disagrees_with_current_gold|low_ensemble_vote_count|review_priority_class,overflow_underflow,yes,high,"The visible numerical symptom is overflow, underflow, saturation, or out-of-range behavior."
V2-ADJ-269,EGNF1000-0385-49bb4798,jax-ml/jax,35896,https://github.com/jax-ml/jax/issues/35896,sharded x64 arange gives wrong results,bug,overflow_underflow,overflow_underflow,overflow_underflow,overflow_underflow,2,0,low_ensemble_vote_count|low_ensemble_margin|review_priority_class,precision_tolerance,yes,high,"The report centers on wrong numerical output, accuracy, tolerance, nondeterminism, or approximate arithmetic."
V2-ADJ-270,EGNF1000-0536-6775b044,jax-ml/jax,14679,https://github.com/jax-ml/jax/issues/14679,np.linalg.norm should use numerically stable p-norms.,enhancement,nan_inf,nan_inf,precision_tolerance,precision_tolerance,4,3,ensemble_disagrees_with_current_gold,precision_tolerance,yes,high,"The report centers on wrong numerical output, accuracy, tolerance, nondeterminism, or approximate arithmetic."
V2-ADJ-271,EGNF1000-0542-3e5a507f,jax-ml/jax,23919,https://github.com/jax-ml/jax/issues/23919,Add a fused multiply-add function,enhancement,nan_inf,nan_inf,precision_tolerance,precision_tolerance,4,3,ensemble_disagrees_with_current_gold,not_numerical_failure,no,medium,The issue does not show an explicit numerical correctness failure.
V2-ADJ-272,EGNF1000-0548-67af3390,jax-ml/jax,31426,https://github.com/jax-ml/jax/issues/31426,Edit lax.convert_element_type to emit deprecation warning on overflow,enhancement,overflow_underflow,overflow_underflow,overflow_underflow,overflow_underflow,2,0,low_ensemble_vote_count|low_ensemble_margin|review_priority_class,overflow_underflow,yes,high,"The visible numerical symptom is overflow, underflow, saturation, or out-of-range behavior."
V2-ADJ-273,EGNF1000-0799-6769b448,jax-ml/jax,11478,https://github.com/jax-ml/jax/issues/11478,Bogus gradient value from value_and_grad for committed DeviceArray on a multi-GPU host,bug|needs info|NVIDIA GPU,not_numerical_failure,needs_review,not_numerical_failure,not_numerical_failure,3,2,candidate_label_disagrees_with_current_gold|low_ensemble_vote_count|review_priority_class,precision_tolerance,yes,high,"The report centers on wrong numerical output, accuracy, tolerance, nondeterminism, or approximate arithmetic."
V2-ADJ-274,EGNF1000-0262-2a597689,numba/numba,5706,https://github.com/numba/numba/issues/5706,Please add support for Metal as GPU accelerator,feature_request,performance_only,needs_review,performance_only,performance_only,3,2,candidate_label_disagrees_with_current_gold|low_ensemble_vote_count|review_priority_class,not_numerical_failure,no,high,The report is primarily a feature or design request rather than a numerical failure.
V2-ADJ-275,EGNF1000-0322-68f1c2f4,numba/numba,5696,https://github.com/numba/numba/issues/5696,Too slow jit compilation of a function,bug|duplicate,performance_only,crash_compile,performance_only,performance_only,3,2,candidate_label_disagrees_with_current_gold|low_ensemble_vote_count|review_priority_class,performance_only,no,high,"The dominant reported problem is speed, memory use, scheduling, or throughput rather than numerical correctness."
V2-ADJ-276,EGNF1000-0674-22eb7bb2,numba/numba,9628,https://github.com/numba/numba/issues/9628,lack of overflow check and incorrect type init when using jitclass,bug - incorrect behavior|bug - typing,overflow_underflow,overflow_underflow,precision_tolerance,overflow_underflow,3,1,low_ensemble_vote_count|low_ensemble_margin|review_priority_class,overflow_underflow,yes,high,"The visible numerical symptom is overflow, underflow, saturation, or out-of-range behavior."
V2-ADJ-277,GNF-0043-75ac4cd1,numba/numba,10325,https://github.com/numba/numba/issues/10325,test failures related to tolerance (corruption / refcounting),needtriage|stale,nan_inf,nan_inf,dtype_casting,dtype_casting,4,3,ensemble_disagrees_with_current_gold,precision_tolerance,yes,high,"The report centers on wrong numerical output, accuracy, tolerance, nondeterminism, or approximate arithmetic."
V2-ADJ-278,EGNF1000-0108-d1ce6d4d,pytorch/pytorch,151541,https://github.com/pytorch/pytorch/issues/151541,DISABLED test_remove_noop_view_dtype_cuda (__main__.GPUTests),triaged|module: flaky-tests|skipped|module: fx|rocm-skipped-tests,performance_only,performance_only,performance_only,performance_only,3,1,low_ensemble_vote_count|low_ensemble_margin|review_priority_class,dtype_casting,yes,high,"The report centers on dtype support, conversion, promotion, or type-specific behavior."
V2-ADJ-279,EGNF1000-0229-40672469,pytorch/pytorch,162464,https://github.com/pytorch/pytorch/issues/162464,DISABLED test_return_aux_deprecation_warnings_cuda_float16 (__main__.TestFlexAttentionCUDA),triaged|module: flaky-tests|skipped|oncall: pt2|module: inductor|module: flex attention|rocm-skipped-tests,performance_only,performance_only,performance_only,performance_only,3,1,low_ensemble_vote_count|low_ensemble_margin|review_priority_class,dtype_casting,yes,medium,"The report centers on dtype support, conversion, promotion, or type-specific behavior."
V2-ADJ-280,EGNF1000-0329-a819a3c4,pytorch/pytorch,141265,https://github.com/pytorch/pytorch/issues/141265,rope perf improvement,triaged|oncall: pt2|module: inductor,not_numerical_failure,needs_review,not_numerical_failure,not_numerical_failure,3,2,candidate_label_disagrees_with_current_gold|low_ensemble_vote_count|review_priority_class,not_numerical_failure,no,high,The issue does not show an explicit numerical correctness failure.
V2-ADJ-281,EGNF1000-0336-b7b5db56,pytorch/pytorch,169857,https://github.com/pytorch/pytorch/issues/169857,"[ROCm] MIOpen 3D convolution kernel fails with ""invalid configuration argument"" for Qwen2.5-VL vision encoder - silent fallback causes severe performance regression",module: rocm|triaged,performance_only,overflow_underflow,performance_only,performance_only,3,2,candidate_label_disagrees_with_current_gold|low_ensemble_vote_count|review_priority_class,performance_only,no,high,"The dominant reported problem is speed, memory use, scheduling, or throughput rather than numerical correctness."
V2-ADJ-282,EGNF1000-0342-9bffee42,pytorch/pytorch,180957,https://github.com/pytorch/pytorch/issues/180957,Missing CSE in TorchInductor,module: performance|triaged|enhancement|oncall: pt2|module: inductor|bot-triaged,performance_only,nan_inf,performance_only,performance_only,3,2,candidate_label_disagrees_with_current_gold|low_ensemble_vote_count|review_priority_class,performance_only,no,high,"The dominant reported problem is speed, memory use, scheduling, or throughput rather than numerical correctness."
V2-ADJ-283,EGNF1000-0397-cd5e50b1,pytorch/pytorch,183901,https://github.com/pytorch/pytorch/issues/183901,torch.compile produces int32-overflowed results for int64 arange multiplication on CUDA,triage review|module: cuda|module: correctness (silent)|module: int overflow|oncall: pt2|module: inductor|bot-triaged,overflow_underflow,overflow_underflow,overflow_underflow,overflow_underflow,3,1,low_ensemble_vote_count|low_ensemble_margin|review_priority_class,overflow_underflow,yes,high,"The visible numerical symptom is overflow, underflow, saturation, or out-of-range behavior."
V2-ADJ-284,EGNF1000-0424-35b87e7e,pytorch/pytorch,94333,https://github.com/pytorch/pytorch/issues/94333,cpu log1p for bfloat16 gives wrong result.,module: cpu|triaged|module: bfloat16,nan_inf,nan_inf,precision_tolerance,precision_tolerance,4,3,ensemble_disagrees_with_current_gold,dtype_casting,yes,medium,"The report centers on dtype support, conversion, promotion, or type-specific behavior."
V2-ADJ-285,EGNF1000-0493-80459b2f,pytorch/pytorch,176091,https://github.com/pytorch/pytorch/issues/176091,Windows CPU: SDPA FlashAttention gives wrong results with multiple intra-op threads (mixed OpenMP runtimes),module: windows|module: cpu|triaged|module: openmp|module: correctness (silent)|module: sdpa|bot-triaged|bot-mislabeled,nan_inf,nan_inf,precision_tolerance,precision_tolerance,4,3,ensemble_disagrees_with_current_gold,precision_tolerance,yes,high,"The report centers on wrong numerical output, accuracy, tolerance, nondeterminism, or approximate arithmetic."
V2-ADJ-286,EGNF1000-0522-71a2c17a,pytorch/pytorch,175833,https://github.com/pytorch/pytorch/issues/175833,Duplicate SDPA Input Constraints,module: performance|triaged|oncall: pt2|module: inductor|module: sdpa|bot-triaged,performance_only,dtype_casting,performance_only,performance_only,3,2,candidate_label_disagrees_with_current_gold|low_ensemble_vote_count|review_priority_class,performance_only,no,high,"The dominant reported problem is speed, memory use, scheduling, or throughput rather than numerical correctness."
V2-ADJ-287,EGNF1000-0561-1ca3704a,pytorch/pytorch,120905,https://github.com/pytorch/pytorch/issues/120905,F.conv2d double precision error,needs reproduction|module: nn|module: convolution|triaged,nan_inf,nan_inf,precision_tolerance,precision_tolerance,4,3,ensemble_disagrees_with_current_gold,crash_compile,no,high,"The dominant user-visible failure is a compile, build, runtime exception, or crash."
V2-ADJ-288,EGNF1000-0563-837b6a88,pytorch/pytorch,122021,https://github.com/pytorch/pytorch/issues/122021,Wishart: problems with singular samples.,module: distributions|triaged,not_numerical_failure,overflow_underflow,not_numerical_failure,not_numerical_failure,3,2,candidate_label_disagrees_with_current_gold|low_ensemble_vote_count|review_priority_class,not_numerical_failure,no,high,The issue does not show an explicit numerical correctness failure.
V2-ADJ-289,EGNF1000-0572-ceefe3be,pytorch/pytorch,35666,https://github.com/pytorch/pytorch/issues/35666,[discussion] Generic solutions for too-small-epsilon in FP16 training,module: docs|module: autograd|triaged|enhancement|module: half,nan_inf,nan_inf,precision_tolerance,precision_tolerance,4,3,ensemble_disagrees_with_current_gold,not_numerical_failure,no,high,The report is primarily documentation-related rather than a numerical failure.
V2-ADJ-290,EGNF1000-0635-1784c420,pytorch/pytorch,183812,https://github.com/pytorch/pytorch/issues/183812,`torch.scatter_reduce` CPU performance regression (~15–58×) introduced in 2.13.0.,triage review|module: performance|module: cpu|module: regression|module: scatter & gather ops|bot-triaged,performance_only,dtype_casting,performance_only,performance_only,3,2,candidate_label_disagrees_with_current_gold|low_ensemble_vote_count|review_priority_class,performance_only,no,high,"The dominant reported problem is speed, memory use, scheduling, or throughput rather than numerical correctness."
V2-ADJ-291,EGNF1000-0809-8c029072,pytorch/pytorch,104698,https://github.com/pytorch/pytorch/issues/104698,Incorrect Error Message Ordering for nn.AdaptiveAvgPool2d with Incorrect output_size,module: nn|triaged,not_numerical_failure,needs_review,not_numerical_failure,not_numerical_failure,3,2,candidate_label_disagrees_with_current_gold|low_ensemble_vote_count|review_priority_class,precision_tolerance,yes,high,"The report centers on wrong numerical output, accuracy, tolerance, nondeterminism, or approximate arithmetic."
V2-ADJ-292,EGNF1000-0818-189467a4,pytorch/pytorch,154947,https://github.com/pytorch/pytorch/issues/154947,[Inductor] why `TORCHINDUCTOR_MAX_AUTOTUNE_GEMM_BACKENDS=TRITON` does NOT work?,triaged|oncall: pt2|module: inductor,not_numerical_failure,overflow_underflow,not_numerical_failure,not_numerical_failure,3,2,candidate_label_disagrees_with_current_gold|low_ensemble_vote_count|review_priority_class,not_numerical_failure,no,high,The issue does not show an explicit numerical correctness failure.
V2-ADJ-293,EGNF1000-0831-e007e021,pytorch/pytorch,175058,https://github.com/pytorch/pytorch/issues/175058,torch.compile VRAM usage regression between 2.9.1 and 2.10.0,high priority|needs reproduction|module: memory usage|triaged|oncall: pt2,performance_only,overflow_underflow,performance_only,performance_only,3,2,candidate_label_disagrees_with_current_gold|low_ensemble_vote_count|review_priority_class,crash_compile,no,high,"The dominant user-visible failure is a compile, build, runtime exception, or crash."
V2-ADJ-294,GNF-0030-a4314978,pytorch/pytorch,181146,https://github.com/pytorch/pytorch/issues/181146,torch.compile: autograd.Function.apply with aliased inputs drops per-slot gradient contributions,high priority|triaged|module: correctness (silent)|oncall: pt2|module: dynamo|module: higher order operators|module: pt2-dispatcher|dynamo-autograd-function|pt2: ubn|bot-triaged,nan_inf,nan_inf,precision_tolerance,precision_tolerance,4,3,ensemble_disagrees_with_current_gold,precision_tolerance,yes,high,"The report centers on wrong numerical output, accuracy, tolerance, nondeterminism, or approximate arithmetic."
V2-ADJ-295,EGNF1000-0095-ca4951e3,rapidsai/cudf,15224,https://github.com/rapidsai/cudf/issues/15224,[FEA] Parquet reader should use LogicalType rather than ConvertedType,feature request|libcudf|cuIO,precision_tolerance,precision_tolerance,not_numerical_failure,not_numerical_failure,4,3,ensemble_disagrees_with_current_gold,not_numerical_failure,no,high,The report is primarily a feature or design request rather than a numerical failure.
V2-ADJ-296,GNF-0037-7af727c1,rapidsai/cudf,16578,https://github.com/rapidsai/cudf/issues/16578,[BUG] compute-sanitizer failure on `gtests/PARQUET_TEST` preventing its use in code reading parquet files,bug,not_numerical_failure,overflow_underflow,not_numerical_failure,not_numerical_failure,3,2,candidate_label_disagrees_with_current_gold|low_ensemble_vote_count|review_priority_class,crash_compile,no,high,"The dominant user-visible failure is a compile, build, runtime exception, or crash."
V2-ADJ-297,GNF-0076-60dcd2da,rapidsai/cudf,3797,https://github.com/rapidsai/cudf/issues/3797,[BUG] Python avro unit test sporadically segfaults,bug|cuIO,not_numerical_failure,crash_compile,not_numerical_failure,not_numerical_failure,3,2,candidate_label_disagrees_with_current_gold|low_ensemble_vote_count|review_priority_class,crash_compile,no,medium,"The dominant user-visible failure is a compile, build, runtime exception, or crash."
V2-ADJ-298,GNF-0129-c9f64c60,rapidsai/cudf,10591,https://github.com/rapidsai/cudf/issues/10591,[BUG] Passing a list to `StringMethods.strip` puts cuDF into a broken state,bug|Python,nan_inf,nan_inf,dtype_casting,dtype_casting,4,3,ensemble_disagrees_with_current_gold,nan_inf,yes,high,"The visible numerical symptom is NaN, Inf, or another non-finite value."
V2-ADJ-299,EGNF1000-0379-29f5d7c5,rapidsai/cuml,7236,https://github.com/rapidsai/cuml/issues/7236,[CI] test_kernel_density fails with numerical overflow due to mismatch in `score_samples` dtype,bug|ci,overflow_underflow,nan_inf,overflow_underflow,overflow_underflow,3,2,candidate_label_disagrees_with_current_gold|low_ensemble_vote_count|review_priority_class,overflow_underflow,yes,high,"The visible numerical symptom is overflow, underflow, saturation, or out-of-range behavior."
V2-ADJ-300,EGNF1000-0646-9d6d3d7b,rapidsai/cuml,3816,https://github.com/rapidsai/cuml/issues/3816,[BUG] TSNE computation stuck at gradient updates,bug|? - Needs Triage,nan_inf,nan_inf,precision_tolerance,precision_tolerance,4,3,ensemble_disagrees_with_current_gold,precision_tolerance,yes,high,"The report centers on wrong numerical output, accuracy, tolerance, nondeterminism, or approximate arithmetic."
